Reporting Area,Current MMWR Year,MMWR WEEK,Label,Current week,"Current week, flag"
US RESIDENTS,2022,1,"Dengue virus infections, Dengue",,-
NEW ENGLAND,2022,1,"Dengue virus infections, Dengue",,-
CONNECTICUT,2022,1,"Dengue virus infections, Dengue",,-
MAINE,2022,1,"Dengue virus infections, Dengue",,-
MASSACHUSETTS,2022,1,"Dengue virus infections, Dengue",,-
NEW HAMPSHIRE,2022,1,"Dengue virus infections, Dengue",,-
RHODE ISLAND,2022,1,"Dengue virus infections, Dengue",,-
VERMONT,2022,1,"Dengue virus infections, Dengue",,-
MIDDLE ATLANTIC,2022,1,"Dengue virus infections, Dengue",,-
NEW JERSEY,2022,1,"Dengue virus infections, Dengue",,-
NEW YORK,2022,1,"Dengue virus infections, Dengue",,-
NEW YORK CITY,2022,1,"Dengue virus infections, Dengue",,-
PENNSYLVANIA,2022,1,"Dengue virus infections, Dengue",,-
EAST NORTH CENTRAL,2022,1,"Dengue virus infections, Dengue",,-
ILLINOIS,2022,1,"Dengue virus infections, Dengue",,-
INDIANA,2022,1,"Dengue virus infections, Dengue",,-
MICHIGAN,2022,1,"Dengue virus infections, Dengue",,-
OHIO,2022,1,"Dengue virus infections, Dengue",,-
WISCONSIN,2022,1,"Dengue virus infections, Dengue",,-
WEST NORTH CENTRAL,2022,1,"Dengue virus infections, Dengue",,-
IOWA,2022,1,"Dengue virus infections, Dengue",,-
KANSAS,2022,1,"Dengue virus infections, Dengue",,-
MINNESOTA,2022,1,"Dengue virus infections, Dengue",,-
MISSOURI,2022,1,"Dengue virus infections, Dengue",,-
NEBRASKA,2022,1,"Dengue virus infections, Dengue",,-
NORTH DAKOTA,2022,1,"Dengue virus infections, Dengue",,-
SOUTH DAKOTA,2022,1,"Dengue virus infections, Dengue",,-
SOUTH ATLANTIC,2022,1,"Dengue virus infections, Dengue",,-
DELAWARE,2022,1,"Dengue virus infections, Dengue",,-
DISTRICT OF COLUMBIA,2022,1,"Dengue virus infections, Dengue",,-
FLORIDA,2022,1,"Dengue virus infections, Dengue",,-
GEORGIA,2022,1,"Dengue virus infections, Dengue",,-
MARYLAND,2022,1,"Dengue virus infections, Dengue",,-
NORTH CAROLINA,2022,1,"Dengue virus infections, Dengue",,-
SOUTH CAROLINA,2022,1,"Dengue virus infections, Dengue",,-
VIRGINIA,2022,1,"Dengue virus infections, Dengue",,-
WEST VIRGINIA,2022,1,"Dengue virus infections, Dengue",,-
EAST SOUTH CENTRAL,2022,1,"Dengue virus infections, Dengue",,-
ALABAMA,2022,1,"Dengue virus infections, Dengue",,-
KENTUCKY,2022,1,"Dengue virus infections, Dengue",,-
MISSISSIPPI,2022,1,"Dengue virus infections, Dengue",,-
TENNESSEE,2022,1,"Dengue virus infections, Dengue",,-
WEST SOUTH CENTRAL,2022,1,"Dengue virus infections, Dengue",,-
ARKANSAS,2022,1,"Dengue virus infections, Dengue",,-
LOUISIANA,2022,1,"Dengue virus infections, Dengue",,-
OKLAHOMA,2022,1,"Dengue virus infections, Dengue",,-
TEXAS,2022,1,"Dengue virus infections, Dengue",,-
MOUNTAIN,2022,1,"Dengue virus infections, Dengue",,-
ARIZONA,2022,1,"Dengue virus infections, Dengue",,-
COLORADO,2022,1,"Dengue virus infections, Dengue",,-
IDAHO,2022,1,"Dengue virus infections, Dengue",,-
MONTANA,2022,1,"Dengue virus infections, Dengue",,-
NEVADA,2022,1,"Dengue virus infections, Dengue",,-
NEW MEXICO,2022,1,"Dengue virus infections, Dengue",,-
UTAH,2022,1,"Dengue virus infections, Dengue",,-
WYOMING,2022,1,"Dengue virus infections, Dengue",,-
PACIFIC,2022,1,"Dengue virus infections, Dengue",,-
ALASKA,2022,1,"Dengue virus infections, Dengue",,-
CALIFORNIA,2022,1,"Dengue virus infections, Dengue",,-
HAWAII,2022,1,"Dengue virus infections, Dengue",,-
OREGON,2022,1,"Dengue virus infections, Dengue",,-
WASHINGTON,2022,1,"Dengue virus infections, Dengue",,-
US TERRITORIES,2022,1,"Dengue virus infections, Dengue",,-
AMERICAN SAMOA,2022,1,"Dengue virus infections, Dengue",,-
NORTHERN MARIANA ISLANDS,2022,1,"Dengue virus infections, Dengue",,-
GUAM,2022,1,"Dengue virus infections, Dengue",,-
PUERTO RICO,2022,1,"Dengue virus infections, Dengue",,-
U.S. VIRGIN ISLANDS,2022,1,"Dengue virus infections, Dengue",,-
NON-US RESIDENTS,2022,1,"Dengue virus infections, Dengue",,-
TOTAL,2022,1,"Dengue virus infections, Dengue",,-
US RESIDENTS,2022,2,"Dengue virus infections, Dengue",2,-
NEW ENGLAND,2022,2,"Dengue virus infections, Dengue",,-
CONNECTICUT,2022,2,"Dengue virus infections, Dengue",,-
MAINE,2022,2,"Dengue virus infections, Dengue",,-
MASSACHUSETTS,2022,2,"Dengue virus infections, Dengue",,-
NEW HAMPSHIRE,2022,2,"Dengue virus infections, Dengue",,-
RHODE ISLAND,2022,2,"Dengue virus infections, Dengue",,-
VERMONT,2022,2,"Dengue virus infections, Dengue",,-
MIDDLE ATLANTIC,2022,2,"Dengue virus infections, Dengue",,-
NEW JERSEY,2022,2,"Dengue virus infections, Dengue",,-
NEW YORK,2022,2,"Dengue virus infections, Dengue",,-
NEW YORK CITY,2022,2,"Dengue virus infections, Dengue",,-
PENNSYLVANIA,2022,2,"Dengue virus infections, Dengue",,-
EAST NORTH CENTRAL,2022,2,"Dengue virus infections, Dengue",,-
ILLINOIS,2022,2,"Dengue virus infections, Dengue",,-
INDIANA,2022,2,"Dengue virus infections, Dengue",,-
MICHIGAN,2022,2,"Dengue virus infections, Dengue",,-
OHIO,2022,2,"Dengue virus infections, Dengue",,-
WISCONSIN,2022,2,"Dengue virus infections, Dengue",,-
WEST NORTH CENTRAL,2022,2,"Dengue virus infections, Dengue",,-
IOWA,2022,2,"Dengue virus infections, Dengue",,-
KANSAS,2022,2,"Dengue virus infections, Dengue",,-
MINNESOTA,2022,2,"Dengue virus infections, Dengue",,-
MISSOURI,2022,2,"Dengue virus infections, Dengue",,-
NEBRASKA,2022,2,"Dengue virus infections, Dengue",,-
NORTH DAKOTA,2022,2,"Dengue virus infections, Dengue",,-
SOUTH DAKOTA,2022,2,"Dengue virus infections, Dengue",,-
SOUTH ATLANTIC,2022,2,"Dengue virus infections, Dengue",2,-
DELAWARE,2022,2,"Dengue virus infections, Dengue",,-
DISTRICT OF COLUMBIA,2022,2,"Dengue virus infections, Dengue",,-
FLORIDA,2022,2,"Dengue virus infections, Dengue",2,-
GEORGIA,2022,2,"Dengue virus infections, Dengue",,-
MARYLAND,2022,2,"Dengue virus infections, Dengue",,-
NORTH CAROLINA,2022,2,"Dengue virus infections, Dengue",,-
SOUTH CAROLINA,2022,2,"Dengue virus infections, Dengue",,-
VIRGINIA,2022,2,"Dengue virus infections, Dengue",,-
WEST VIRGINIA,2022,2,"Dengue virus infections, Dengue",,-
EAST SOUTH CENTRAL,2022,2,"Dengue virus infections, Dengue",,-
ALABAMA,2022,2,"Dengue virus infections, Dengue",,-
KENTUCKY,2022,2,"Dengue virus infections, Dengue",,-
MISSISSIPPI,2022,2,"Dengue virus infections, Dengue",,-
TENNESSEE,2022,2,"Dengue virus infections, Dengue",,-
WEST SOUTH CENTRAL,2022,2,"Dengue virus infections, Dengue",,-
ARKANSAS,2022,2,"Dengue virus infections, Dengue",,-
LOUISIANA,2022,2,"Dengue virus infections, Dengue",,-
OKLAHOMA,2022,2,"Dengue virus infections, Dengue",,-
TEXAS,2022,2,"Dengue virus infections, Dengue",,-
MOUNTAIN,2022,2,"Dengue virus infections, Dengue",,-
ARIZONA,2022,2,"Dengue virus infections, Dengue",,-
COLORADO,2022,2,"Dengue virus infections, Dengue",,-
IDAHO,2022,2,"Dengue virus infections, Dengue",,-
MONTANA,2022,2,"Dengue virus infections, Dengue",,-
NEVADA,2022,2,"Dengue virus infections, Dengue",,-
NEW MEXICO,2022,2,"Dengue virus infections, Dengue",,-
UTAH,2022,2,"Dengue virus infections, Dengue",,-
WYOMING,2022,2,"Dengue virus infections, Dengue",,-
PACIFIC,2022,2,"Dengue virus infections, Dengue",,-
ALASKA,2022,2,"Dengue virus infections, Dengue",,-
CALIFORNIA,2022,2,"Dengue virus infections, Dengue",,-
HAWAII,2022,2,"Dengue virus infections, Dengue",,-
OREGON,2022,2,"Dengue virus infections, Dengue",,-
WASHINGTON,2022,2,"Dengue virus infections, Dengue",,-
US TERRITORIES,2022,2,"Dengue virus infections, Dengue",,-
AMERICAN SAMOA,2022,2,"Dengue virus infections, Dengue",,-
NORTHERN MARIANA ISLANDS,2022,2,"Dengue virus infections, Dengue",,-
GUAM,2022,2,"Dengue virus infections, Dengue",,-
PUERTO RICO,2022,2,"Dengue virus infections, Dengue",,-
U.S. VIRGIN ISLANDS,2022,2,"Dengue virus infections, Dengue",,-
NON-US RESIDENTS,2022,2,"Dengue virus infections, Dengue",,-
TOTAL,2022,2,"Dengue virus infections, Dengue",2,-
US RESIDENTS,2022,3,"Dengue virus infections, Dengue",,-
NEW ENGLAND,2022,3,"Dengue virus infections, Dengue",,-
CONNECTICUT,2022,3,"Dengue virus infections, Dengue",,-
MAINE,2022,3,"Dengue virus infections, Dengue",,-
MASSACHUSETTS,2022,3,"Dengue virus infections, Dengue",,-
NEW HAMPSHIRE,2022,3,"Dengue virus infections, Dengue",,-
RHODE ISLAND,2022,3,"Dengue virus infections, Dengue",,-
VERMONT,2022,3,"Dengue virus infections, Dengue",,-
MIDDLE ATLANTIC,2022,3,"Dengue virus infections, Dengue",,-
NEW JERSEY,2022,3,"Dengue virus infections, Dengue",,-
NEW YORK,2022,3,"Dengue virus infections, Dengue",,-
NEW YORK CITY,2022,3,"Dengue virus infections, Dengue",,-
PENNSYLVANIA,2022,3,"Dengue virus infections, Dengue",,-
EAST NORTH CENTRAL,2022,3,"Dengue virus infections, Dengue",,-
ILLINOIS,2022,3,"Dengue virus infections, Dengue",,-
INDIANA,2022,3,"Dengue virus infections, Dengue",,-
MICHIGAN,2022,3,"Dengue virus infections, Dengue",,-
OHIO,2022,3,"Dengue virus infections, Dengue",,-
WISCONSIN,2022,3,"Dengue virus infections, Dengue",,-
WEST NORTH CENTRAL,2022,3,"Dengue virus infections, Dengue",,-
IOWA,2022,3,"Dengue virus infections, Dengue",,-
KANSAS,2022,3,"Dengue virus infections, Dengue",,-
MINNESOTA,2022,3,"Dengue virus infections, Dengue",,-
MISSOURI,2022,3,"Dengue virus infections, Dengue",,-
NEBRASKA,2022,3,"Dengue virus infections, Dengue",,-
NORTH DAKOTA,2022,3,"Dengue virus infections, Dengue",,-
SOUTH DAKOTA,2022,3,"Dengue virus infections, Dengue",,-
SOUTH ATLANTIC,2022,3,"Dengue virus infections, Dengue",,-
DELAWARE,2022,3,"Dengue virus infections, Dengue",,-
DISTRICT OF COLUMBIA,2022,3,"Dengue virus infections, Dengue",,-
FLORIDA,2022,3,"Dengue virus infections, Dengue",,-
GEORGIA,2022,3,"Dengue virus infections, Dengue",,-
MARYLAND,2022,3,"Dengue virus infections, Dengue",,-
NORTH CAROLINA,2022,3,"Dengue virus infections, Dengue",,-
SOUTH CAROLINA,2022,3,"Dengue virus infections, Dengue",,-
VIRGINIA,2022,3,"Dengue virus infections, Dengue",,-
WEST VIRGINIA,2022,3,"Dengue virus infections, Dengue",,-
EAST SOUTH CENTRAL,2022,3,"Dengue virus infections, Dengue",,-
ALABAMA,2022,3,"Dengue virus infections, Dengue",,-
KENTUCKY,2022,3,"Dengue virus infections, Dengue",,-
MISSISSIPPI,2022,3,"Dengue virus infections, Dengue",,-
TENNESSEE,2022,3,"Dengue virus infections, Dengue",,-
WEST SOUTH CENTRAL,2022,3,"Dengue virus infections, Dengue",,-
ARKANSAS,2022,3,"Dengue virus infections, Dengue",,-
LOUISIANA,2022,3,"Dengue virus infections, Dengue",,-
OKLAHOMA,2022,3,"Dengue virus infections, Dengue",,-
TEXAS,2022,3,"Dengue virus infections, Dengue",,-
MOUNTAIN,2022,3,"Dengue virus infections, Dengue",,-
ARIZONA,2022,3,"Dengue virus infections, Dengue",,-
COLORADO,2022,3,"Dengue virus infections, Dengue",,-
IDAHO,2022,3,"Dengue virus infections, Dengue",,-
MONTANA,2022,3,"Dengue virus infections, Dengue",,-
NEVADA,2022,3,"Dengue virus infections, Dengue",,-
NEW MEXICO,2022,3,"Dengue virus infections, Dengue",,-
UTAH,2022,3,"Dengue virus infections, Dengue",,-
WYOMING,2022,3,"Dengue virus infections, Dengue",,-
PACIFIC,2022,3,"Dengue virus infections, Dengue",,-
ALASKA,2022,3,"Dengue virus infections, Dengue",,-
CALIFORNIA,2022,3,"Dengue virus infections, Dengue",,-
HAWAII,2022,3,"Dengue virus infections, Dengue",,-
OREGON,2022,3,"Dengue virus infections, Dengue",,-
WASHINGTON,2022,3,"Dengue virus infections, Dengue",,-
US TERRITORIES,2022,3,"Dengue virus infections, Dengue",,-
AMERICAN SAMOA,2022,3,"Dengue virus infections, Dengue",,-
NORTHERN MARIANA ISLANDS,2022,3,"Dengue virus infections, Dengue",,-
GUAM,2022,3,"Dengue virus infections, Dengue",,-
PUERTO RICO,2022,3,"Dengue virus infections, Dengue",,-
U.S. VIRGIN ISLANDS,2022,3,"Dengue virus infections, Dengue",,-
NON-US RESIDENTS,2022,3,"Dengue virus infections, Dengue",,-
TOTAL,2022,3,"Dengue virus infections, Dengue",,-
US RESIDENTS,2022,4,"Dengue virus infections, Dengue",1,-
NEW ENGLAND,2022,4,"Dengue virus infections, Dengue",,-
CONNECTICUT,2022,4,"Dengue virus infections, Dengue",,-
MAINE,2022,4,"Dengue virus infections, Dengue",,-
MASSACHUSETTS,2022,4,"Dengue virus infections, Dengue",,-
NEW HAMPSHIRE,2022,4,"Dengue virus infections, Dengue",,-
RHODE ISLAND,2022,4,"Dengue virus infections, Dengue",,-
VERMONT,2022,4,"Dengue virus infections, Dengue",,-
MIDDLE ATLANTIC,2022,4,"Dengue virus infections, Dengue",,-
NEW JERSEY,2022,4,"Dengue virus infections, Dengue",,-
NEW YORK,2022,4,"Dengue virus infections, Dengue",,-
NEW YORK CITY,2022,4,"Dengue virus infections, Dengue",,-
PENNSYLVANIA,2022,4,"Dengue virus infections, Dengue",,-
EAST NORTH CENTRAL,2022,4,"Dengue virus infections, Dengue",1,-
ILLINOIS,2022,4,"Dengue virus infections, Dengue",,-
INDIANA,2022,4,"Dengue virus infections, Dengue",1,-
MICHIGAN,2022,4,"Dengue virus infections, Dengue",,-
OHIO,2022,4,"Dengue virus infections, Dengue",,-
WISCONSIN,2022,4,"Dengue virus infections, Dengue",,-
WEST NORTH CENTRAL,2022,4,"Dengue virus infections, Dengue",,-
IOWA,2022,4,"Dengue virus infections, Dengue",,-
KANSAS,2022,4,"Dengue virus infections, Dengue",,-
MINNESOTA,2022,4,"Dengue virus infections, Dengue",,-
MISSOURI,2022,4,"Dengue virus infections, Dengue",,-
NEBRASKA,2022,4,"Dengue virus infections, Dengue",,-
NORTH DAKOTA,2022,4,"Dengue virus infections, Dengue",,-
SOUTH DAKOTA,2022,4,"Dengue virus infections, Dengue",,-
SOUTH ATLANTIC,2022,4,"Dengue virus infections, Dengue",,-
DELAWARE,2022,4,"Dengue virus infections, Dengue",,-
DISTRICT OF COLUMBIA,2022,4,"Dengue virus infections, Dengue",,-
FLORIDA,2022,4,"Dengue virus infections, Dengue",,-
GEORGIA,2022,4,"Dengue virus infections, Dengue",,-
MARYLAND,2022,4,"Dengue virus infections, Dengue",,-
NORTH CAROLINA,2022,4,"Dengue virus infections, Dengue",,-
SOUTH CAROLINA,2022,4,"Dengue virus infections, Dengue",,-
VIRGINIA,2022,4,"Dengue virus infections, Dengue",,-
WEST VIRGINIA,2022,4,"Dengue virus infections, Dengue",,-
EAST SOUTH CENTRAL,2022,4,"Dengue virus infections, Dengue",,-
ALABAMA,2022,4,"Dengue virus infections, Dengue",,-
KENTUCKY,2022,4,"Dengue virus infections, Dengue",,-
MISSISSIPPI,2022,4,"Dengue virus infections, Dengue",,-
TENNESSEE,2022,4,"Dengue virus infections, Dengue",,-
WEST SOUTH CENTRAL,2022,4,"Dengue virus infections, Dengue",,-
ARKANSAS,2022,4,"Dengue virus infections, Dengue",,-
LOUISIANA,2022,4,"Dengue virus infections, Dengue",,-
OKLAHOMA,2022,4,"Dengue virus infections, Dengue",,-
TEXAS,2022,4,"Dengue virus infections, Dengue",,-
MOUNTAIN,2022,4,"Dengue virus infections, Dengue",,-
ARIZONA,2022,4,"Dengue virus infections, Dengue",,-
COLORADO,2022,4,"Dengue virus infections, Dengue",,-
IDAHO,2022,4,"Dengue virus infections, Dengue",,-
MONTANA,2022,4,"Dengue virus infections, Dengue",,-
NEVADA,2022,4,"Dengue virus infections, Dengue",,-
NEW MEXICO,2022,4,"Dengue virus infections, Dengue",,-
UTAH,2022,4,"Dengue virus infections, Dengue",,-
WYOMING,2022,4,"Dengue virus infections, Dengue",,-
PACIFIC,2022,4,"Dengue virus infections, Dengue",,-
ALASKA,2022,4,"Dengue virus infections, Dengue",,-
CALIFORNIA,2022,4,"Dengue virus infections, Dengue",,-
HAWAII,2022,4,"Dengue virus infections, Dengue",,-
OREGON,2022,4,"Dengue virus infections, Dengue",,-
WASHINGTON,2022,4,"Dengue virus infections, Dengue",,-
US TERRITORIES,2022,4,"Dengue virus infections, Dengue",,-
AMERICAN SAMOA,2022,4,"Dengue virus infections, Dengue",,-
NORTHERN MARIANA ISLANDS,2022,4,"Dengue virus infections, Dengue",,-
GUAM,2022,4,"Dengue virus infections, Dengue",,-
PUERTO RICO,2022,4,"Dengue virus infections, Dengue",,-
U.S. VIRGIN ISLANDS,2022,4,"Dengue virus infections, Dengue",,-
NON-US RESIDENTS,2022,4,"Dengue virus infections, Dengue",,-
TOTAL,2022,4,"Dengue virus infections, Dengue",1,-
US RESIDENTS,2022,5,"Dengue virus infections, Dengue",,-
NEW ENGLAND,2022,5,"Dengue virus infections, Dengue",,-
CONNECTICUT,2022,5,"Dengue virus infections, Dengue",,-
MAINE,2022,5,"Dengue virus infections, Dengue",,-
MASSACHUSETTS,2022,5,"Dengue virus infections, Dengue",,-
NEW HAMPSHIRE,2022,5,"Dengue virus infections, Dengue",,-
RHODE ISLAND,2022,5,"Dengue virus infections, Dengue",,-
VERMONT,2022,5,"Dengue virus infections, Dengue",,-
MIDDLE ATLANTIC,2022,5,"Dengue virus infections, Dengue",,-
NEW JERSEY,2022,5,"Dengue virus infections, Dengue",,-
NEW YORK,2022,5,"Dengue virus infections, Dengue",,-
NEW YORK CITY,2022,5,"Dengue virus infections, Dengue",,-
PENNSYLVANIA,2022,5,"Dengue virus infections, Dengue",,-
EAST NORTH CENTRAL,2022,5,"Dengue virus infections, Dengue",,-
ILLINOIS,2022,5,"Dengue virus infections, Dengue",,-
INDIANA,2022,5,"Dengue virus infections, Dengue",,-
MICHIGAN,2022,5,"Dengue virus infections, Dengue",,-
OHIO,2022,5,"Dengue virus infections, Dengue",,-
WISCONSIN,2022,5,"Dengue virus infections, Dengue",,-
WEST NORTH CENTRAL,2022,5,"Dengue virus infections, Dengue",,-
IOWA,2022,5,"Dengue virus infections, Dengue",,-
KANSAS,2022,5,"Dengue virus infections, Dengue",,-
MINNESOTA,2022,5,"Dengue virus infections, Dengue",,-
MISSOURI,2022,5,"Dengue virus infections, Dengue",,-
NEBRASKA,2022,5,"Dengue virus infections, Dengue",,-
NORTH DAKOTA,2022,5,"Dengue virus infections, Dengue",,-
SOUTH DAKOTA,2022,5,"Dengue virus infections, Dengue",,-
SOUTH ATLANTIC,2022,5,"Dengue virus infections, Dengue",,-
DELAWARE,2022,5,"Dengue virus infections, Dengue",,-
DISTRICT OF COLUMBIA,2022,5,"Dengue virus infections, Dengue",,-
FLORIDA,2022,5,"Dengue virus infections, Dengue",,-
GEORGIA,2022,5,"Dengue virus infections, Dengue",,-
MARYLAND,2022,5,"Dengue virus infections, Dengue",,-
NORTH CAROLINA,2022,5,"Dengue virus infections, Dengue",,-
SOUTH CAROLINA,2022,5,"Dengue virus infections, Dengue",,-
VIRGINIA,2022,5,"Dengue virus infections, Dengue",,-
WEST VIRGINIA,2022,5,"Dengue virus infections, Dengue",,-
EAST SOUTH CENTRAL,2022,5,"Dengue virus infections, Dengue",,-
ALABAMA,2022,5,"Dengue virus infections, Dengue",,-
KENTUCKY,2022,5,"Dengue virus infections, Dengue",,-
MISSISSIPPI,2022,5,"Dengue virus infections, Dengue",,-
TENNESSEE,2022,5,"Dengue virus infections, Dengue",,-
WEST SOUTH CENTRAL,2022,5,"Dengue virus infections, Dengue",,-
ARKANSAS,2022,5,"Dengue virus infections, Dengue",,-
LOUISIANA,2022,5,"Dengue virus infections, Dengue",,-
OKLAHOMA,2022,5,"Dengue virus infections, Dengue",,-
TEXAS,2022,5,"Dengue virus infections, Dengue",,-
MOUNTAIN,2022,5,"Dengue virus infections, Dengue",,-
ARIZONA,2022,5,"Dengue virus infections, Dengue",,-
COLORADO,2022,5,"Dengue virus infections, Dengue",,-
IDAHO,2022,5,"Dengue virus infections, Dengue",,-
MONTANA,2022,5,"Dengue virus infections, Dengue",,-
NEVADA,2022,5,"Dengue virus infections, Dengue",,-
NEW MEXICO,2022,5,"Dengue virus infections, Dengue",,-
UTAH,2022,5,"Dengue virus infections, Dengue",,-
WYOMING,2022,5,"Dengue virus infections, Dengue",,-
PACIFIC,2022,5,"Dengue virus infections, Dengue",,-
ALASKA,2022,5,"Dengue virus infections, Dengue",,-
CALIFORNIA,2022,5,"Dengue virus infections, Dengue",,-
HAWAII,2022,5,"Dengue virus infections, Dengue",,-
OREGON,2022,5,"Dengue virus infections, Dengue",,-
WASHINGTON,2022,5,"Dengue virus infections, Dengue",,-
US TERRITORIES,2022,5,"Dengue virus infections, Dengue",,-
AMERICAN SAMOA,2022,5,"Dengue virus infections, Dengue",,-
NORTHERN MARIANA ISLANDS,2022,5,"Dengue virus infections, Dengue",,-
GUAM,2022,5,"Dengue virus infections, Dengue",,-
PUERTO RICO,2022,5,"Dengue virus infections, Dengue",,-
U.S. VIRGIN ISLANDS,2022,5,"Dengue virus infections, Dengue",,-
NON-US RESIDENTS,2022,5,"Dengue virus infections, Dengue",,-
TOTAL,2022,5,"Dengue virus infections, Dengue",,-
US RESIDENTS,2022,6,"Dengue virus infections, Dengue",,-
NEW ENGLAND,2022,6,"Dengue virus infections, Dengue",,-
CONNECTICUT,2022,6,"Dengue virus infections, Dengue",,-
MAINE,2022,6,"Dengue virus infections, Dengue",,-
MASSACHUSETTS,2022,6,"Dengue virus infections, Dengue",,-
NEW HAMPSHIRE,2022,6,"Dengue virus infections, Dengue",,-
RHODE ISLAND,2022,6,"Dengue virus infections, Dengue",,-
VERMONT,2022,6,"Dengue virus infections, Dengue",,-
MIDDLE ATLANTIC,2022,6,"Dengue virus infections, Dengue",,-
NEW JERSEY,2022,6,"Dengue virus infections, Dengue",,-
NEW YORK,2022,6,"Dengue virus infections, Dengue",,-
NEW YORK CITY,2022,6,"Dengue virus infections, Dengue",,-
PENNSYLVANIA,2022,6,"Dengue virus infections, Dengue",,-
EAST NORTH CENTRAL,2022,6,"Dengue virus infections, Dengue",,-
ILLINOIS,2022,6,"Dengue virus infections, Dengue",,-
INDIANA,2022,6,"Dengue virus infections, Dengue",,-
MICHIGAN,2022,6,"Dengue virus infections, Dengue",,-
OHIO,2022,6,"Dengue virus infections, Dengue",,-
WISCONSIN,2022,6,"Dengue virus infections, Dengue",,-
WEST NORTH CENTRAL,2022,6,"Dengue virus infections, Dengue",,-
IOWA,2022,6,"Dengue virus infections, Dengue",,-
KANSAS,2022,6,"Dengue virus infections, Dengue",,-
MINNESOTA,2022,6,"Dengue virus infections, Dengue",,-
MISSOURI,2022,6,"Dengue virus infections, Dengue",,-
NEBRASKA,2022,6,"Dengue virus infections, Dengue",,-
NORTH DAKOTA,2022,6,"Dengue virus infections, Dengue",,-
SOUTH DAKOTA,2022,6,"Dengue virus infections, Dengue",,-
SOUTH ATLANTIC,2022,6,"Dengue virus infections, Dengue",,-
DELAWARE,2022,6,"Dengue virus infections, Dengue",,-
DISTRICT OF COLUMBIA,2022,6,"Dengue virus infections, Dengue",,-
FLORIDA,2022,6,"Dengue virus infections, Dengue",,-
GEORGIA,2022,6,"Dengue virus infections, Dengue",,-
MARYLAND,2022,6,"Dengue virus infections, Dengue",,-
NORTH CAROLINA,2022,6,"Dengue virus infections, Dengue",,-
SOUTH CAROLINA,2022,6,"Dengue virus infections, Dengue",,-
VIRGINIA,2022,6,"Dengue virus infections, Dengue",,-
WEST VIRGINIA,2022,6,"Dengue virus infections, Dengue",,-
EAST SOUTH CENTRAL,2022,6,"Dengue virus infections, Dengue",,-
ALABAMA,2022,6,"Dengue virus infections, Dengue",,-
KENTUCKY,2022,6,"Dengue virus infections, Dengue",,-
MISSISSIPPI,2022,6,"Dengue virus infections, Dengue",,-
TENNESSEE,2022,6,"Dengue virus infections, Dengue",,-
WEST SOUTH CENTRAL,2022,6,"Dengue virus infections, Dengue",,-
ARKANSAS,2022,6,"Dengue virus infections, Dengue",,-
LOUISIANA,2022,6,"Dengue virus infections, Dengue",,-
OKLAHOMA,2022,6,"Dengue virus infections, Dengue",,-
TEXAS,2022,6,"Dengue virus infections, Dengue",,-
MOUNTAIN,2022,6,"Dengue virus infections, Dengue",,-
ARIZONA,2022,6,"Dengue virus infections, Dengue",,-
COLORADO,2022,6,"Dengue virus infections, Dengue",,-
IDAHO,2022,6,"Dengue virus infections, Dengue",,-
MONTANA,2022,6,"Dengue virus infections, Dengue",,-
NEVADA,2022,6,"Dengue virus infections, Dengue",,-
NEW MEXICO,2022,6,"Dengue virus infections, Dengue",,-
UTAH,2022,6,"Dengue virus infections, Dengue",,-
WYOMING,2022,6,"Dengue virus infections, Dengue",,-
PACIFIC,2022,6,"Dengue virus infections, Dengue",,-
ALASKA,2022,6,"Dengue virus infections, Dengue",,-
CALIFORNIA,2022,6,"Dengue virus infections, Dengue",,-
HAWAII,2022,6,"Dengue virus infections, Dengue",,-
OREGON,2022,6,"Dengue virus infections, Dengue",,-
WASHINGTON,2022,6,"Dengue virus infections, Dengue",,-
US TERRITORIES,2022,6,"Dengue virus infections, Dengue",,-
AMERICAN SAMOA,2022,6,"Dengue virus infections, Dengue",,-
NORTHERN MARIANA ISLANDS,2022,6,"Dengue virus infections, Dengue",,-
GUAM,2022,6,"Dengue virus infections, Dengue",,-
PUERTO RICO,2022,6,"Dengue virus infections, Dengue",,-
U.S. VIRGIN ISLANDS,2022,6,"Dengue virus infections, Dengue",,-
NON-US RESIDENTS,2022,6,"Dengue virus infections, Dengue",,-
TOTAL,2022,6,"Dengue virus infections, Dengue",,-
US RESIDENTS,2022,7,"Dengue virus infections, Dengue",,-
NEW ENGLAND,2022,7,"Dengue virus infections, Dengue",,-
CONNECTICUT,2022,7,"Dengue virus infections, Dengue",,-
MAINE,2022,7,"Dengue virus infections, Dengue",,-
MASSACHUSETTS,2022,7,"Dengue virus infections, Dengue",,-
NEW HAMPSHIRE,2022,7,"Dengue virus infections, Dengue",,-
RHODE ISLAND,2022,7,"Dengue virus infections, Dengue",,-
VERMONT,2022,7,"Dengue virus infections, Dengue",,-
MIDDLE ATLANTIC,2022,7,"Dengue virus infections, Dengue",,-
NEW JERSEY,2022,7,"Dengue virus infections, Dengue",,-
NEW YORK,2022,7,"Dengue virus infections, Dengue",,-
NEW YORK CITY,2022,7,"Dengue virus infections, Dengue",,-
PENNSYLVANIA,2022,7,"Dengue virus infections, Dengue",,-
EAST NORTH CENTRAL,2022,7,"Dengue virus infections, Dengue",,-
ILLINOIS,2022,7,"Dengue virus infections, Dengue",,-
INDIANA,2022,7,"Dengue virus infections, Dengue",,-
MICHIGAN,2022,7,"Dengue virus infections, Dengue",,-
OHIO,2022,7,"Dengue virus infections, Dengue",,-
WISCONSIN,2022,7,"Dengue virus infections, Dengue",,-
WEST NORTH CENTRAL,2022,7,"Dengue virus infections, Dengue",,-
IOWA,2022,7,"Dengue virus infections, Dengue",,-
KANSAS,2022,7,"Dengue virus infections, Dengue",,-
MINNESOTA,2022,7,"Dengue virus infections, Dengue",,-
MISSOURI,2022,7,"Dengue virus infections, Dengue",,-
NEBRASKA,2022,7,"Dengue virus infections, Dengue",,-
NORTH DAKOTA,2022,7,"Dengue virus infections, Dengue",,-
SOUTH DAKOTA,2022,7,"Dengue virus infections, Dengue",,-
SOUTH ATLANTIC,2022,7,"Dengue virus infections, Dengue",,-
DELAWARE,2022,7,"Dengue virus infections, Dengue",,-
DISTRICT OF COLUMBIA,2022,7,"Dengue virus infections, Dengue",,-
FLORIDA,2022,7,"Dengue virus infections, Dengue",,-
GEORGIA,2022,7,"Dengue virus infections, Dengue",,-
MARYLAND,2022,7,"Dengue virus infections, Dengue",,-
NORTH CAROLINA,2022,7,"Dengue virus infections, Dengue",,-
SOUTH CAROLINA,2022,7,"Dengue virus infections, Dengue",,-
VIRGINIA,2022,7,"Dengue virus infections, Dengue",,-
WEST VIRGINIA,2022,7,"Dengue virus infections, Dengue",,-
EAST SOUTH CENTRAL,2022,7,"Dengue virus infections, Dengue",,-
ALABAMA,2022,7,"Dengue virus infections, Dengue",,-
KENTUCKY,2022,7,"Dengue virus infections, Dengue",,-
MISSISSIPPI,2022,7,"Dengue virus infections, Dengue",,-
TENNESSEE,2022,7,"Dengue virus infections, Dengue",,-
WEST SOUTH CENTRAL,2022,7,"Dengue virus infections, Dengue",,-
ARKANSAS,2022,7,"Dengue virus infections, Dengue",,-
LOUISIANA,2022,7,"Dengue virus infections, Dengue",,-
OKLAHOMA,2022,7,"Dengue virus infections, Dengue",,-
TEXAS,2022,7,"Dengue virus infections, Dengue",,-
MOUNTAIN,2022,7,"Dengue virus infections, Dengue",,-
ARIZONA,2022,7,"Dengue virus infections, Dengue",,-
COLORADO,2022,7,"Dengue virus infections, Dengue",,-
IDAHO,2022,7,"Dengue virus infections, Dengue",,-
MONTANA,2022,7,"Dengue virus infections, Dengue",,-
NEVADA,2022,7,"Dengue virus infections, Dengue",,-
NEW MEXICO,2022,7,"Dengue virus infections, Dengue",,-
UTAH,2022,7,"Dengue virus infections, Dengue",,-
WYOMING,2022,7,"Dengue virus infections, Dengue",,-
PACIFIC,2022,7,"Dengue virus infections, Dengue",,-
ALASKA,2022,7,"Dengue virus infections, Dengue",,-
CALIFORNIA,2022,7,"Dengue virus infections, Dengue",,-
HAWAII,2022,7,"Dengue virus infections, Dengue",,-
OREGON,2022,7,"Dengue virus infections, Dengue",,-
WASHINGTON,2022,7,"Dengue virus infections, Dengue",,-
US TERRITORIES,2022,7,"Dengue virus infections, Dengue",,-
AMERICAN SAMOA,2022,7,"Dengue virus infections, Dengue",,-
NORTHERN MARIANA ISLANDS,2022,7,"Dengue virus infections, Dengue",,-
GUAM,2022,7,"Dengue virus infections, Dengue",,-
PUERTO RICO,2022,7,"Dengue virus infections, Dengue",,-
U.S. VIRGIN ISLANDS,2022,7,"Dengue virus infections, Dengue",,-
NON-US RESIDENTS,2022,7,"Dengue virus infections, Dengue",,-
TOTAL,2022,7,"Dengue virus infections, Dengue",,-
US RESIDENTS,2022,8,"Dengue virus infections, Dengue",1,-
NEW ENGLAND,2022,8,"Dengue virus infections, Dengue",,-
CONNECTICUT,2022,8,"Dengue virus infections, Dengue",,-
MAINE,2022,8,"Dengue virus infections, Dengue",,-
MASSACHUSETTS,2022,8,"Dengue virus infections, Dengue",,-
NEW HAMPSHIRE,2022,8,"Dengue virus infections, Dengue",,-
RHODE ISLAND,2022,8,"Dengue virus infections, Dengue",,-
VERMONT,2022,8,"Dengue virus infections, Dengue",,-
MIDDLE ATLANTIC,2022,8,"Dengue virus infections, Dengue",,-
NEW JERSEY,2022,8,"Dengue virus infections, Dengue",,-
NEW YORK,2022,8,"Dengue virus infections, Dengue",,-
NEW YORK CITY,2022,8,"Dengue virus infections, Dengue",,-
PENNSYLVANIA,2022,8,"Dengue virus infections, Dengue",,-
EAST NORTH CENTRAL,2022,8,"Dengue virus infections, Dengue",,-
ILLINOIS,2022,8,"Dengue virus infections, Dengue",,-
INDIANA,2022,8,"Dengue virus infections, Dengue",,-
MICHIGAN,2022,8,"Dengue virus infections, Dengue",,-
OHIO,2022,8,"Dengue virus infections, Dengue",,-
WISCONSIN,2022,8,"Dengue virus infections, Dengue",,-
WEST NORTH CENTRAL,2022,8,"Dengue virus infections, Dengue",,-
IOWA,2022,8,"Dengue virus infections, Dengue",,-
KANSAS,2022,8,"Dengue virus infections, Dengue",,-
MINNESOTA,2022,8,"Dengue virus infections, Dengue",,-
MISSOURI,2022,8,"Dengue virus infections, Dengue",,-
NEBRASKA,2022,8,"Dengue virus infections, Dengue",,-
NORTH DAKOTA,2022,8,"Dengue virus infections, Dengue",,-
SOUTH DAKOTA,2022,8,"Dengue virus infections, Dengue",,-
SOUTH ATLANTIC,2022,8,"Dengue virus infections, Dengue",1,-
DELAWARE,2022,8,"Dengue virus infections, Dengue",,-
DISTRICT OF COLUMBIA,2022,8,"Dengue virus infections, Dengue",,-
FLORIDA,2022,8,"Dengue virus infections, Dengue",1,-
GEORGIA,2022,8,"Dengue virus infections, Dengue",,-
MARYLAND,2022,8,"Dengue virus infections, Dengue",,-
NORTH CAROLINA,2022,8,"Dengue virus infections, Dengue",,-
SOUTH CAROLINA,2022,8,"Dengue virus infections, Dengue",,-
VIRGINIA,2022,8,"Dengue virus infections, Dengue",,-
WEST VIRGINIA,2022,8,"Dengue virus infections, Dengue",,-
EAST SOUTH CENTRAL,2022,8,"Dengue virus infections, Dengue",,-
ALABAMA,2022,8,"Dengue virus infections, Dengue",,-
KENTUCKY,2022,8,"Dengue virus infections, Dengue",,-
MISSISSIPPI,2022,8,"Dengue virus infections, Dengue",,-
TENNESSEE,2022,8,"Dengue virus infections, Dengue",,-
WEST SOUTH CENTRAL,2022,8,"Dengue virus infections, Dengue",,-
ARKANSAS,2022,8,"Dengue virus infections, Dengue",,-
LOUISIANA,2022,8,"Dengue virus infections, Dengue",,-
OKLAHOMA,2022,8,"Dengue virus infections, Dengue",,-
TEXAS,2022,8,"Dengue virus infections, Dengue",,-
MOUNTAIN,2022,8,"Dengue virus infections, Dengue",,-
ARIZONA,2022,8,"Dengue virus infections, Dengue",,-
COLORADO,2022,8,"Dengue virus infections, Dengue",,-
IDAHO,2022,8,"Dengue virus infections, Dengue",,-
MONTANA,2022,8,"Dengue virus infections, Dengue",,-
NEVADA,2022,8,"Dengue virus infections, Dengue",,-
NEW MEXICO,2022,8,"Dengue virus infections, Dengue",,-
UTAH,2022,8,"Dengue virus infections, Dengue",,-
WYOMING,2022,8,"Dengue virus infections, Dengue",,-
PACIFIC,2022,8,"Dengue virus infections, Dengue",,-
ALASKA,2022,8,"Dengue virus infections, Dengue",,-
CALIFORNIA,2022,8,"Dengue virus infections, Dengue",,-
HAWAII,2022,8,"Dengue virus infections, Dengue",,-
OREGON,2022,8,"Dengue virus infections, Dengue",,-
WASHINGTON,2022,8,"Dengue virus infections, Dengue",,-
US TERRITORIES,2022,8,"Dengue virus infections, Dengue",,-
AMERICAN SAMOA,2022,8,"Dengue virus infections, Dengue",,-
NORTHERN MARIANA ISLANDS,2022,8,"Dengue virus infections, Dengue",,-
GUAM,2022,8,"Dengue virus infections, Dengue",,-
PUERTO RICO,2022,8,"Dengue virus infections, Dengue",,-
U.S. VIRGIN ISLANDS,2022,8,"Dengue virus infections, Dengue",,-
NON-US RESIDENTS,2022,8,"Dengue virus infections, Dengue",,-
TOTAL,2022,8,"Dengue virus infections, Dengue",1,-
US RESIDENTS,2022,9,"Dengue virus infections, Dengue",,-
NEW ENGLAND,2022,9,"Dengue virus infections, Dengue",,-
CONNECTICUT,2022,9,"Dengue virus infections, Dengue",,-
MAINE,2022,9,"Dengue virus infections, Dengue",,-
MASSACHUSETTS,2022,9,"Dengue virus infections, Dengue",,-
NEW HAMPSHIRE,2022,9,"Dengue virus infections, Dengue",,-
RHODE ISLAND,2022,9,"Dengue virus infections, Dengue",,-
VERMONT,2022,9,"Dengue virus infections, Dengue",,-
MIDDLE ATLANTIC,2022,9,"Dengue virus infections, Dengue",,-
NEW JERSEY,2022,9,"Dengue virus infections, Dengue",,-
NEW YORK,2022,9,"Dengue virus infections, Dengue",,-
NEW YORK CITY,2022,9,"Dengue virus infections, Dengue",,-
PENNSYLVANIA,2022,9,"Dengue virus infections, Dengue",,-
EAST NORTH CENTRAL,2022,9,"Dengue virus infections, Dengue",,-
ILLINOIS,2022,9,"Dengue virus infections, Dengue",,-
INDIANA,2022,9,"Dengue virus infections, Dengue",,-
MICHIGAN,2022,9,"Dengue virus infections, Dengue",,-
OHIO,2022,9,"Dengue virus infections, Dengue",,-
WISCONSIN,2022,9,"Dengue virus infections, Dengue",,-
WEST NORTH CENTRAL,2022,9,"Dengue virus infections, Dengue",,-
IOWA,2022,9,"Dengue virus infections, Dengue",,-
KANSAS,2022,9,"Dengue virus infections, Dengue",,-
MINNESOTA,2022,9,"Dengue virus infections, Dengue",,-
MISSOURI,2022,9,"Dengue virus infections, Dengue",,-
NEBRASKA,2022,9,"Dengue virus infections, Dengue",,-
NORTH DAKOTA,2022,9,"Dengue virus infections, Dengue",,-
SOUTH DAKOTA,2022,9,"Dengue virus infections, Dengue",,-
SOUTH ATLANTIC,2022,9,"Dengue virus infections, Dengue",,-
DELAWARE,2022,9,"Dengue virus infections, Dengue",,-
DISTRICT OF COLUMBIA,2022,9,"Dengue virus infections, Dengue",,-
FLORIDA,2022,9,"Dengue virus infections, Dengue",,-
GEORGIA,2022,9,"Dengue virus infections, Dengue",,-
MARYLAND,2022,9,"Dengue virus infections, Dengue",,-
NORTH CAROLINA,2022,9,"Dengue virus infections, Dengue",,-
SOUTH CAROLINA,2022,9,"Dengue virus infections, Dengue",,-
VIRGINIA,2022,9,"Dengue virus infections, Dengue",,-
WEST VIRGINIA,2022,9,"Dengue virus infections, Dengue",,-
EAST SOUTH CENTRAL,2022,9,"Dengue virus infections, Dengue",,-
ALABAMA,2022,9,"Dengue virus infections, Dengue",,-
KENTUCKY,2022,9,"Dengue virus infections, Dengue",,-
MISSISSIPPI,2022,9,"Dengue virus infections, Dengue",,-
TENNESSEE,2022,9,"Dengue virus infections, Dengue",,-
WEST SOUTH CENTRAL,2022,9,"Dengue virus infections, Dengue",,-
ARKANSAS,2022,9,"Dengue virus infections, Dengue",,-
LOUISIANA,2022,9,"Dengue virus infections, Dengue",,-
OKLAHOMA,2022,9,"Dengue virus infections, Dengue",,-
TEXAS,2022,9,"Dengue virus infections, Dengue",,-
MOUNTAIN,2022,9,"Dengue virus infections, Dengue",,-
ARIZONA,2022,9,"Dengue virus infections, Dengue",,-
COLORADO,2022,9,"Dengue virus infections, Dengue",,-
IDAHO,2022,9,"Dengue virus infections, Dengue",,-
MONTANA,2022,9,"Dengue virus infections, Dengue",,-
NEVADA,2022,9,"Dengue virus infections, Dengue",,-
NEW MEXICO,2022,9,"Dengue virus infections, Dengue",,-
UTAH,2022,9,"Dengue virus infections, Dengue",,-
WYOMING,2022,9,"Dengue virus infections, Dengue",,-
PACIFIC,2022,9,"Dengue virus infections, Dengue",,-
ALASKA,2022,9,"Dengue virus infections, Dengue",,-
CALIFORNIA,2022,9,"Dengue virus infections, Dengue",,-
HAWAII,2022,9,"Dengue virus infections, Dengue",,-
OREGON,2022,9,"Dengue virus infections, Dengue",,-
WASHINGTON,2022,9,"Dengue virus infections, Dengue",,-
US TERRITORIES,2022,9,"Dengue virus infections, Dengue",,-
AMERICAN SAMOA,2022,9,"Dengue virus infections, Dengue",,-
NORTHERN MARIANA ISLANDS,2022,9,"Dengue virus infections, Dengue",,-
GUAM,2022,9,"Dengue virus infections, Dengue",,-
PUERTO RICO,2022,9,"Dengue virus infections, Dengue",,-
U.S. VIRGIN ISLANDS,2022,9,"Dengue virus infections, Dengue",,-
NON-US RESIDENTS,2022,9,"Dengue virus infections, Dengue",,-
TOTAL,2022,9,"Dengue virus infections, Dengue",,-
US RESIDENTS,2022,10,"Dengue virus infections, Dengue",,-
NEW ENGLAND,2022,10,"Dengue virus infections, Dengue",,-
CONNECTICUT,2022,10,"Dengue virus infections, Dengue",,-
MAINE,2022,10,"Dengue virus infections, Dengue",,-
MASSACHUSETTS,2022,10,"Dengue virus infections, Dengue",,-
NEW HAMPSHIRE,2022,10,"Dengue virus infections, Dengue",,-
RHODE ISLAND,2022,10,"Dengue virus infections, Dengue",,-
VERMONT,2022,10,"Dengue virus infections, Dengue",,-
MIDDLE ATLANTIC,2022,10,"Dengue virus infections, Dengue",,-
NEW JERSEY,2022,10,"Dengue virus infections, Dengue",,-
NEW YORK,2022,10,"Dengue virus infections, Dengue",,-
NEW YORK CITY,2022,10,"Dengue virus infections, Dengue",,-
PENNSYLVANIA,2022,10,"Dengue virus infections, Dengue",,-
EAST NORTH CENTRAL,2022,10,"Dengue virus infections, Dengue",,-
ILLINOIS,2022,10,"Dengue virus infections, Dengue",,-
INDIANA,2022,10,"Dengue virus infections, Dengue",,-
MICHIGAN,2022,10,"Dengue virus infections, Dengue",,-
OHIO,2022,10,"Dengue virus infections, Dengue",,-
WISCONSIN,2022,10,"Dengue virus infections, Dengue",,-
WEST NORTH CENTRAL,2022,10,"Dengue virus infections, Dengue",,-
IOWA,2022,10,"Dengue virus infections, Dengue",,-
KANSAS,2022,10,"Dengue virus infections, Dengue",,-
MINNESOTA,2022,10,"Dengue virus infections, Dengue",,-
MISSOURI,2022,10,"Dengue virus infections, Dengue",,-
NEBRASKA,2022,10,"Dengue virus infections, Dengue",,-
NORTH DAKOTA,2022,10,"Dengue virus infections, Dengue",,-
SOUTH DAKOTA,2022,10,"Dengue virus infections, Dengue",,-
SOUTH ATLANTIC,2022,10,"Dengue virus infections, Dengue",,-
DELAWARE,2022,10,"Dengue virus infections, Dengue",,-
DISTRICT OF COLUMBIA,2022,10,"Dengue virus infections, Dengue",,-
FLORIDA,2022,10,"Dengue virus infections, Dengue",,-
GEORGIA,2022,10,"Dengue virus infections, Dengue",,-
MARYLAND,2022,10,"Dengue virus infections, Dengue",,-
NORTH CAROLINA,2022,10,"Dengue virus infections, Dengue",,-
SOUTH CAROLINA,2022,10,"Dengue virus infections, Dengue",,-
VIRGINIA,2022,10,"Dengue virus infections, Dengue",,-
WEST VIRGINIA,2022,10,"Dengue virus infections, Dengue",,-
EAST SOUTH CENTRAL,2022,10,"Dengue virus infections, Dengue",,-
ALABAMA,2022,10,"Dengue virus infections, Dengue",,-
KENTUCKY,2022,10,"Dengue virus infections, Dengue",,-
MISSISSIPPI,2022,10,"Dengue virus infections, Dengue",,-
TENNESSEE,2022,10,"Dengue virus infections, Dengue",,-
WEST SOUTH CENTRAL,2022,10,"Dengue virus infections, Dengue",,-
ARKANSAS,2022,10,"Dengue virus infections, Dengue",,-
LOUISIANA,2022,10,"Dengue virus infections, Dengue",,-
OKLAHOMA,2022,10,"Dengue virus infections, Dengue",,-
TEXAS,2022,10,"Dengue virus infections, Dengue",,-
MOUNTAIN,2022,10,"Dengue virus infections, Dengue",,-
ARIZONA,2022,10,"Dengue virus infections, Dengue",,-
COLORADO,2022,10,"Dengue virus infections, Dengue",,-
IDAHO,2022,10,"Dengue virus infections, Dengue",,-
MONTANA,2022,10,"Dengue virus infections, Dengue",,-
NEVADA,2022,10,"Dengue virus infections, Dengue",,-
NEW MEXICO,2022,10,"Dengue virus infections, Dengue",,-
UTAH,2022,10,"Dengue virus infections, Dengue",,-
WYOMING,2022,10,"Dengue virus infections, Dengue",,-
PACIFIC,2022,10,"Dengue virus infections, Dengue",,-
ALASKA,2022,10,"Dengue virus infections, Dengue",,-
CALIFORNIA,2022,10,"Dengue virus infections, Dengue",,-
HAWAII,2022,10,"Dengue virus infections, Dengue",,-
OREGON,2022,10,"Dengue virus infections, Dengue",,-
WASHINGTON,2022,10,"Dengue virus infections, Dengue",,-
US TERRITORIES,2022,10,"Dengue virus infections, Dengue",,-
AMERICAN SAMOA,2022,10,"Dengue virus infections, Dengue",,-
NORTHERN MARIANA ISLANDS,2022,10,"Dengue virus infections, Dengue",,-
GUAM,2022,10,"Dengue virus infections, Dengue",,-
PUERTO RICO,2022,10,"Dengue virus infections, Dengue",,-
U.S. VIRGIN ISLANDS,2022,10,"Dengue virus infections, Dengue",,-
NON-US RESIDENTS,2022,10,"Dengue virus infections, Dengue",,-
TOTAL,2022,10,"Dengue virus infections, Dengue",,-
US RESIDENTS,2022,11,"Dengue virus infections, Dengue",3,-
NEW ENGLAND,2022,11,"Dengue virus infections, Dengue",,-
CONNECTICUT,2022,11,"Dengue virus infections, Dengue",,-
MAINE,2022,11,"Dengue virus infections, Dengue",,-
MASSACHUSETTS,2022,11,"Dengue virus infections, Dengue",,-
NEW HAMPSHIRE,2022,11,"Dengue virus infections, Dengue",,-
RHODE ISLAND,2022,11,"Dengue virus infections, Dengue",,-
VERMONT,2022,11,"Dengue virus infections, Dengue",,-
MIDDLE ATLANTIC,2022,11,"Dengue virus infections, Dengue",,-
NEW JERSEY,2022,11,"Dengue virus infections, Dengue",,-
NEW YORK,2022,11,"Dengue virus infections, Dengue",,-
NEW YORK CITY,2022,11,"Dengue virus infections, Dengue",,-
PENNSYLVANIA,2022,11,"Dengue virus infections, Dengue",,-
EAST NORTH CENTRAL,2022,11,"Dengue virus infections, Dengue",,-
ILLINOIS,2022,11,"Dengue virus infections, Dengue",,-
INDIANA,2022,11,"Dengue virus infections, Dengue",,-
MICHIGAN,2022,11,"Dengue virus infections, Dengue",,-
OHIO,2022,11,"Dengue virus infections, Dengue",,-
WISCONSIN,2022,11,"Dengue virus infections, Dengue",,-
WEST NORTH CENTRAL,2022,11,"Dengue virus infections, Dengue",,-
IOWA,2022,11,"Dengue virus infections, Dengue",,-
KANSAS,2022,11,"Dengue virus infections, Dengue",,-
MINNESOTA,2022,11,"Dengue virus infections, Dengue",,-
MISSOURI,2022,11,"Dengue virus infections, Dengue",,-
NEBRASKA,2022,11,"Dengue virus infections, Dengue",,-
NORTH DAKOTA,2022,11,"Dengue virus infections, Dengue",,-
SOUTH DAKOTA,2022,11,"Dengue virus infections, Dengue",,-
SOUTH ATLANTIC,2022,11,"Dengue virus infections, Dengue",3,-
DELAWARE,2022,11,"Dengue virus infections, Dengue",,-
DISTRICT OF COLUMBIA,2022,11,"Dengue virus infections, Dengue",,-
FLORIDA,2022,11,"Dengue virus infections, Dengue",3,-
GEORGIA,2022,11,"Dengue virus infections, Dengue",,-
MARYLAND,2022,11,"Dengue virus infections, Dengue",,-
NORTH CAROLINA,2022,11,"Dengue virus infections, Dengue",,-
SOUTH CAROLINA,2022,11,"Dengue virus infections, Dengue",,-
VIRGINIA,2022,11,"Dengue virus infections, Dengue",,-
WEST VIRGINIA,2022,11,"Dengue virus infections, Dengue",,-
EAST SOUTH CENTRAL,2022,11,"Dengue virus infections, Dengue",,-
ALABAMA,2022,11,"Dengue virus infections, Dengue",,-
KENTUCKY,2022,11,"Dengue virus infections, Dengue",,-
MISSISSIPPI,2022,11,"Dengue virus infections, Dengue",,-
TENNESSEE,2022,11,"Dengue virus infections, Dengue",,-
WEST SOUTH CENTRAL,2022,11,"Dengue virus infections, Dengue",,-
ARKANSAS,2022,11,"Dengue virus infections, Dengue",,-
LOUISIANA,2022,11,"Dengue virus infections, Dengue",,-
OKLAHOMA,2022,11,"Dengue virus infections, Dengue",,-
TEXAS,2022,11,"Dengue virus infections, Dengue",,-
MOUNTAIN,2022,11,"Dengue virus infections, Dengue",,-
ARIZONA,2022,11,"Dengue virus infections, Dengue",,-
COLORADO,2022,11,"Dengue virus infections, Dengue",,-
IDAHO,2022,11,"Dengue virus infections, Dengue",,-
MONTANA,2022,11,"Dengue virus infections, Dengue",,-
NEVADA,2022,11,"Dengue virus infections, Dengue",,-
NEW MEXICO,2022,11,"Dengue virus infections, Dengue",,-
UTAH,2022,11,"Dengue virus infections, Dengue",,-
WYOMING,2022,11,"Dengue virus infections, Dengue",,-
PACIFIC,2022,11,"Dengue virus infections, Dengue",,-
ALASKA,2022,11,"Dengue virus infections, Dengue",,-
CALIFORNIA,2022,11,"Dengue virus infections, Dengue",,-
HAWAII,2022,11,"Dengue virus infections, Dengue",,-
OREGON,2022,11,"Dengue virus infections, Dengue",,-
WASHINGTON,2022,11,"Dengue virus infections, Dengue",,-
US TERRITORIES,2022,11,"Dengue virus infections, Dengue",,-
AMERICAN SAMOA,2022,11,"Dengue virus infections, Dengue",,-
NORTHERN MARIANA ISLANDS,2022,11,"Dengue virus infections, Dengue",,-
GUAM,2022,11,"Dengue virus infections, Dengue",,-
PUERTO RICO,2022,11,"Dengue virus infections, Dengue",,-
U.S. VIRGIN ISLANDS,2022,11,"Dengue virus infections, Dengue",,-
NON-US RESIDENTS,2022,11,"Dengue virus infections, Dengue",,-
TOTAL,2022,11,"Dengue virus infections, Dengue",3,-
US RESIDENTS,2022,12,"Dengue virus infections, Dengue",,-
NEW ENGLAND,2022,12,"Dengue virus infections, Dengue",,-
CONNECTICUT,2022,12,"Dengue virus infections, Dengue",,-
MAINE,2022,12,"Dengue virus infections, Dengue",,-
MASSACHUSETTS,2022,12,"Dengue virus infections, Dengue",,-
NEW HAMPSHIRE,2022,12,"Dengue virus infections, Dengue",,-
RHODE ISLAND,2022,12,"Dengue virus infections, Dengue",,-
VERMONT,2022,12,"Dengue virus infections, Dengue",,-
MIDDLE ATLANTIC,2022,12,"Dengue virus infections, Dengue",,-
NEW JERSEY,2022,12,"Dengue virus infections, Dengue",,-
NEW YORK,2022,12,"Dengue virus infections, Dengue",,-
NEW YORK CITY,2022,12,"Dengue virus infections, Dengue",,-
PENNSYLVANIA,2022,12,"Dengue virus infections, Dengue",,-
EAST NORTH CENTRAL,2022,12,"Dengue virus infections, Dengue",,-
ILLINOIS,2022,12,"Dengue virus infections, Dengue",,-
INDIANA,2022,12,"Dengue virus infections, Dengue",,-
MICHIGAN,2022,12,"Dengue virus infections, Dengue",,-
OHIO,2022,12,"Dengue virus infections, Dengue",,-
WISCONSIN,2022,12,"Dengue virus infections, Dengue",,-
WEST NORTH CENTRAL,2022,12,"Dengue virus infections, Dengue",,-
IOWA,2022,12,"Dengue virus infections, Dengue",,-
KANSAS,2022,12,"Dengue virus infections, Dengue",,-
MINNESOTA,2022,12,"Dengue virus infections, Dengue",,-
MISSOURI,2022,12,"Dengue virus infections, Dengue",,-
NEBRASKA,2022,12,"Dengue virus infections, Dengue",,-
NORTH DAKOTA,2022,12,"Dengue virus infections, Dengue",,-
SOUTH DAKOTA,2022,12,"Dengue virus infections, Dengue",,-
SOUTH ATLANTIC,2022,12,"Dengue virus infections, Dengue",,-
DELAWARE,2022,12,"Dengue virus infections, Dengue",,-
DISTRICT OF COLUMBIA,2022,12,"Dengue virus infections, Dengue",,-
FLORIDA,2022,12,"Dengue virus infections, Dengue",,-
GEORGIA,2022,12,"Dengue virus infections, Dengue",,-
MARYLAND,2022,12,"Dengue virus infections, Dengue",,-
NORTH CAROLINA,2022,12,"Dengue virus infections, Dengue",,-
SOUTH CAROLINA,2022,12,"Dengue virus infections, Dengue",,-
VIRGINIA,2022,12,"Dengue virus infections, Dengue",,-
WEST VIRGINIA,2022,12,"Dengue virus infections, Dengue",,-
EAST SOUTH CENTRAL,2022,12,"Dengue virus infections, Dengue",,-
ALABAMA,2022,12,"Dengue virus infections, Dengue",,-
KENTUCKY,2022,12,"Dengue virus infections, Dengue",,-
MISSISSIPPI,2022,12,"Dengue virus infections, Dengue",,-
TENNESSEE,2022,12,"Dengue virus infections, Dengue",,-
WEST SOUTH CENTRAL,2022,12,"Dengue virus infections, Dengue",,-
ARKANSAS,2022,12,"Dengue virus infections, Dengue",,-
LOUISIANA,2022,12,"Dengue virus infections, Dengue",,-
OKLAHOMA,2022,12,"Dengue virus infections, Dengue",,-
TEXAS,2022,12,"Dengue virus infections, Dengue",,-
MOUNTAIN,2022,12,"Dengue virus infections, Dengue",,-
ARIZONA,2022,12,"Dengue virus infections, Dengue",,-
COLORADO,2022,12,"Dengue virus infections, Dengue",,-
IDAHO,2022,12,"Dengue virus infections, Dengue",,-
MONTANA,2022,12,"Dengue virus infections, Dengue",,-
NEVADA,2022,12,"Dengue virus infections, Dengue",,-
NEW MEXICO,2022,12,"Dengue virus infections, Dengue",,-
UTAH,2022,12,"Dengue virus infections, Dengue",,-
WYOMING,2022,12,"Dengue virus infections, Dengue",,-
PACIFIC,2022,12,"Dengue virus infections, Dengue",,-
ALASKA,2022,12,"Dengue virus infections, Dengue",,-
CALIFORNIA,2022,12,"Dengue virus infections, Dengue",,-
HAWAII,2022,12,"Dengue virus infections, Dengue",,-
OREGON,2022,12,"Dengue virus infections, Dengue",,-
WASHINGTON,2022,12,"Dengue virus infections, Dengue",,-
US TERRITORIES,2022,12,"Dengue virus infections, Dengue",,-
AMERICAN SAMOA,2022,12,"Dengue virus infections, Dengue",,-
NORTHERN MARIANA ISLANDS,2022,12,"Dengue virus infections, Dengue",,-
GUAM,2022,12,"Dengue virus infections, Dengue",,-
PUERTO RICO,2022,12,"Dengue virus infections, Dengue",,-
U.S. VIRGIN ISLANDS,2022,12,"Dengue virus infections, Dengue",,-
NON-US RESIDENTS,2022,12,"Dengue virus infections, Dengue",,-
TOTAL,2022,12,"Dengue virus infections, Dengue",,-
US RESIDENTS,2022,13,"Dengue virus infections, Dengue",,-
NEW ENGLAND,2022,13,"Dengue virus infections, Dengue",,-
CONNECTICUT,2022,13,"Dengue virus infections, Dengue",,-
MAINE,2022,13,"Dengue virus infections, Dengue",,-
MASSACHUSETTS,2022,13,"Dengue virus infections, Dengue",,-
NEW HAMPSHIRE,2022,13,"Dengue virus infections, Dengue",,-
RHODE ISLAND,2022,13,"Dengue virus infections, Dengue",,-
VERMONT,2022,13,"Dengue virus infections, Dengue",,-
MIDDLE ATLANTIC,2022,13,"Dengue virus infections, Dengue",,-
NEW JERSEY,2022,13,"Dengue virus infections, Dengue",,-
NEW YORK,2022,13,"Dengue virus infections, Dengue",,-
NEW YORK CITY,2022,13,"Dengue virus infections, Dengue",,-
PENNSYLVANIA,2022,13,"Dengue virus infections, Dengue",,-
EAST NORTH CENTRAL,2022,13,"Dengue virus infections, Dengue",,-
ILLINOIS,2022,13,"Dengue virus infections, Dengue",,-
INDIANA,2022,13,"Dengue virus infections, Dengue",,-
MICHIGAN,2022,13,"Dengue virus infections, Dengue",,-
OHIO,2022,13,"Dengue virus infections, Dengue",,-
WISCONSIN,2022,13,"Dengue virus infections, Dengue",,-
WEST NORTH CENTRAL,2022,13,"Dengue virus infections, Dengue",,-
IOWA,2022,13,"Dengue virus infections, Dengue",,-
KANSAS,2022,13,"Dengue virus infections, Dengue",,-
MINNESOTA,2022,13,"Dengue virus infections, Dengue",,-
MISSOURI,2022,13,"Dengue virus infections, Dengue",,-
NEBRASKA,2022,13,"Dengue virus infections, Dengue",,-
NORTH DAKOTA,2022,13,"Dengue virus infections, Dengue",,-
SOUTH DAKOTA,2022,13,"Dengue virus infections, Dengue",,-
SOUTH ATLANTIC,2022,13,"Dengue virus infections, Dengue",,-
DELAWARE,2022,13,"Dengue virus infections, Dengue",,-
DISTRICT OF COLUMBIA,2022,13,"Dengue virus infections, Dengue",,-
FLORIDA,2022,13,"Dengue virus infections, Dengue",,-
GEORGIA,2022,13,"Dengue virus infections, Dengue",,-
MARYLAND,2022,13,"Dengue virus infections, Dengue",,-
NORTH CAROLINA,2022,13,"Dengue virus infections, Dengue",,-
SOUTH CAROLINA,2022,13,"Dengue virus infections, Dengue",,-
VIRGINIA,2022,13,"Dengue virus infections, Dengue",,-
WEST VIRGINIA,2022,13,"Dengue virus infections, Dengue",,-
EAST SOUTH CENTRAL,2022,13,"Dengue virus infections, Dengue",,-
ALABAMA,2022,13,"Dengue virus infections, Dengue",,-
KENTUCKY,2022,13,"Dengue virus infections, Dengue",,-
MISSISSIPPI,2022,13,"Dengue virus infections, Dengue",,-
TENNESSEE,2022,13,"Dengue virus infections, Dengue",,-
WEST SOUTH CENTRAL,2022,13,"Dengue virus infections, Dengue",,-
ARKANSAS,2022,13,"Dengue virus infections, Dengue",,-
LOUISIANA,2022,13,"Dengue virus infections, Dengue",,-
OKLAHOMA,2022,13,"Dengue virus infections, Dengue",,-
TEXAS,2022,13,"Dengue virus infections, Dengue",,-
MOUNTAIN,2022,13,"Dengue virus infections, Dengue",,-
ARIZONA,2022,13,"Dengue virus infections, Dengue",,-
COLORADO,2022,13,"Dengue virus infections, Dengue",,-
IDAHO,2022,13,"Dengue virus infections, Dengue",,-
MONTANA,2022,13,"Dengue virus infections, Dengue",,-
NEVADA,2022,13,"Dengue virus infections, Dengue",,-
NEW MEXICO,2022,13,"Dengue virus infections, Dengue",,-
UTAH,2022,13,"Dengue virus infections, Dengue",,-
WYOMING,2022,13,"Dengue virus infections, Dengue",,-
PACIFIC,2022,13,"Dengue virus infections, Dengue",,-
ALASKA,2022,13,"Dengue virus infections, Dengue",,-
CALIFORNIA,2022,13,"Dengue virus infections, Dengue",,-
HAWAII,2022,13,"Dengue virus infections, Dengue",,-
OREGON,2022,13,"Dengue virus infections, Dengue",,-
WASHINGTON,2022,13,"Dengue virus infections, Dengue",,-
US TERRITORIES,2022,13,"Dengue virus infections, Dengue",,-
AMERICAN SAMOA,2022,13,"Dengue virus infections, Dengue",,-
NORTHERN MARIANA ISLANDS,2022,13,"Dengue virus infections, Dengue",,-
GUAM,2022,13,"Dengue virus infections, Dengue",,-
PUERTO RICO,2022,13,"Dengue virus infections, Dengue",,-
U.S. VIRGIN ISLANDS,2022,13,"Dengue virus infections, Dengue",,-
NON-US RESIDENTS,2022,13,"Dengue virus infections, Dengue",,-
TOTAL,2022,13,"Dengue virus infections, Dengue",,-
US RESIDENTS,2022,14,"Dengue virus infections, Dengue",,-
NEW ENGLAND,2022,14,"Dengue virus infections, Dengue",,-
CONNECTICUT,2022,14,"Dengue virus infections, Dengue",,-
MAINE,2022,14,"Dengue virus infections, Dengue",,-
MASSACHUSETTS,2022,14,"Dengue virus infections, Dengue",,-
NEW HAMPSHIRE,2022,14,"Dengue virus infections, Dengue",,-
RHODE ISLAND,2022,14,"Dengue virus infections, Dengue",,-
VERMONT,2022,14,"Dengue virus infections, Dengue",,-
MIDDLE ATLANTIC,2022,14,"Dengue virus infections, Dengue",,-
NEW JERSEY,2022,14,"Dengue virus infections, Dengue",,-
NEW YORK,2022,14,"Dengue virus infections, Dengue",,-
NEW YORK CITY,2022,14,"Dengue virus infections, Dengue",,-
PENNSYLVANIA,2022,14,"Dengue virus infections, Dengue",,-
EAST NORTH CENTRAL,2022,14,"Dengue virus infections, Dengue",,-
ILLINOIS,2022,14,"Dengue virus infections, Dengue",,-
INDIANA,2022,14,"Dengue virus infections, Dengue",,-
MICHIGAN,2022,14,"Dengue virus infections, Dengue",,-
OHIO,2022,14,"Dengue virus infections, Dengue",,-
WISCONSIN,2022,14,"Dengue virus infections, Dengue",,-
WEST NORTH CENTRAL,2022,14,"Dengue virus infections, Dengue",,-
IOWA,2022,14,"Dengue virus infections, Dengue",,-
KANSAS,2022,14,"Dengue virus infections, Dengue",,-
MINNESOTA,2022,14,"Dengue virus infections, Dengue",,-
MISSOURI,2022,14,"Dengue virus infections, Dengue",,-
NEBRASKA,2022,14,"Dengue virus infections, Dengue",,-
NORTH DAKOTA,2022,14,"Dengue virus infections, Dengue",,-
SOUTH DAKOTA,2022,14,"Dengue virus infections, Dengue",,-
SOUTH ATLANTIC,2022,14,"Dengue virus infections, Dengue",,-
DELAWARE,2022,14,"Dengue virus infections, Dengue",,-
DISTRICT OF COLUMBIA,2022,14,"Dengue virus infections, Dengue",,-
FLORIDA,2022,14,"Dengue virus infections, Dengue",,-
GEORGIA,2022,14,"Dengue virus infections, Dengue",,-
MARYLAND,2022,14,"Dengue virus infections, Dengue",,-
NORTH CAROLINA,2022,14,"Dengue virus infections, Dengue",,-
SOUTH CAROLINA,2022,14,"Dengue virus infections, Dengue",,-
VIRGINIA,2022,14,"Dengue virus infections, Dengue",,-
WEST VIRGINIA,2022,14,"Dengue virus infections, Dengue",,-
EAST SOUTH CENTRAL,2022,14,"Dengue virus infections, Dengue",,-
ALABAMA,2022,14,"Dengue virus infections, Dengue",,-
KENTUCKY,2022,14,"Dengue virus infections, Dengue",,-
MISSISSIPPI,2022,14,"Dengue virus infections, Dengue",,-
TENNESSEE,2022,14,"Dengue virus infections, Dengue",,-
WEST SOUTH CENTRAL,2022,14,"Dengue virus infections, Dengue",,-
ARKANSAS,2022,14,"Dengue virus infections, Dengue",,-
LOUISIANA,2022,14,"Dengue virus infections, Dengue",,-
OKLAHOMA,2022,14,"Dengue virus infections, Dengue",,-
TEXAS,2022,14,"Dengue virus infections, Dengue",,-
MOUNTAIN,2022,14,"Dengue virus infections, Dengue",,-
ARIZONA,2022,14,"Dengue virus infections, Dengue",,-
COLORADO,2022,14,"Dengue virus infections, Dengue",,-
IDAHO,2022,14,"Dengue virus infections, Dengue",,-
MONTANA,2022,14,"Dengue virus infections, Dengue",,-
NEVADA,2022,14,"Dengue virus infections, Dengue",,-
NEW MEXICO,2022,14,"Dengue virus infections, Dengue",,-
UTAH,2022,14,"Dengue virus infections, Dengue",,-
WYOMING,2022,14,"Dengue virus infections, Dengue",,-
PACIFIC,2022,14,"Dengue virus infections, Dengue",,-
ALASKA,2022,14,"Dengue virus infections, Dengue",,-
CALIFORNIA,2022,14,"Dengue virus infections, Dengue",,-
HAWAII,2022,14,"Dengue virus infections, Dengue",,-
OREGON,2022,14,"Dengue virus infections, Dengue",,-
WASHINGTON,2022,14,"Dengue virus infections, Dengue",,-
US TERRITORIES,2022,14,"Dengue virus infections, Dengue",,-
AMERICAN SAMOA,2022,14,"Dengue virus infections, Dengue",,-
NORTHERN MARIANA ISLANDS,2022,14,"Dengue virus infections, Dengue",,-
GUAM,2022,14,"Dengue virus infections, Dengue",,-
PUERTO RICO,2022,14,"Dengue virus infections, Dengue",,-
U.S. VIRGIN ISLANDS,2022,14,"Dengue virus infections, Dengue",,-
NON-US RESIDENTS,2022,14,"Dengue virus infections, Dengue",,-
TOTAL,2022,14,"Dengue virus infections, Dengue",,-
US RESIDENTS,2022,15,"Dengue virus infections, Dengue",,-
NEW ENGLAND,2022,15,"Dengue virus infections, Dengue",,-
CONNECTICUT,2022,15,"Dengue virus infections, Dengue",,-
MAINE,2022,15,"Dengue virus infections, Dengue",,-
MASSACHUSETTS,2022,15,"Dengue virus infections, Dengue",,-
NEW HAMPSHIRE,2022,15,"Dengue virus infections, Dengue",,-
RHODE ISLAND,2022,15,"Dengue virus infections, Dengue",,-
VERMONT,2022,15,"Dengue virus infections, Dengue",,-
MIDDLE ATLANTIC,2022,15,"Dengue virus infections, Dengue",,-
NEW JERSEY,2022,15,"Dengue virus infections, Dengue",,-
NEW YORK,2022,15,"Dengue virus infections, Dengue",,-
NEW YORK CITY,2022,15,"Dengue virus infections, Dengue",,-
PENNSYLVANIA,2022,15,"Dengue virus infections, Dengue",,-
EAST NORTH CENTRAL,2022,15,"Dengue virus infections, Dengue",,-
ILLINOIS,2022,15,"Dengue virus infections, Dengue",,-
INDIANA,2022,15,"Dengue virus infections, Dengue",,-
MICHIGAN,2022,15,"Dengue virus infections, Dengue",,-
OHIO,2022,15,"Dengue virus infections, Dengue",,-
WISCONSIN,2022,15,"Dengue virus infections, Dengue",,-
WEST NORTH CENTRAL,2022,15,"Dengue virus infections, Dengue",,-
IOWA,2022,15,"Dengue virus infections, Dengue",,-
KANSAS,2022,15,"Dengue virus infections, Dengue",,-
MINNESOTA,2022,15,"Dengue virus infections, Dengue",,-
MISSOURI,2022,15,"Dengue virus infections, Dengue",,-
NEBRASKA,2022,15,"Dengue virus infections, Dengue",,-
NORTH DAKOTA,2022,15,"Dengue virus infections, Dengue",,-
SOUTH DAKOTA,2022,15,"Dengue virus infections, Dengue",,-
SOUTH ATLANTIC,2022,15,"Dengue virus infections, Dengue",,-
DELAWARE,2022,15,"Dengue virus infections, Dengue",,-
DISTRICT OF COLUMBIA,2022,15,"Dengue virus infections, Dengue",,-
FLORIDA,2022,15,"Dengue virus infections, Dengue",,-
GEORGIA,2022,15,"Dengue virus infections, Dengue",,-
MARYLAND,2022,15,"Dengue virus infections, Dengue",,-
NORTH CAROLINA,2022,15,"Dengue virus infections, Dengue",,-
SOUTH CAROLINA,2022,15,"Dengue virus infections, Dengue",,-
VIRGINIA,2022,15,"Dengue virus infections, Dengue",,-
WEST VIRGINIA,2022,15,"Dengue virus infections, Dengue",,-
EAST SOUTH CENTRAL,2022,15,"Dengue virus infections, Dengue",,-
ALABAMA,2022,15,"Dengue virus infections, Dengue",,-
KENTUCKY,2022,15,"Dengue virus infections, Dengue",,-
MISSISSIPPI,2022,15,"Dengue virus infections, Dengue",,-
TENNESSEE,2022,15,"Dengue virus infections, Dengue",,-
WEST SOUTH CENTRAL,2022,15,"Dengue virus infections, Dengue",,-
ARKANSAS,2022,15,"Dengue virus infections, Dengue",,-
LOUISIANA,2022,15,"Dengue virus infections, Dengue",,-
OKLAHOMA,2022,15,"Dengue virus infections, Dengue",,-
TEXAS,2022,15,"Dengue virus infections, Dengue",,-
MOUNTAIN,2022,15,"Dengue virus infections, Dengue",,-
ARIZONA,2022,15,"Dengue virus infections, Dengue",,-
COLORADO,2022,15,"Dengue virus infections, Dengue",,-
IDAHO,2022,15,"Dengue virus infections, Dengue",,-
MONTANA,2022,15,"Dengue virus infections, Dengue",,-
NEVADA,2022,15,"Dengue virus infections, Dengue",,-
NEW MEXICO,2022,15,"Dengue virus infections, Dengue",,-
UTAH,2022,15,"Dengue virus infections, Dengue",,-
WYOMING,2022,15,"Dengue virus infections, Dengue",,-
PACIFIC,2022,15,"Dengue virus infections, Dengue",,-
ALASKA,2022,15,"Dengue virus infections, Dengue",,-
CALIFORNIA,2022,15,"Dengue virus infections, Dengue",,-
HAWAII,2022,15,"Dengue virus infections, Dengue",,-
OREGON,2022,15,"Dengue virus infections, Dengue",,-
WASHINGTON,2022,15,"Dengue virus infections, Dengue",,-
US TERRITORIES,2022,15,"Dengue virus infections, Dengue",,-
AMERICAN SAMOA,2022,15,"Dengue virus infections, Dengue",,-
NORTHERN MARIANA ISLANDS,2022,15,"Dengue virus infections, Dengue",,-
GUAM,2022,15,"Dengue virus infections, Dengue",,-
PUERTO RICO,2022,15,"Dengue virus infections, Dengue",,-
U.S. VIRGIN ISLANDS,2022,15,"Dengue virus infections, Dengue",,-
NON-US RESIDENTS,2022,15,"Dengue virus infections, Dengue",,-
TOTAL,2022,15,"Dengue virus infections, Dengue",,-
US RESIDENTS,2022,16,"Dengue virus infections, Dengue",,-
NEW ENGLAND,2022,16,"Dengue virus infections, Dengue",,-
CONNECTICUT,2022,16,"Dengue virus infections, Dengue",,-
MAINE,2022,16,"Dengue virus infections, Dengue",,-
MASSACHUSETTS,2022,16,"Dengue virus infections, Dengue",,-
NEW HAMPSHIRE,2022,16,"Dengue virus infections, Dengue",,-
RHODE ISLAND,2022,16,"Dengue virus infections, Dengue",,-
VERMONT,2022,16,"Dengue virus infections, Dengue",,-
MIDDLE ATLANTIC,2022,16,"Dengue virus infections, Dengue",,-
NEW JERSEY,2022,16,"Dengue virus infections, Dengue",,-
NEW YORK,2022,16,"Dengue virus infections, Dengue",,-
NEW YORK CITY,2022,16,"Dengue virus infections, Dengue",,-
PENNSYLVANIA,2022,16,"Dengue virus infections, Dengue",,-
EAST NORTH CENTRAL,2022,16,"Dengue virus infections, Dengue",,-
ILLINOIS,2022,16,"Dengue virus infections, Dengue",,-
INDIANA,2022,16,"Dengue virus infections, Dengue",,-
MICHIGAN,2022,16,"Dengue virus infections, Dengue",,-
OHIO,2022,16,"Dengue virus infections, Dengue",,-
WISCONSIN,2022,16,"Dengue virus infections, Dengue",,-
WEST NORTH CENTRAL,2022,16,"Dengue virus infections, Dengue",,-
IOWA,2022,16,"Dengue virus infections, Dengue",,-
KANSAS,2022,16,"Dengue virus infections, Dengue",,-
MINNESOTA,2022,16,"Dengue virus infections, Dengue",,-
MISSOURI,2022,16,"Dengue virus infections, Dengue",,-
NEBRASKA,2022,16,"Dengue virus infections, Dengue",,-
NORTH DAKOTA,2022,16,"Dengue virus infections, Dengue",,-
SOUTH DAKOTA,2022,16,"Dengue virus infections, Dengue",,-
SOUTH ATLANTIC,2022,16,"Dengue virus infections, Dengue",,-
DELAWARE,2022,16,"Dengue virus infections, Dengue",,-
DISTRICT OF COLUMBIA,2022,16,"Dengue virus infections, Dengue",,-
FLORIDA,2022,16,"Dengue virus infections, Dengue",,-
GEORGIA,2022,16,"Dengue virus infections, Dengue",,-
MARYLAND,2022,16,"Dengue virus infections, Dengue",,-
NORTH CAROLINA,2022,16,"Dengue virus infections, Dengue",,-
SOUTH CAROLINA,2022,16,"Dengue virus infections, Dengue",,-
VIRGINIA,2022,16,"Dengue virus infections, Dengue",,-
WEST VIRGINIA,2022,16,"Dengue virus infections, Dengue",,-
EAST SOUTH CENTRAL,2022,16,"Dengue virus infections, Dengue",,-
ALABAMA,2022,16,"Dengue virus infections, Dengue",,-
KENTUCKY,2022,16,"Dengue virus infections, Dengue",,-
MISSISSIPPI,2022,16,"Dengue virus infections, Dengue",,-
TENNESSEE,2022,16,"Dengue virus infections, Dengue",,-
WEST SOUTH CENTRAL,2022,16,"Dengue virus infections, Dengue",,-
ARKANSAS,2022,16,"Dengue virus infections, Dengue",,-
LOUISIANA,2022,16,"Dengue virus infections, Dengue",,-
OKLAHOMA,2022,16,"Dengue virus infections, Dengue",,-
TEXAS,2022,16,"Dengue virus infections, Dengue",,-
MOUNTAIN,2022,16,"Dengue virus infections, Dengue",,-
ARIZONA,2022,16,"Dengue virus infections, Dengue",,-
COLORADO,2022,16,"Dengue virus infections, Dengue",,-
IDAHO,2022,16,"Dengue virus infections, Dengue",,-
MONTANA,2022,16,"Dengue virus infections, Dengue",,-
NEVADA,2022,16,"Dengue virus infections, Dengue",,-
NEW MEXICO,2022,16,"Dengue virus infections, Dengue",,-
UTAH,2022,16,"Dengue virus infections, Dengue",,-
WYOMING,2022,16,"Dengue virus infections, Dengue",,-
PACIFIC,2022,16,"Dengue virus infections, Dengue",,-
ALASKA,2022,16,"Dengue virus infections, Dengue",,-
CALIFORNIA,2022,16,"Dengue virus infections, Dengue",,-
HAWAII,2022,16,"Dengue virus infections, Dengue",,-
OREGON,2022,16,"Dengue virus infections, Dengue",,-
WASHINGTON,2022,16,"Dengue virus infections, Dengue",,-
US TERRITORIES,2022,16,"Dengue virus infections, Dengue",,-
AMERICAN SAMOA,2022,16,"Dengue virus infections, Dengue",,-
NORTHERN MARIANA ISLANDS,2022,16,"Dengue virus infections, Dengue",,-
GUAM,2022,16,"Dengue virus infections, Dengue",,-
PUERTO RICO,2022,16,"Dengue virus infections, Dengue",,-
U.S. VIRGIN ISLANDS,2022,16,"Dengue virus infections, Dengue",,-
NON-US RESIDENTS,2022,16,"Dengue virus infections, Dengue",,-
TOTAL,2022,16,"Dengue virus infections, Dengue",,-
US RESIDENTS,2022,17,"Dengue virus infections, Dengue",,-
NEW ENGLAND,2022,17,"Dengue virus infections, Dengue",,-
CONNECTICUT,2022,17,"Dengue virus infections, Dengue",,-
MAINE,2022,17,"Dengue virus infections, Dengue",,-
MASSACHUSETTS,2022,17,"Dengue virus infections, Dengue",,-
NEW HAMPSHIRE,2022,17,"Dengue virus infections, Dengue",,-
RHODE ISLAND,2022,17,"Dengue virus infections, Dengue",,-
VERMONT,2022,17,"Dengue virus infections, Dengue",,-
MIDDLE ATLANTIC,2022,17,"Dengue virus infections, Dengue",,-
NEW JERSEY,2022,17,"Dengue virus infections, Dengue",,-
NEW YORK,2022,17,"Dengue virus infections, Dengue",,-
NEW YORK CITY,2022,17,"Dengue virus infections, Dengue",,-
PENNSYLVANIA,2022,17,"Dengue virus infections, Dengue",,-
EAST NORTH CENTRAL,2022,17,"Dengue virus infections, Dengue",,-
ILLINOIS,2022,17,"Dengue virus infections, Dengue",,-
INDIANA,2022,17,"Dengue virus infections, Dengue",,-
MICHIGAN,2022,17,"Dengue virus infections, Dengue",,-
OHIO,2022,17,"Dengue virus infections, Dengue",,-
WISCONSIN,2022,17,"Dengue virus infections, Dengue",,-
WEST NORTH CENTRAL,2022,17,"Dengue virus infections, Dengue",,-
IOWA,2022,17,"Dengue virus infections, Dengue",,-
KANSAS,2022,17,"Dengue virus infections, Dengue",,-
MINNESOTA,2022,17,"Dengue virus infections, Dengue",,-
MISSOURI,2022,17,"Dengue virus infections, Dengue",,-
NEBRASKA,2022,17,"Dengue virus infections, Dengue",,-
NORTH DAKOTA,2022,17,"Dengue virus infections, Dengue",,-
SOUTH DAKOTA,2022,17,"Dengue virus infections, Dengue",,-
SOUTH ATLANTIC,2022,17,"Dengue virus infections, Dengue",,-
DELAWARE,2022,17,"Dengue virus infections, Dengue",,-
DISTRICT OF COLUMBIA,2022,17,"Dengue virus infections, Dengue",,-
FLORIDA,2022,17,"Dengue virus infections, Dengue",,-
GEORGIA,2022,17,"Dengue virus infections, Dengue",,-
MARYLAND,2022,17,"Dengue virus infections, Dengue",,-
NORTH CAROLINA,2022,17,"Dengue virus infections, Dengue",,-
SOUTH CAROLINA,2022,17,"Dengue virus infections, Dengue",,-
VIRGINIA,2022,17,"Dengue virus infections, Dengue",,-
WEST VIRGINIA,2022,17,"Dengue virus infections, Dengue",,-
EAST SOUTH CENTRAL,2022,17,"Dengue virus infections, Dengue",,-
ALABAMA,2022,17,"Dengue virus infections, Dengue",,-
KENTUCKY,2022,17,"Dengue virus infections, Dengue",,-
MISSISSIPPI,2022,17,"Dengue virus infections, Dengue",,-
TENNESSEE,2022,17,"Dengue virus infections, Dengue",,-
WEST SOUTH CENTRAL,2022,17,"Dengue virus infections, Dengue",,-
ARKANSAS,2022,17,"Dengue virus infections, Dengue",,-
LOUISIANA,2022,17,"Dengue virus infections, Dengue",,-
OKLAHOMA,2022,17,"Dengue virus infections, Dengue",,-
TEXAS,2022,17,"Dengue virus infections, Dengue",,-
MOUNTAIN,2022,17,"Dengue virus infections, Dengue",,-
ARIZONA,2022,17,"Dengue virus infections, Dengue",,-
COLORADO,2022,17,"Dengue virus infections, Dengue",,-
IDAHO,2022,17,"Dengue virus infections, Dengue",,-
MONTANA,2022,17,"Dengue virus infections, Dengue",,-
NEVADA,2022,17,"Dengue virus infections, Dengue",,-
NEW MEXICO,2022,17,"Dengue virus infections, Dengue",,-
UTAH,2022,17,"Dengue virus infections, Dengue",,-
WYOMING,2022,17,"Dengue virus infections, Dengue",,-
PACIFIC,2022,17,"Dengue virus infections, Dengue",,-
ALASKA,2022,17,"Dengue virus infections, Dengue",,-
CALIFORNIA,2022,17,"Dengue virus infections, Dengue",,-
HAWAII,2022,17,"Dengue virus infections, Dengue",,-
OREGON,2022,17,"Dengue virus infections, Dengue",,-
WASHINGTON,2022,17,"Dengue virus infections, Dengue",,-
US TERRITORIES,2022,17,"Dengue virus infections, Dengue",,-
AMERICAN SAMOA,2022,17,"Dengue virus infections, Dengue",,-
NORTHERN MARIANA ISLANDS,2022,17,"Dengue virus infections, Dengue",,-
GUAM,2022,17,"Dengue virus infections, Dengue",,-
PUERTO RICO,2022,17,"Dengue virus infections, Dengue",,-
U.S. VIRGIN ISLANDS,2022,17,"Dengue virus infections, Dengue",,-
NON-US RESIDENTS,2022,17,"Dengue virus infections, Dengue",,-
TOTAL,2022,17,"Dengue virus infections, Dengue",,-
US RESIDENTS,2022,18,"Dengue virus infections, Dengue",,-
NEW ENGLAND,2022,18,"Dengue virus infections, Dengue",,-
CONNECTICUT,2022,18,"Dengue virus infections, Dengue",,-
MAINE,2022,18,"Dengue virus infections, Dengue",,-
MASSACHUSETTS,2022,18,"Dengue virus infections, Dengue",,-
NEW HAMPSHIRE,2022,18,"Dengue virus infections, Dengue",,-
RHODE ISLAND,2022,18,"Dengue virus infections, Dengue",,-
VERMONT,2022,18,"Dengue virus infections, Dengue",,-
MIDDLE ATLANTIC,2022,18,"Dengue virus infections, Dengue",,-
NEW JERSEY,2022,18,"Dengue virus infections, Dengue",,-
NEW YORK,2022,18,"Dengue virus infections, Dengue",,-
NEW YORK CITY,2022,18,"Dengue virus infections, Dengue",,-
PENNSYLVANIA,2022,18,"Dengue virus infections, Dengue",,-
EAST NORTH CENTRAL,2022,18,"Dengue virus infections, Dengue",,-
ILLINOIS,2022,18,"Dengue virus infections, Dengue",,-
INDIANA,2022,18,"Dengue virus infections, Dengue",,-
MICHIGAN,2022,18,"Dengue virus infections, Dengue",,-
OHIO,2022,18,"Dengue virus infections, Dengue",,-
WISCONSIN,2022,18,"Dengue virus infections, Dengue",,-
WEST NORTH CENTRAL,2022,18,"Dengue virus infections, Dengue",,-
IOWA,2022,18,"Dengue virus infections, Dengue",,-
KANSAS,2022,18,"Dengue virus infections, Dengue",,-
MINNESOTA,2022,18,"Dengue virus infections, Dengue",,-
MISSOURI,2022,18,"Dengue virus infections, Dengue",,-
NEBRASKA,2022,18,"Dengue virus infections, Dengue",,-
NORTH DAKOTA,2022,18,"Dengue virus infections, Dengue",,-
SOUTH DAKOTA,2022,18,"Dengue virus infections, Dengue",,-
SOUTH ATLANTIC,2022,18,"Dengue virus infections, Dengue",,-
DELAWARE,2022,18,"Dengue virus infections, Dengue",,-
DISTRICT OF COLUMBIA,2022,18,"Dengue virus infections, Dengue",,-
FLORIDA,2022,18,"Dengue virus infections, Dengue",,-
GEORGIA,2022,18,"Dengue virus infections, Dengue",,-
MARYLAND,2022,18,"Dengue virus infections, Dengue",,-
NORTH CAROLINA,2022,18,"Dengue virus infections, Dengue",,-
SOUTH CAROLINA,2022,18,"Dengue virus infections, Dengue",,-
VIRGINIA,2022,18,"Dengue virus infections, Dengue",,-
WEST VIRGINIA,2022,18,"Dengue virus infections, Dengue",,-
EAST SOUTH CENTRAL,2022,18,"Dengue virus infections, Dengue",,-
ALABAMA,2022,18,"Dengue virus infections, Dengue",,-
KENTUCKY,2022,18,"Dengue virus infections, Dengue",,-
MISSISSIPPI,2022,18,"Dengue virus infections, Dengue",,-
TENNESSEE,2022,18,"Dengue virus infections, Dengue",,-
WEST SOUTH CENTRAL,2022,18,"Dengue virus infections, Dengue",,-
ARKANSAS,2022,18,"Dengue virus infections, Dengue",,-
LOUISIANA,2022,18,"Dengue virus infections, Dengue",,-
OKLAHOMA,2022,18,"Dengue virus infections, Dengue",,-
TEXAS,2022,18,"Dengue virus infections, Dengue",,-
MOUNTAIN,2022,18,"Dengue virus infections, Dengue",,-
ARIZONA,2022,18,"Dengue virus infections, Dengue",,-
COLORADO,2022,18,"Dengue virus infections, Dengue",,-
IDAHO,2022,18,"Dengue virus infections, Dengue",,-
MONTANA,2022,18,"Dengue virus infections, Dengue",,-
NEVADA,2022,18,"Dengue virus infections, Dengue",,-
NEW MEXICO,2022,18,"Dengue virus infections, Dengue",,-
UTAH,2022,18,"Dengue virus infections, Dengue",,-
WYOMING,2022,18,"Dengue virus infections, Dengue",,-
PACIFIC,2022,18,"Dengue virus infections, Dengue",,-
ALASKA,2022,18,"Dengue virus infections, Dengue",,-
CALIFORNIA,2022,18,"Dengue virus infections, Dengue",,-
HAWAII,2022,18,"Dengue virus infections, Dengue",,-
OREGON,2022,18,"Dengue virus infections, Dengue",,-
WASHINGTON,2022,18,"Dengue virus infections, Dengue",,-
US TERRITORIES,2022,18,"Dengue virus infections, Dengue",,-
AMERICAN SAMOA,2022,18,"Dengue virus infections, Dengue",,-
NORTHERN MARIANA ISLANDS,2022,18,"Dengue virus infections, Dengue",,-
GUAM,2022,18,"Dengue virus infections, Dengue",,-
PUERTO RICO,2022,18,"Dengue virus infections, Dengue",,-
U.S. VIRGIN ISLANDS,2022,18,"Dengue virus infections, Dengue",,-
NON-US RESIDENTS,2022,18,"Dengue virus infections, Dengue",,-
TOTAL,2022,18,"Dengue virus infections, Dengue",,-
US RESIDENTS,2022,19,"Dengue virus infections, Dengue",,-
NEW ENGLAND,2022,19,"Dengue virus infections, Dengue",,-
CONNECTICUT,2022,19,"Dengue virus infections, Dengue",,-
MAINE,2022,19,"Dengue virus infections, Dengue",,-
MASSACHUSETTS,2022,19,"Dengue virus infections, Dengue",,-
NEW HAMPSHIRE,2022,19,"Dengue virus infections, Dengue",,-
RHODE ISLAND,2022,19,"Dengue virus infections, Dengue",,-
VERMONT,2022,19,"Dengue virus infections, Dengue",,-
MIDDLE ATLANTIC,2022,19,"Dengue virus infections, Dengue",,-
NEW JERSEY,2022,19,"Dengue virus infections, Dengue",,-
NEW YORK,2022,19,"Dengue virus infections, Dengue",,-
NEW YORK CITY,2022,19,"Dengue virus infections, Dengue",,-
PENNSYLVANIA,2022,19,"Dengue virus infections, Dengue",,-
EAST NORTH CENTRAL,2022,19,"Dengue virus infections, Dengue",,-
ILLINOIS,2022,19,"Dengue virus infections, Dengue",,-
INDIANA,2022,19,"Dengue virus infections, Dengue",,-
MICHIGAN,2022,19,"Dengue virus infections, Dengue",,-
OHIO,2022,19,"Dengue virus infections, Dengue",,-
WISCONSIN,2022,19,"Dengue virus infections, Dengue",,-
WEST NORTH CENTRAL,2022,19,"Dengue virus infections, Dengue",,-
IOWA,2022,19,"Dengue virus infections, Dengue",,-
KANSAS,2022,19,"Dengue virus infections, Dengue",,-
MINNESOTA,2022,19,"Dengue virus infections, Dengue",,-
MISSOURI,2022,19,"Dengue virus infections, Dengue",,-
NEBRASKA,2022,19,"Dengue virus infections, Dengue",,-
NORTH DAKOTA,2022,19,"Dengue virus infections, Dengue",,-
SOUTH DAKOTA,2022,19,"Dengue virus infections, Dengue",,-
SOUTH ATLANTIC,2022,19,"Dengue virus infections, Dengue",,-
DELAWARE,2022,19,"Dengue virus infections, Dengue",,-
DISTRICT OF COLUMBIA,2022,19,"Dengue virus infections, Dengue",,-
FLORIDA,2022,19,"Dengue virus infections, Dengue",,-
GEORGIA,2022,19,"Dengue virus infections, Dengue",,-
MARYLAND,2022,19,"Dengue virus infections, Dengue",,-
NORTH CAROLINA,2022,19,"Dengue virus infections, Dengue",,-
SOUTH CAROLINA,2022,19,"Dengue virus infections, Dengue",,-
VIRGINIA,2022,19,"Dengue virus infections, Dengue",,-
WEST VIRGINIA,2022,19,"Dengue virus infections, Dengue",,-
EAST SOUTH CENTRAL,2022,19,"Dengue virus infections, Dengue",,-
ALABAMA,2022,19,"Dengue virus infections, Dengue",,-
KENTUCKY,2022,19,"Dengue virus infections, Dengue",,-
MISSISSIPPI,2022,19,"Dengue virus infections, Dengue",,-
TENNESSEE,2022,19,"Dengue virus infections, Dengue",,-
WEST SOUTH CENTRAL,2022,19,"Dengue virus infections, Dengue",,-
ARKANSAS,2022,19,"Dengue virus infections, Dengue",,-
LOUISIANA,2022,19,"Dengue virus infections, Dengue",,-
OKLAHOMA,2022,19,"Dengue virus infections, Dengue",,-
TEXAS,2022,19,"Dengue virus infections, Dengue",,-
MOUNTAIN,2022,19,"Dengue virus infections, Dengue",,-
ARIZONA,2022,19,"Dengue virus infections, Dengue",,-
COLORADO,2022,19,"Dengue virus infections, Dengue",,-
IDAHO,2022,19,"Dengue virus infections, Dengue",,-
MONTANA,2022,19,"Dengue virus infections, Dengue",,-
NEVADA,2022,19,"Dengue virus infections, Dengue",,-
NEW MEXICO,2022,19,"Dengue virus infections, Dengue",,-
UTAH,2022,19,"Dengue virus infections, Dengue",,-
WYOMING,2022,19,"Dengue virus infections, Dengue",,-
PACIFIC,2022,19,"Dengue virus infections, Dengue",,-
ALASKA,2022,19,"Dengue virus infections, Dengue",,-
CALIFORNIA,2022,19,"Dengue virus infections, Dengue",,-
HAWAII,2022,19,"Dengue virus infections, Dengue",,-
OREGON,2022,19,"Dengue virus infections, Dengue",,-
WASHINGTON,2022,19,"Dengue virus infections, Dengue",,-
US TERRITORIES,2022,19,"Dengue virus infections, Dengue",,-
AMERICAN SAMOA,2022,19,"Dengue virus infections, Dengue",,-
NORTHERN MARIANA ISLANDS,2022,19,"Dengue virus infections, Dengue",,-
GUAM,2022,19,"Dengue virus infections, Dengue",,-
PUERTO RICO,2022,19,"Dengue virus infections, Dengue",,-
U.S. VIRGIN ISLANDS,2022,19,"Dengue virus infections, Dengue",,-
NON-US RESIDENTS,2022,19,"Dengue virus infections, Dengue",,-
TOTAL,2022,19,"Dengue virus infections, Dengue",,-
US RESIDENTS,2022,20,"Dengue virus infections, Dengue",,-
NEW ENGLAND,2022,20,"Dengue virus infections, Dengue",,-
CONNECTICUT,2022,20,"Dengue virus infections, Dengue",,-
MAINE,2022,20,"Dengue virus infections, Dengue",,-
MASSACHUSETTS,2022,20,"Dengue virus infections, Dengue",,-
NEW HAMPSHIRE,2022,20,"Dengue virus infections, Dengue",,-
RHODE ISLAND,2022,20,"Dengue virus infections, Dengue",,-
VERMONT,2022,20,"Dengue virus infections, Dengue",,-
MIDDLE ATLANTIC,2022,20,"Dengue virus infections, Dengue",,-
NEW JERSEY,2022,20,"Dengue virus infections, Dengue",,-
NEW YORK,2022,20,"Dengue virus infections, Dengue",,-
NEW YORK CITY,2022,20,"Dengue virus infections, Dengue",,-
PENNSYLVANIA,2022,20,"Dengue virus infections, Dengue",,-
EAST NORTH CENTRAL,2022,20,"Dengue virus infections, Dengue",,-
ILLINOIS,2022,20,"Dengue virus infections, Dengue",,-
INDIANA,2022,20,"Dengue virus infections, Dengue",,-
MICHIGAN,2022,20,"Dengue virus infections, Dengue",,-
OHIO,2022,20,"Dengue virus infections, Dengue",,-
WISCONSIN,2022,20,"Dengue virus infections, Dengue",,-
WEST NORTH CENTRAL,2022,20,"Dengue virus infections, Dengue",,-
IOWA,2022,20,"Dengue virus infections, Dengue",,-
KANSAS,2022,20,"Dengue virus infections, Dengue",,-
MINNESOTA,2022,20,"Dengue virus infections, Dengue",,-
MISSOURI,2022,20,"Dengue virus infections, Dengue",,-
NEBRASKA,2022,20,"Dengue virus infections, Dengue",,-
NORTH DAKOTA,2022,20,"Dengue virus infections, Dengue",,-
SOUTH DAKOTA,2022,20,"Dengue virus infections, Dengue",,-
SOUTH ATLANTIC,2022,20,"Dengue virus infections, Dengue",,-
DELAWARE,2022,20,"Dengue virus infections, Dengue",,-
DISTRICT OF COLUMBIA,2022,20,"Dengue virus infections, Dengue",,-
FLORIDA,2022,20,"Dengue virus infections, Dengue",,-
GEORGIA,2022,20,"Dengue virus infections, Dengue",,-
MARYLAND,2022,20,"Dengue virus infections, Dengue",,-
NORTH CAROLINA,2022,20,"Dengue virus infections, Dengue",,-
SOUTH CAROLINA,2022,20,"Dengue virus infections, Dengue",,-
VIRGINIA,2022,20,"Dengue virus infections, Dengue",,-
WEST VIRGINIA,2022,20,"Dengue virus infections, Dengue",,-
EAST SOUTH CENTRAL,2022,20,"Dengue virus infections, Dengue",,-
ALABAMA,2022,20,"Dengue virus infections, Dengue",,-
KENTUCKY,2022,20,"Dengue virus infections, Dengue",,-
MISSISSIPPI,2022,20,"Dengue virus infections, Dengue",,-
TENNESSEE,2022,20,"Dengue virus infections, Dengue",,-
WEST SOUTH CENTRAL,2022,20,"Dengue virus infections, Dengue",,-
ARKANSAS,2022,20,"Dengue virus infections, Dengue",,-
LOUISIANA,2022,20,"Dengue virus infections, Dengue",,-
OKLAHOMA,2022,20,"Dengue virus infections, Dengue",,-
TEXAS,2022,20,"Dengue virus infections, Dengue",,-
MOUNTAIN,2022,20,"Dengue virus infections, Dengue",,-
ARIZONA,2022,20,"Dengue virus infections, Dengue",,-
COLORADO,2022,20,"Dengue virus infections, Dengue",,-
IDAHO,2022,20,"Dengue virus infections, Dengue",,-
MONTANA,2022,20,"Dengue virus infections, Dengue",,-
NEVADA,2022,20,"Dengue virus infections, Dengue",,-
NEW MEXICO,2022,20,"Dengue virus infections, Dengue",,-
UTAH,2022,20,"Dengue virus infections, Dengue",,-
WYOMING,2022,20,"Dengue virus infections, Dengue",,-
PACIFIC,2022,20,"Dengue virus infections, Dengue",,-
ALASKA,2022,20,"Dengue virus infections, Dengue",,-
CALIFORNIA,2022,20,"Dengue virus infections, Dengue",,-
HAWAII,2022,20,"Dengue virus infections, Dengue",,-
OREGON,2022,20,"Dengue virus infections, Dengue",,-
WASHINGTON,2022,20,"Dengue virus infections, Dengue",,-
US TERRITORIES,2022,20,"Dengue virus infections, Dengue",,-
AMERICAN SAMOA,2022,20,"Dengue virus infections, Dengue",,-
NORTHERN MARIANA ISLANDS,2022,20,"Dengue virus infections, Dengue",,-
GUAM,2022,20,"Dengue virus infections, Dengue",,-
PUERTO RICO,2022,20,"Dengue virus infections, Dengue",,-
U.S. VIRGIN ISLANDS,2022,20,"Dengue virus infections, Dengue",,-
NON-US RESIDENTS,2022,20,"Dengue virus infections, Dengue",,-
TOTAL,2022,20,"Dengue virus infections, Dengue",,-
US RESIDENTS,2022,21,"Dengue virus infections, Dengue",,-
NEW ENGLAND,2022,21,"Dengue virus infections, Dengue",,-
CONNECTICUT,2022,21,"Dengue virus infections, Dengue",,-
MAINE,2022,21,"Dengue virus infections, Dengue",,-
MASSACHUSETTS,2022,21,"Dengue virus infections, Dengue",,-
NEW HAMPSHIRE,2022,21,"Dengue virus infections, Dengue",,-
RHODE ISLAND,2022,21,"Dengue virus infections, Dengue",,-
VERMONT,2022,21,"Dengue virus infections, Dengue",,-
MIDDLE ATLANTIC,2022,21,"Dengue virus infections, Dengue",,-
NEW JERSEY,2022,21,"Dengue virus infections, Dengue",,-
NEW YORK,2022,21,"Dengue virus infections, Dengue",,-
NEW YORK CITY,2022,21,"Dengue virus infections, Dengue",,-
PENNSYLVANIA,2022,21,"Dengue virus infections, Dengue",,-
EAST NORTH CENTRAL,2022,21,"Dengue virus infections, Dengue",,-
ILLINOIS,2022,21,"Dengue virus infections, Dengue",,-
INDIANA,2022,21,"Dengue virus infections, Dengue",,-
MICHIGAN,2022,21,"Dengue virus infections, Dengue",,-
OHIO,2022,21,"Dengue virus infections, Dengue",,-
WISCONSIN,2022,21,"Dengue virus infections, Dengue",,-
WEST NORTH CENTRAL,2022,21,"Dengue virus infections, Dengue",,-
IOWA,2022,21,"Dengue virus infections, Dengue",,-
KANSAS,2022,21,"Dengue virus infections, Dengue",,-
MINNESOTA,2022,21,"Dengue virus infections, Dengue",,-
MISSOURI,2022,21,"Dengue virus infections, Dengue",,-
NEBRASKA,2022,21,"Dengue virus infections, Dengue",,-
NORTH DAKOTA,2022,21,"Dengue virus infections, Dengue",,-
SOUTH DAKOTA,2022,21,"Dengue virus infections, Dengue",,-
SOUTH ATLANTIC,2022,21,"Dengue virus infections, Dengue",,-
DELAWARE,2022,21,"Dengue virus infections, Dengue",,-
DISTRICT OF COLUMBIA,2022,21,"Dengue virus infections, Dengue",,-
FLORIDA,2022,21,"Dengue virus infections, Dengue",,-
GEORGIA,2022,21,"Dengue virus infections, Dengue",,-
MARYLAND,2022,21,"Dengue virus infections, Dengue",,-
NORTH CAROLINA,2022,21,"Dengue virus infections, Dengue",,-
SOUTH CAROLINA,2022,21,"Dengue virus infections, Dengue",,-
VIRGINIA,2022,21,"Dengue virus infections, Dengue",,-
WEST VIRGINIA,2022,21,"Dengue virus infections, Dengue",,-
EAST SOUTH CENTRAL,2022,21,"Dengue virus infections, Dengue",,-
ALABAMA,2022,21,"Dengue virus infections, Dengue",,-
KENTUCKY,2022,21,"Dengue virus infections, Dengue",,-
MISSISSIPPI,2022,21,"Dengue virus infections, Dengue",,-
TENNESSEE,2022,21,"Dengue virus infections, Dengue",,-
WEST SOUTH CENTRAL,2022,21,"Dengue virus infections, Dengue",,-
ARKANSAS,2022,21,"Dengue virus infections, Dengue",,-
LOUISIANA,2022,21,"Dengue virus infections, Dengue",,-
OKLAHOMA,2022,21,"Dengue virus infections, Dengue",,-
TEXAS,2022,21,"Dengue virus infections, Dengue",,-
MOUNTAIN,2022,21,"Dengue virus infections, Dengue",,-
ARIZONA,2022,21,"Dengue virus infections, Dengue",,-
COLORADO,2022,21,"Dengue virus infections, Dengue",,-
IDAHO,2022,21,"Dengue virus infections, Dengue",,-
MONTANA,2022,21,"Dengue virus infections, Dengue",,-
NEVADA,2022,21,"Dengue virus infections, Dengue",,-
NEW MEXICO,2022,21,"Dengue virus infections, Dengue",,-
UTAH,2022,21,"Dengue virus infections, Dengue",,-
WYOMING,2022,21,"Dengue virus infections, Dengue",,-
PACIFIC,2022,21,"Dengue virus infections, Dengue",,-
ALASKA,2022,21,"Dengue virus infections, Dengue",,-
CALIFORNIA,2022,21,"Dengue virus infections, Dengue",,-
HAWAII,2022,21,"Dengue virus infections, Dengue",,-
OREGON,2022,21,"Dengue virus infections, Dengue",,-
WASHINGTON,2022,21,"Dengue virus infections, Dengue",,-
US TERRITORIES,2022,21,"Dengue virus infections, Dengue",,-
AMERICAN SAMOA,2022,21,"Dengue virus infections, Dengue",,-
NORTHERN MARIANA ISLANDS,2022,21,"Dengue virus infections, Dengue",,-
GUAM,2022,21,"Dengue virus infections, Dengue",,-
PUERTO RICO,2022,21,"Dengue virus infections, Dengue",,-
U.S. VIRGIN ISLANDS,2022,21,"Dengue virus infections, Dengue",,-
NON-US RESIDENTS,2022,21,"Dengue virus infections, Dengue",,-
TOTAL,2022,21,"Dengue virus infections, Dengue",,-
US RESIDENTS,2022,22,"Dengue virus infections, Dengue",,-
NEW ENGLAND,2022,22,"Dengue virus infections, Dengue",,-
CONNECTICUT,2022,22,"Dengue virus infections, Dengue",,-
MAINE,2022,22,"Dengue virus infections, Dengue",,-
MASSACHUSETTS,2022,22,"Dengue virus infections, Dengue",,-
NEW HAMPSHIRE,2022,22,"Dengue virus infections, Dengue",,-
RHODE ISLAND,2022,22,"Dengue virus infections, Dengue",,-
VERMONT,2022,22,"Dengue virus infections, Dengue",,-
MIDDLE ATLANTIC,2022,22,"Dengue virus infections, Dengue",,-
NEW JERSEY,2022,22,"Dengue virus infections, Dengue",,-
NEW YORK,2022,22,"Dengue virus infections, Dengue",,-
NEW YORK CITY,2022,22,"Dengue virus infections, Dengue",,-
PENNSYLVANIA,2022,22,"Dengue virus infections, Dengue",,-
EAST NORTH CENTRAL,2022,22,"Dengue virus infections, Dengue",,-
ILLINOIS,2022,22,"Dengue virus infections, Dengue",,-
INDIANA,2022,22,"Dengue virus infections, Dengue",,-
MICHIGAN,2022,22,"Dengue virus infections, Dengue",,-
OHIO,2022,22,"Dengue virus infections, Dengue",,-
WISCONSIN,2022,22,"Dengue virus infections, Dengue",,-
WEST NORTH CENTRAL,2022,22,"Dengue virus infections, Dengue",,-
IOWA,2022,22,"Dengue virus infections, Dengue",,-
KANSAS,2022,22,"Dengue virus infections, Dengue",,-
MINNESOTA,2022,22,"Dengue virus infections, Dengue",,-
MISSOURI,2022,22,"Dengue virus infections, Dengue",,-
NEBRASKA,2022,22,"Dengue virus infections, Dengue",,-
NORTH DAKOTA,2022,22,"Dengue virus infections, Dengue",,-
SOUTH DAKOTA,2022,22,"Dengue virus infections, Dengue",,-
SOUTH ATLANTIC,2022,22,"Dengue virus infections, Dengue",,-
DELAWARE,2022,22,"Dengue virus infections, Dengue",,-
DISTRICT OF COLUMBIA,2022,22,"Dengue virus infections, Dengue",,-
FLORIDA,2022,22,"Dengue virus infections, Dengue",,-
GEORGIA,2022,22,"Dengue virus infections, Dengue",,-
MARYLAND,2022,22,"Dengue virus infections, Dengue",,-
NORTH CAROLINA,2022,22,"Dengue virus infections, Dengue",,-
SOUTH CAROLINA,2022,22,"Dengue virus infections, Dengue",,-
VIRGINIA,2022,22,"Dengue virus infections, Dengue",,-
WEST VIRGINIA,2022,22,"Dengue virus infections, Dengue",,-
EAST SOUTH CENTRAL,2022,22,"Dengue virus infections, Dengue",,-
ALABAMA,2022,22,"Dengue virus infections, Dengue",,-
KENTUCKY,2022,22,"Dengue virus infections, Dengue",,-
MISSISSIPPI,2022,22,"Dengue virus infections, Dengue",,-
TENNESSEE,2022,22,"Dengue virus infections, Dengue",,-
WEST SOUTH CENTRAL,2022,22,"Dengue virus infections, Dengue",,-
ARKANSAS,2022,22,"Dengue virus infections, Dengue",,-
LOUISIANA,2022,22,"Dengue virus infections, Dengue",,-
OKLAHOMA,2022,22,"Dengue virus infections, Dengue",,-
TEXAS,2022,22,"Dengue virus infections, Dengue",,-
MOUNTAIN,2022,22,"Dengue virus infections, Dengue",,-
ARIZONA,2022,22,"Dengue virus infections, Dengue",,-
COLORADO,2022,22,"Dengue virus infections, Dengue",,-
IDAHO,2022,22,"Dengue virus infections, Dengue",,-
MONTANA,2022,22,"Dengue virus infections, Dengue",,-
NEVADA,2022,22,"Dengue virus infections, Dengue",,-
NEW MEXICO,2022,22,"Dengue virus infections, Dengue",,-
UTAH,2022,22,"Dengue virus infections, Dengue",,-
WYOMING,2022,22,"Dengue virus infections, Dengue",,-
PACIFIC,2022,22,"Dengue virus infections, Dengue",,-
ALASKA,2022,22,"Dengue virus infections, Dengue",,-
CALIFORNIA,2022,22,"Dengue virus infections, Dengue",,-
HAWAII,2022,22,"Dengue virus infections, Dengue",,-
OREGON,2022,22,"Dengue virus infections, Dengue",,-
WASHINGTON,2022,22,"Dengue virus infections, Dengue",,-
US TERRITORIES,2022,22,"Dengue virus infections, Dengue",,-
AMERICAN SAMOA,2022,22,"Dengue virus infections, Dengue",,-
NORTHERN MARIANA ISLANDS,2022,22,"Dengue virus infections, Dengue",,-
GUAM,2022,22,"Dengue virus infections, Dengue",,-
PUERTO RICO,2022,22,"Dengue virus infections, Dengue",,-
U.S. VIRGIN ISLANDS,2022,22,"Dengue virus infections, Dengue",,-
NON-US RESIDENTS,2022,22,"Dengue virus infections, Dengue",,-
TOTAL,2022,22,"Dengue virus infections, Dengue",,-
US RESIDENTS,2022,23,"Dengue virus infections, Dengue",,-
NEW ENGLAND,2022,23,"Dengue virus infections, Dengue",,-
CONNECTICUT,2022,23,"Dengue virus infections, Dengue",,-
MAINE,2022,23,"Dengue virus infections, Dengue",,-
MASSACHUSETTS,2022,23,"Dengue virus infections, Dengue",,-
NEW HAMPSHIRE,2022,23,"Dengue virus infections, Dengue",,-
RHODE ISLAND,2022,23,"Dengue virus infections, Dengue",,-
VERMONT,2022,23,"Dengue virus infections, Dengue",,-
MIDDLE ATLANTIC,2022,23,"Dengue virus infections, Dengue",,-
NEW JERSEY,2022,23,"Dengue virus infections, Dengue",,-
NEW YORK,2022,23,"Dengue virus infections, Dengue",,-
NEW YORK CITY,2022,23,"Dengue virus infections, Dengue",,-
PENNSYLVANIA,2022,23,"Dengue virus infections, Dengue",,-
EAST NORTH CENTRAL,2022,23,"Dengue virus infections, Dengue",,-
ILLINOIS,2022,23,"Dengue virus infections, Dengue",,-
INDIANA,2022,23,"Dengue virus infections, Dengue",,-
MICHIGAN,2022,23,"Dengue virus infections, Dengue",,-
OHIO,2022,23,"Dengue virus infections, Dengue",,-
WISCONSIN,2022,23,"Dengue virus infections, Dengue",,-
WEST NORTH CENTRAL,2022,23,"Dengue virus infections, Dengue",,-
IOWA,2022,23,"Dengue virus infections, Dengue",,-
KANSAS,2022,23,"Dengue virus infections, Dengue",,-
MINNESOTA,2022,23,"Dengue virus infections, Dengue",,-
MISSOURI,2022,23,"Dengue virus infections, Dengue",,-
NEBRASKA,2022,23,"Dengue virus infections, Dengue",,-
NORTH DAKOTA,2022,23,"Dengue virus infections, Dengue",,-
SOUTH DAKOTA,2022,23,"Dengue virus infections, Dengue",,-
SOUTH ATLANTIC,2022,23,"Dengue virus infections, Dengue",,-
DELAWARE,2022,23,"Dengue virus infections, Dengue",,-
DISTRICT OF COLUMBIA,2022,23,"Dengue virus infections, Dengue",,-
FLORIDA,2022,23,"Dengue virus infections, Dengue",,-
GEORGIA,2022,23,"Dengue virus infections, Dengue",,-
MARYLAND,2022,23,"Dengue virus infections, Dengue",,-
NORTH CAROLINA,2022,23,"Dengue virus infections, Dengue",,-
SOUTH CAROLINA,2022,23,"Dengue virus infections, Dengue",,-
VIRGINIA,2022,23,"Dengue virus infections, Dengue",,-
WEST VIRGINIA,2022,23,"Dengue virus infections, Dengue",,-
EAST SOUTH CENTRAL,2022,23,"Dengue virus infections, Dengue",,-
ALABAMA,2022,23,"Dengue virus infections, Dengue",,-
KENTUCKY,2022,23,"Dengue virus infections, Dengue",,-
MISSISSIPPI,2022,23,"Dengue virus infections, Dengue",,-
TENNESSEE,2022,23,"Dengue virus infections, Dengue",,-
WEST SOUTH CENTRAL,2022,23,"Dengue virus infections, Dengue",,-
ARKANSAS,2022,23,"Dengue virus infections, Dengue",,-
LOUISIANA,2022,23,"Dengue virus infections, Dengue",,-
OKLAHOMA,2022,23,"Dengue virus infections, Dengue",,-
TEXAS,2022,23,"Dengue virus infections, Dengue",,-
MOUNTAIN,2022,23,"Dengue virus infections, Dengue",,-
ARIZONA,2022,23,"Dengue virus infections, Dengue",,-
COLORADO,2022,23,"Dengue virus infections, Dengue",,-
IDAHO,2022,23,"Dengue virus infections, Dengue",,-
MONTANA,2022,23,"Dengue virus infections, Dengue",,-
NEVADA,2022,23,"Dengue virus infections, Dengue",,-
NEW MEXICO,2022,23,"Dengue virus infections, Dengue",,-
UTAH,2022,23,"Dengue virus infections, Dengue",,-
WYOMING,2022,23,"Dengue virus infections, Dengue",,-
PACIFIC,2022,23,"Dengue virus infections, Dengue",,-
ALASKA,2022,23,"Dengue virus infections, Dengue",,-
CALIFORNIA,2022,23,"Dengue virus infections, Dengue",,-
HAWAII,2022,23,"Dengue virus infections, Dengue",,-
OREGON,2022,23,"Dengue virus infections, Dengue",,-
WASHINGTON,2022,23,"Dengue virus infections, Dengue",,-
US TERRITORIES,2022,23,"Dengue virus infections, Dengue",,-
AMERICAN SAMOA,2022,23,"Dengue virus infections, Dengue",,-
NORTHERN MARIANA ISLANDS,2022,23,"Dengue virus infections, Dengue",,-
GUAM,2022,23,"Dengue virus infections, Dengue",,-
PUERTO RICO,2022,23,"Dengue virus infections, Dengue",,-
U.S. VIRGIN ISLANDS,2022,23,"Dengue virus infections, Dengue",,-
NON-US RESIDENTS,2022,23,"Dengue virus infections, Dengue",,-
TOTAL,2022,23,"Dengue virus infections, Dengue",,-
US RESIDENTS,2022,24,"Dengue virus infections, Dengue",,-
NEW ENGLAND,2022,24,"Dengue virus infections, Dengue",,-
CONNECTICUT,2022,24,"Dengue virus infections, Dengue",,-
MAINE,2022,24,"Dengue virus infections, Dengue",,-
MASSACHUSETTS,2022,24,"Dengue virus infections, Dengue",,-
NEW HAMPSHIRE,2022,24,"Dengue virus infections, Dengue",,-
RHODE ISLAND,2022,24,"Dengue virus infections, Dengue",,-
VERMONT,2022,24,"Dengue virus infections, Dengue",,-
MIDDLE ATLANTIC,2022,24,"Dengue virus infections, Dengue",,-
NEW JERSEY,2022,24,"Dengue virus infections, Dengue",,-
NEW YORK,2022,24,"Dengue virus infections, Dengue",,-
NEW YORK CITY,2022,24,"Dengue virus infections, Dengue",,-
PENNSYLVANIA,2022,24,"Dengue virus infections, Dengue",,-
EAST NORTH CENTRAL,2022,24,"Dengue virus infections, Dengue",,-
ILLINOIS,2022,24,"Dengue virus infections, Dengue",,-
INDIANA,2022,24,"Dengue virus infections, Dengue",,-
MICHIGAN,2022,24,"Dengue virus infections, Dengue",,-
OHIO,2022,24,"Dengue virus infections, Dengue",,-
WISCONSIN,2022,24,"Dengue virus infections, Dengue",,-
WEST NORTH CENTRAL,2022,24,"Dengue virus infections, Dengue",,-
IOWA,2022,24,"Dengue virus infections, Dengue",,-
KANSAS,2022,24,"Dengue virus infections, Dengue",,-
MINNESOTA,2022,24,"Dengue virus infections, Dengue",,-
MISSOURI,2022,24,"Dengue virus infections, Dengue",,-
NEBRASKA,2022,24,"Dengue virus infections, Dengue",,-
NORTH DAKOTA,2022,24,"Dengue virus infections, Dengue",,-
SOUTH DAKOTA,2022,24,"Dengue virus infections, Dengue",,-
SOUTH ATLANTIC,2022,24,"Dengue virus infections, Dengue",,-
DELAWARE,2022,24,"Dengue virus infections, Dengue",,-
DISTRICT OF COLUMBIA,2022,24,"Dengue virus infections, Dengue",,-
FLORIDA,2022,24,"Dengue virus infections, Dengue",,-
GEORGIA,2022,24,"Dengue virus infections, Dengue",,-
MARYLAND,2022,24,"Dengue virus infections, Dengue",,-
NORTH CAROLINA,2022,24,"Dengue virus infections, Dengue",,-
SOUTH CAROLINA,2022,24,"Dengue virus infections, Dengue",,-
VIRGINIA,2022,24,"Dengue virus infections, Dengue",,-
WEST VIRGINIA,2022,24,"Dengue virus infections, Dengue",,-
EAST SOUTH CENTRAL,2022,24,"Dengue virus infections, Dengue",,-
ALABAMA,2022,24,"Dengue virus infections, Dengue",,-
KENTUCKY,2022,24,"Dengue virus infections, Dengue",,-
MISSISSIPPI,2022,24,"Dengue virus infections, Dengue",,-
TENNESSEE,2022,24,"Dengue virus infections, Dengue",,-
WEST SOUTH CENTRAL,2022,24,"Dengue virus infections, Dengue",,-
ARKANSAS,2022,24,"Dengue virus infections, Dengue",,-
LOUISIANA,2022,24,"Dengue virus infections, Dengue",,-
OKLAHOMA,2022,24,"Dengue virus infections, Dengue",,-
TEXAS,2022,24,"Dengue virus infections, Dengue",,-
MOUNTAIN,2022,24,"Dengue virus infections, Dengue",,-
ARIZONA,2022,24,"Dengue virus infections, Dengue",,-
COLORADO,2022,24,"Dengue virus infections, Dengue",,-
IDAHO,2022,24,"Dengue virus infections, Dengue",,-
MONTANA,2022,24,"Dengue virus infections, Dengue",,-
NEVADA,2022,24,"Dengue virus infections, Dengue",,-
NEW MEXICO,2022,24,"Dengue virus infections, Dengue",,-
UTAH,2022,24,"Dengue virus infections, Dengue",,-
WYOMING,2022,24,"Dengue virus infections, Dengue",,-
PACIFIC,2022,24,"Dengue virus infections, Dengue",,-
ALASKA,2022,24,"Dengue virus infections, Dengue",,-
CALIFORNIA,2022,24,"Dengue virus infections, Dengue",,-
HAWAII,2022,24,"Dengue virus infections, Dengue",,-
OREGON,2022,24,"Dengue virus infections, Dengue",,-
WASHINGTON,2022,24,"Dengue virus infections, Dengue",,-
US TERRITORIES,2022,24,"Dengue virus infections, Dengue",,-
AMERICAN SAMOA,2022,24,"Dengue virus infections, Dengue",,-
NORTHERN MARIANA ISLANDS,2022,24,"Dengue virus infections, Dengue",,-
GUAM,2022,24,"Dengue virus infections, Dengue",,-
PUERTO RICO,2022,24,"Dengue virus infections, Dengue",,-
U.S. VIRGIN ISLANDS,2022,24,"Dengue virus infections, Dengue",,-
NON-US RESIDENTS,2022,24,"Dengue virus infections, Dengue",,-
TOTAL,2022,24,"Dengue virus infections, Dengue",,-
US RESIDENTS,2022,25,"Dengue virus infections, Dengue",1,-
NEW ENGLAND,2022,25,"Dengue virus infections, Dengue",,-
CONNECTICUT,2022,25,"Dengue virus infections, Dengue",,-
MAINE,2022,25,"Dengue virus infections, Dengue",,-
MASSACHUSETTS,2022,25,"Dengue virus infections, Dengue",,-
NEW HAMPSHIRE,2022,25,"Dengue virus infections, Dengue",,-
RHODE ISLAND,2022,25,"Dengue virus infections, Dengue",,-
VERMONT,2022,25,"Dengue virus infections, Dengue",,-
MIDDLE ATLANTIC,2022,25,"Dengue virus infections, Dengue",,-
NEW JERSEY,2022,25,"Dengue virus infections, Dengue",,-
NEW YORK,2022,25,"Dengue virus infections, Dengue",,-
NEW YORK CITY,2022,25,"Dengue virus infections, Dengue",,-
PENNSYLVANIA,2022,25,"Dengue virus infections, Dengue",,-
EAST NORTH CENTRAL,2022,25,"Dengue virus infections, Dengue",,-
ILLINOIS,2022,25,"Dengue virus infections, Dengue",,-
INDIANA,2022,25,"Dengue virus infections, Dengue",,-
MICHIGAN,2022,25,"Dengue virus infections, Dengue",,-
OHIO,2022,25,"Dengue virus infections, Dengue",,-
WISCONSIN,2022,25,"Dengue virus infections, Dengue",,-
WEST NORTH CENTRAL,2022,25,"Dengue virus infections, Dengue",,-
IOWA,2022,25,"Dengue virus infections, Dengue",,-
KANSAS,2022,25,"Dengue virus infections, Dengue",,-
MINNESOTA,2022,25,"Dengue virus infections, Dengue",,-
MISSOURI,2022,25,"Dengue virus infections, Dengue",,-
NEBRASKA,2022,25,"Dengue virus infections, Dengue",,-
NORTH DAKOTA,2022,25,"Dengue virus infections, Dengue",,-
SOUTH DAKOTA,2022,25,"Dengue virus infections, Dengue",,-
SOUTH ATLANTIC,2022,25,"Dengue virus infections, Dengue",1,-
DELAWARE,2022,25,"Dengue virus infections, Dengue",,-
DISTRICT OF COLUMBIA,2022,25,"Dengue virus infections, Dengue",,-
FLORIDA,2022,25,"Dengue virus infections, Dengue",,-
GEORGIA,2022,25,"Dengue virus infections, Dengue",,-
MARYLAND,2022,25,"Dengue virus infections, Dengue",1,-
NORTH CAROLINA,2022,25,"Dengue virus infections, Dengue",,-
SOUTH CAROLINA,2022,25,"Dengue virus infections, Dengue",,-
VIRGINIA,2022,25,"Dengue virus infections, Dengue",,-
WEST VIRGINIA,2022,25,"Dengue virus infections, Dengue",,-
EAST SOUTH CENTRAL,2022,25,"Dengue virus infections, Dengue",,-
ALABAMA,2022,25,"Dengue virus infections, Dengue",,-
KENTUCKY,2022,25,"Dengue virus infections, Dengue",,-
MISSISSIPPI,2022,25,"Dengue virus infections, Dengue",,-
TENNESSEE,2022,25,"Dengue virus infections, Dengue",,-
WEST SOUTH CENTRAL,2022,25,"Dengue virus infections, Dengue",,-
ARKANSAS,2022,25,"Dengue virus infections, Dengue",,-
LOUISIANA,2022,25,"Dengue virus infections, Dengue",,-
OKLAHOMA,2022,25,"Dengue virus infections, Dengue",,-
TEXAS,2022,25,"Dengue virus infections, Dengue",,-
MOUNTAIN,2022,25,"Dengue virus infections, Dengue",,-
ARIZONA,2022,25,"Dengue virus infections, Dengue",,-
COLORADO,2022,25,"Dengue virus infections, Dengue",,-
IDAHO,2022,25,"Dengue virus infections, Dengue",,-
MONTANA,2022,25,"Dengue virus infections, Dengue",,-
NEVADA,2022,25,"Dengue virus infections, Dengue",,-
NEW MEXICO,2022,25,"Dengue virus infections, Dengue",,-
UTAH,2022,25,"Dengue virus infections, Dengue",,-
WYOMING,2022,25,"Dengue virus infections, Dengue",,-
PACIFIC,2022,25,"Dengue virus infections, Dengue",,-
ALASKA,2022,25,"Dengue virus infections, Dengue",,-
CALIFORNIA,2022,25,"Dengue virus infections, Dengue",,-
HAWAII,2022,25,"Dengue virus infections, Dengue",,-
OREGON,2022,25,"Dengue virus infections, Dengue",,-
WASHINGTON,2022,25,"Dengue virus infections, Dengue",,-
US TERRITORIES,2022,25,"Dengue virus infections, Dengue",,-
AMERICAN SAMOA,2022,25,"Dengue virus infections, Dengue",,-
NORTHERN MARIANA ISLANDS,2022,25,"Dengue virus infections, Dengue",,-
GUAM,2022,25,"Dengue virus infections, Dengue",,-
PUERTO RICO,2022,25,"Dengue virus infections, Dengue",,-
U.S. VIRGIN ISLANDS,2022,25,"Dengue virus infections, Dengue",,-
NON-US RESIDENTS,2022,25,"Dengue virus infections, Dengue",,-
TOTAL,2022,25,"Dengue virus infections, Dengue",1,-
US RESIDENTS,2022,26,"Dengue virus infections, Dengue",1,-
NEW ENGLAND,2022,26,"Dengue virus infections, Dengue",,-
CONNECTICUT,2022,26,"Dengue virus infections, Dengue",,-
MAINE,2022,26,"Dengue virus infections, Dengue",,-
MASSACHUSETTS,2022,26,"Dengue virus infections, Dengue",,-
NEW HAMPSHIRE,2022,26,"Dengue virus infections, Dengue",,-
RHODE ISLAND,2022,26,"Dengue virus infections, Dengue",,-
VERMONT,2022,26,"Dengue virus infections, Dengue",,-
MIDDLE ATLANTIC,2022,26,"Dengue virus infections, Dengue",,-
NEW JERSEY,2022,26,"Dengue virus infections, Dengue",,-
NEW YORK,2022,26,"Dengue virus infections, Dengue",,-
NEW YORK CITY,2022,26,"Dengue virus infections, Dengue",,-
PENNSYLVANIA,2022,26,"Dengue virus infections, Dengue",,-
EAST NORTH CENTRAL,2022,26,"Dengue virus infections, Dengue",,-
ILLINOIS,2022,26,"Dengue virus infections, Dengue",,-
INDIANA,2022,26,"Dengue virus infections, Dengue",,-
MICHIGAN,2022,26,"Dengue virus infections, Dengue",,-
OHIO,2022,26,"Dengue virus infections, Dengue",,-
WISCONSIN,2022,26,"Dengue virus infections, Dengue",,-
WEST NORTH CENTRAL,2022,26,"Dengue virus infections, Dengue",,-
IOWA,2022,26,"Dengue virus infections, Dengue",,-
KANSAS,2022,26,"Dengue virus infections, Dengue",,-
MINNESOTA,2022,26,"Dengue virus infections, Dengue",,-
MISSOURI,2022,26,"Dengue virus infections, Dengue",,-
NEBRASKA,2022,26,"Dengue virus infections, Dengue",,-
NORTH DAKOTA,2022,26,"Dengue virus infections, Dengue",,-
SOUTH DAKOTA,2022,26,"Dengue virus infections, Dengue",,-
SOUTH ATLANTIC,2022,26,"Dengue virus infections, Dengue",1,-
DELAWARE,2022,26,"Dengue virus infections, Dengue",,-
DISTRICT OF COLUMBIA,2022,26,"Dengue virus infections, Dengue",,-
FLORIDA,2022,26,"Dengue virus infections, Dengue",1,-
GEORGIA,2022,26,"Dengue virus infections, Dengue",,-
MARYLAND,2022,26,"Dengue virus infections, Dengue",,-
NORTH CAROLINA,2022,26,"Dengue virus infections, Dengue",,-
SOUTH CAROLINA,2022,26,"Dengue virus infections, Dengue",,-
VIRGINIA,2022,26,"Dengue virus infections, Dengue",,-
WEST VIRGINIA,2022,26,"Dengue virus infections, Dengue",,-
EAST SOUTH CENTRAL,2022,26,"Dengue virus infections, Dengue",,-
ALABAMA,2022,26,"Dengue virus infections, Dengue",,-
KENTUCKY,2022,26,"Dengue virus infections, Dengue",,-
MISSISSIPPI,2022,26,"Dengue virus infections, Dengue",,-
TENNESSEE,2022,26,"Dengue virus infections, Dengue",,-
WEST SOUTH CENTRAL,2022,26,"Dengue virus infections, Dengue",,-
ARKANSAS,2022,26,"Dengue virus infections, Dengue",,-
LOUISIANA,2022,26,"Dengue virus infections, Dengue",,-
OKLAHOMA,2022,26,"Dengue virus infections, Dengue",,-
TEXAS,2022,26,"Dengue virus infections, Dengue",,-
MOUNTAIN,2022,26,"Dengue virus infections, Dengue",,-
ARIZONA,2022,26,"Dengue virus infections, Dengue",,-
COLORADO,2022,26,"Dengue virus infections, Dengue",,-
IDAHO,2022,26,"Dengue virus infections, Dengue",,-
MONTANA,2022,26,"Dengue virus infections, Dengue",,-
NEVADA,2022,26,"Dengue virus infections, Dengue",,-
NEW MEXICO,2022,26,"Dengue virus infections, Dengue",,-
UTAH,2022,26,"Dengue virus infections, Dengue",,-
WYOMING,2022,26,"Dengue virus infections, Dengue",,-
PACIFIC,2022,26,"Dengue virus infections, Dengue",,-
ALASKA,2022,26,"Dengue virus infections, Dengue",,-
CALIFORNIA,2022,26,"Dengue virus infections, Dengue",,-
HAWAII,2022,26,"Dengue virus infections, Dengue",,-
OREGON,2022,26,"Dengue virus infections, Dengue",,-
WASHINGTON,2022,26,"Dengue virus infections, Dengue",,-
US TERRITORIES,2022,26,"Dengue virus infections, Dengue",,-
AMERICAN SAMOA,2022,26,"Dengue virus infections, Dengue",,-
NORTHERN MARIANA ISLANDS,2022,26,"Dengue virus infections, Dengue",,-
GUAM,2022,26,"Dengue virus infections, Dengue",,-
PUERTO RICO,2022,26,"Dengue virus infections, Dengue",,-
U.S. VIRGIN ISLANDS,2022,26,"Dengue virus infections, Dengue",,-
NON-US RESIDENTS,2022,26,"Dengue virus infections, Dengue",,-
TOTAL,2022,26,"Dengue virus infections, Dengue",1,-
US RESIDENTS,2022,27,"Dengue virus infections, Dengue",,-
NEW ENGLAND,2022,27,"Dengue virus infections, Dengue",,-
CONNECTICUT,2022,27,"Dengue virus infections, Dengue",,-
MAINE,2022,27,"Dengue virus infections, Dengue",,-
MASSACHUSETTS,2022,27,"Dengue virus infections, Dengue",,-
NEW HAMPSHIRE,2022,27,"Dengue virus infections, Dengue",,-
RHODE ISLAND,2022,27,"Dengue virus infections, Dengue",,-
VERMONT,2022,27,"Dengue virus infections, Dengue",,-
MIDDLE ATLANTIC,2022,27,"Dengue virus infections, Dengue",,-
NEW JERSEY,2022,27,"Dengue virus infections, Dengue",,-
NEW YORK,2022,27,"Dengue virus infections, Dengue",,-
NEW YORK CITY,2022,27,"Dengue virus infections, Dengue",,-
PENNSYLVANIA,2022,27,"Dengue virus infections, Dengue",,-
EAST NORTH CENTRAL,2022,27,"Dengue virus infections, Dengue",,-
ILLINOIS,2022,27,"Dengue virus infections, Dengue",,-
INDIANA,2022,27,"Dengue virus infections, Dengue",,-
MICHIGAN,2022,27,"Dengue virus infections, Dengue",,-
OHIO,2022,27,"Dengue virus infections, Dengue",,-
WISCONSIN,2022,27,"Dengue virus infections, Dengue",,-
WEST NORTH CENTRAL,2022,27,"Dengue virus infections, Dengue",,-
IOWA,2022,27,"Dengue virus infections, Dengue",,-
KANSAS,2022,27,"Dengue virus infections, Dengue",,-
MINNESOTA,2022,27,"Dengue virus infections, Dengue",,-
MISSOURI,2022,27,"Dengue virus infections, Dengue",,-
NEBRASKA,2022,27,"Dengue virus infections, Dengue",,-
NORTH DAKOTA,2022,27,"Dengue virus infections, Dengue",,-
SOUTH DAKOTA,2022,27,"Dengue virus infections, Dengue",,-
SOUTH ATLANTIC,2022,27,"Dengue virus infections, Dengue",,-
DELAWARE,2022,27,"Dengue virus infections, Dengue",,-
DISTRICT OF COLUMBIA,2022,27,"Dengue virus infections, Dengue",,-
FLORIDA,2022,27,"Dengue virus infections, Dengue",,-
GEORGIA,2022,27,"Dengue virus infections, Dengue",,-
MARYLAND,2022,27,"Dengue virus infections, Dengue",,-
NORTH CAROLINA,2022,27,"Dengue virus infections, Dengue",,-
SOUTH CAROLINA,2022,27,"Dengue virus infections, Dengue",,-
VIRGINIA,2022,27,"Dengue virus infections, Dengue",,-
WEST VIRGINIA,2022,27,"Dengue virus infections, Dengue",,-
EAST SOUTH CENTRAL,2022,27,"Dengue virus infections, Dengue",,-
ALABAMA,2022,27,"Dengue virus infections, Dengue",,-
KENTUCKY,2022,27,"Dengue virus infections, Dengue",,-
MISSISSIPPI,2022,27,"Dengue virus infections, Dengue",,-
TENNESSEE,2022,27,"Dengue virus infections, Dengue",,-
WEST SOUTH CENTRAL,2022,27,"Dengue virus infections, Dengue",,-
ARKANSAS,2022,27,"Dengue virus infections, Dengue",,-
LOUISIANA,2022,27,"Dengue virus infections, Dengue",,-
OKLAHOMA,2022,27,"Dengue virus infections, Dengue",,-
TEXAS,2022,27,"Dengue virus infections, Dengue",,-
MOUNTAIN,2022,27,"Dengue virus infections, Dengue",,-
ARIZONA,2022,27,"Dengue virus infections, Dengue",,-
COLORADO,2022,27,"Dengue virus infections, Dengue",,-
IDAHO,2022,27,"Dengue virus infections, Dengue",,-
MONTANA,2022,27,"Dengue virus infections, Dengue",,-
NEVADA,2022,27,"Dengue virus infections, Dengue",,-
NEW MEXICO,2022,27,"Dengue virus infections, Dengue",,-
UTAH,2022,27,"Dengue virus infections, Dengue",,-
WYOMING,2022,27,"Dengue virus infections, Dengue",,-
PACIFIC,2022,27,"Dengue virus infections, Dengue",,-
ALASKA,2022,27,"Dengue virus infections, Dengue",,-
CALIFORNIA,2022,27,"Dengue virus infections, Dengue",,-
HAWAII,2022,27,"Dengue virus infections, Dengue",,-
OREGON,2022,27,"Dengue virus infections, Dengue",,-
WASHINGTON,2022,27,"Dengue virus infections, Dengue",,-
US TERRITORIES,2022,27,"Dengue virus infections, Dengue",,-
AMERICAN SAMOA,2022,27,"Dengue virus infections, Dengue",,-
NORTHERN MARIANA ISLANDS,2022,27,"Dengue virus infections, Dengue",,-
GUAM,2022,27,"Dengue virus infections, Dengue",,-
PUERTO RICO,2022,27,"Dengue virus infections, Dengue",,-
U.S. VIRGIN ISLANDS,2022,27,"Dengue virus infections, Dengue",,-
NON-US RESIDENTS,2022,27,"Dengue virus infections, Dengue",,-
TOTAL,2022,27,"Dengue virus infections, Dengue",,-
US RESIDENTS,2022,28,"Dengue virus infections, Dengue",,-
NEW ENGLAND,2022,28,"Dengue virus infections, Dengue",,-
CONNECTICUT,2022,28,"Dengue virus infections, Dengue",,-
MAINE,2022,28,"Dengue virus infections, Dengue",,-
MASSACHUSETTS,2022,28,"Dengue virus infections, Dengue",,-
NEW HAMPSHIRE,2022,28,"Dengue virus infections, Dengue",,-
RHODE ISLAND,2022,28,"Dengue virus infections, Dengue",,-
VERMONT,2022,28,"Dengue virus infections, Dengue",,-
MIDDLE ATLANTIC,2022,28,"Dengue virus infections, Dengue",,-
NEW JERSEY,2022,28,"Dengue virus infections, Dengue",,-
NEW YORK,2022,28,"Dengue virus infections, Dengue",,-
NEW YORK CITY,2022,28,"Dengue virus infections, Dengue",,-
PENNSYLVANIA,2022,28,"Dengue virus infections, Dengue",,-
EAST NORTH CENTRAL,2022,28,"Dengue virus infections, Dengue",,-
ILLINOIS,2022,28,"Dengue virus infections, Dengue",,-
INDIANA,2022,28,"Dengue virus infections, Dengue",,-
MICHIGAN,2022,28,"Dengue virus infections, Dengue",,-
OHIO,2022,28,"Dengue virus infections, Dengue",,-
WISCONSIN,2022,28,"Dengue virus infections, Dengue",,-
WEST NORTH CENTRAL,2022,28,"Dengue virus infections, Dengue",,-
IOWA,2022,28,"Dengue virus infections, Dengue",,-
KANSAS,2022,28,"Dengue virus infections, Dengue",,-
MINNESOTA,2022,28,"Dengue virus infections, Dengue",,-
MISSOURI,2022,28,"Dengue virus infections, Dengue",,-
NEBRASKA,2022,28,"Dengue virus infections, Dengue",,-
NORTH DAKOTA,2022,28,"Dengue virus infections, Dengue",,-
SOUTH DAKOTA,2022,28,"Dengue virus infections, Dengue",,-
SOUTH ATLANTIC,2022,28,"Dengue virus infections, Dengue",,-
DELAWARE,2022,28,"Dengue virus infections, Dengue",,-
DISTRICT OF COLUMBIA,2022,28,"Dengue virus infections, Dengue",,-
FLORIDA,2022,28,"Dengue virus infections, Dengue",,-
GEORGIA,2022,28,"Dengue virus infections, Dengue",,-
MARYLAND,2022,28,"Dengue virus infections, Dengue",,-
NORTH CAROLINA,2022,28,"Dengue virus infections, Dengue",,-
SOUTH CAROLINA,2022,28,"Dengue virus infections, Dengue",,-
VIRGINIA,2022,28,"Dengue virus infections, Dengue",,-
WEST VIRGINIA,2022,28,"Dengue virus infections, Dengue",,-
EAST SOUTH CENTRAL,2022,28,"Dengue virus infections, Dengue",,-
ALABAMA,2022,28,"Dengue virus infections, Dengue",,-
KENTUCKY,2022,28,"Dengue virus infections, Dengue",,-
MISSISSIPPI,2022,28,"Dengue virus infections, Dengue",,-
TENNESSEE,2022,28,"Dengue virus infections, Dengue",,-
WEST SOUTH CENTRAL,2022,28,"Dengue virus infections, Dengue",,-
ARKANSAS,2022,28,"Dengue virus infections, Dengue",,-
LOUISIANA,2022,28,"Dengue virus infections, Dengue",,-
OKLAHOMA,2022,28,"Dengue virus infections, Dengue",,-
TEXAS,2022,28,"Dengue virus infections, Dengue",,-
MOUNTAIN,2022,28,"Dengue virus infections, Dengue",,-
ARIZONA,2022,28,"Dengue virus infections, Dengue",,-
COLORADO,2022,28,"Dengue virus infections, Dengue",,-
IDAHO,2022,28,"Dengue virus infections, Dengue",,-
MONTANA,2022,28,"Dengue virus infections, Dengue",,-
NEVADA,2022,28,"Dengue virus infections, Dengue",,-
NEW MEXICO,2022,28,"Dengue virus infections, Dengue",,-
UTAH,2022,28,"Dengue virus infections, Dengue",,-
WYOMING,2022,28,"Dengue virus infections, Dengue",,-
PACIFIC,2022,28,"Dengue virus infections, Dengue",,-
ALASKA,2022,28,"Dengue virus infections, Dengue",,-
CALIFORNIA,2022,28,"Dengue virus infections, Dengue",,-
HAWAII,2022,28,"Dengue virus infections, Dengue",,-
OREGON,2022,28,"Dengue virus infections, Dengue",,-
WASHINGTON,2022,28,"Dengue virus infections, Dengue",,-
US TERRITORIES,2022,28,"Dengue virus infections, Dengue",,-
AMERICAN SAMOA,2022,28,"Dengue virus infections, Dengue",,-
NORTHERN MARIANA ISLANDS,2022,28,"Dengue virus infections, Dengue",,-
GUAM,2022,28,"Dengue virus infections, Dengue",,-
PUERTO RICO,2022,28,"Dengue virus infections, Dengue",,-
U.S. VIRGIN ISLANDS,2022,28,"Dengue virus infections, Dengue",,-
NON-US RESIDENTS,2022,28,"Dengue virus infections, Dengue",,-
TOTAL,2022,28,"Dengue virus infections, Dengue",,-
US RESIDENTS,2022,29,"Dengue virus infections, Dengue",7,-
NEW ENGLAND,2022,29,"Dengue virus infections, Dengue",,-
CONNECTICUT,2022,29,"Dengue virus infections, Dengue",,-
MAINE,2022,29,"Dengue virus infections, Dengue",,-
MASSACHUSETTS,2022,29,"Dengue virus infections, Dengue",,-
NEW HAMPSHIRE,2022,29,"Dengue virus infections, Dengue",,-
RHODE ISLAND,2022,29,"Dengue virus infections, Dengue",,-
VERMONT,2022,29,"Dengue virus infections, Dengue",,-
MIDDLE ATLANTIC,2022,29,"Dengue virus infections, Dengue",,-
NEW JERSEY,2022,29,"Dengue virus infections, Dengue",,-
NEW YORK,2022,29,"Dengue virus infections, Dengue",,-
NEW YORK CITY,2022,29,"Dengue virus infections, Dengue",,-
PENNSYLVANIA,2022,29,"Dengue virus infections, Dengue",,-
EAST NORTH CENTRAL,2022,29,"Dengue virus infections, Dengue",,-
ILLINOIS,2022,29,"Dengue virus infections, Dengue",,-
INDIANA,2022,29,"Dengue virus infections, Dengue",,-
MICHIGAN,2022,29,"Dengue virus infections, Dengue",,-
OHIO,2022,29,"Dengue virus infections, Dengue",,-
WISCONSIN,2022,29,"Dengue virus infections, Dengue",,-
WEST NORTH CENTRAL,2022,29,"Dengue virus infections, Dengue",,-
IOWA,2022,29,"Dengue virus infections, Dengue",,-
KANSAS,2022,29,"Dengue virus infections, Dengue",,-
MINNESOTA,2022,29,"Dengue virus infections, Dengue",,-
MISSOURI,2022,29,"Dengue virus infections, Dengue",,-
NEBRASKA,2022,29,"Dengue virus infections, Dengue",,-
NORTH DAKOTA,2022,29,"Dengue virus infections, Dengue",,-
SOUTH DAKOTA,2022,29,"Dengue virus infections, Dengue",,-
SOUTH ATLANTIC,2022,29,"Dengue virus infections, Dengue",7,-
DELAWARE,2022,29,"Dengue virus infections, Dengue",,-
DISTRICT OF COLUMBIA,2022,29,"Dengue virus infections, Dengue",,-
FLORIDA,2022,29,"Dengue virus infections, Dengue",7,-
GEORGIA,2022,29,"Dengue virus infections, Dengue",,-
MARYLAND,2022,29,"Dengue virus infections, Dengue",,-
NORTH CAROLINA,2022,29,"Dengue virus infections, Dengue",,-
SOUTH CAROLINA,2022,29,"Dengue virus infections, Dengue",,-
VIRGINIA,2022,29,"Dengue virus infections, Dengue",,-
WEST VIRGINIA,2022,29,"Dengue virus infections, Dengue",,-
EAST SOUTH CENTRAL,2022,29,"Dengue virus infections, Dengue",,-
ALABAMA,2022,29,"Dengue virus infections, Dengue",,-
KENTUCKY,2022,29,"Dengue virus infections, Dengue",,-
MISSISSIPPI,2022,29,"Dengue virus infections, Dengue",,-
TENNESSEE,2022,29,"Dengue virus infections, Dengue",,-
WEST SOUTH CENTRAL,2022,29,"Dengue virus infections, Dengue",,-
ARKANSAS,2022,29,"Dengue virus infections, Dengue",,-
LOUISIANA,2022,29,"Dengue virus infections, Dengue",,-
OKLAHOMA,2022,29,"Dengue virus infections, Dengue",,-
TEXAS,2022,29,"Dengue virus infections, Dengue",,-
MOUNTAIN,2022,29,"Dengue virus infections, Dengue",,-
ARIZONA,2022,29,"Dengue virus infections, Dengue",,-
COLORADO,2022,29,"Dengue virus infections, Dengue",,-
IDAHO,2022,29,"Dengue virus infections, Dengue",,-
MONTANA,2022,29,"Dengue virus infections, Dengue",,-
NEVADA,2022,29,"Dengue virus infections, Dengue",,-
NEW MEXICO,2022,29,"Dengue virus infections, Dengue",,-
UTAH,2022,29,"Dengue virus infections, Dengue",,-
WYOMING,2022,29,"Dengue virus infections, Dengue",,-
PACIFIC,2022,29,"Dengue virus infections, Dengue",,-
ALASKA,2022,29,"Dengue virus infections, Dengue",,-
CALIFORNIA,2022,29,"Dengue virus infections, Dengue",,-
HAWAII,2022,29,"Dengue virus infections, Dengue",,-
OREGON,2022,29,"Dengue virus infections, Dengue",,-
WASHINGTON,2022,29,"Dengue virus infections, Dengue",,-
US TERRITORIES,2022,29,"Dengue virus infections, Dengue",,-
AMERICAN SAMOA,2022,29,"Dengue virus infections, Dengue",,-
NORTHERN MARIANA ISLANDS,2022,29,"Dengue virus infections, Dengue",,-
GUAM,2022,29,"Dengue virus infections, Dengue",,-
PUERTO RICO,2022,29,"Dengue virus infections, Dengue",,-
U.S. VIRGIN ISLANDS,2022,29,"Dengue virus infections, Dengue",,-
NON-US RESIDENTS,2022,29,"Dengue virus infections, Dengue",,-
TOTAL,2022,29,"Dengue virus infections, Dengue",7,-
US RESIDENTS,2022,30,"Dengue virus infections, Dengue",8,-
NEW ENGLAND,2022,30,"Dengue virus infections, Dengue",,-
CONNECTICUT,2022,30,"Dengue virus infections, Dengue",,-
MAINE,2022,30,"Dengue virus infections, Dengue",,-
MASSACHUSETTS,2022,30,"Dengue virus infections, Dengue",,-
NEW HAMPSHIRE,2022,30,"Dengue virus infections, Dengue",,-
RHODE ISLAND,2022,30,"Dengue virus infections, Dengue",,-
VERMONT,2022,30,"Dengue virus infections, Dengue",,-
MIDDLE ATLANTIC,2022,30,"Dengue virus infections, Dengue",,-
NEW JERSEY,2022,30,"Dengue virus infections, Dengue",,-
NEW YORK,2022,30,"Dengue virus infections, Dengue",,-
NEW YORK CITY,2022,30,"Dengue virus infections, Dengue",,-
PENNSYLVANIA,2022,30,"Dengue virus infections, Dengue",,-
EAST NORTH CENTRAL,2022,30,"Dengue virus infections, Dengue",,-
ILLINOIS,2022,30,"Dengue virus infections, Dengue",,-
INDIANA,2022,30,"Dengue virus infections, Dengue",,-
MICHIGAN,2022,30,"Dengue virus infections, Dengue",,-
OHIO,2022,30,"Dengue virus infections, Dengue",,-
WISCONSIN,2022,30,"Dengue virus infections, Dengue",,-
WEST NORTH CENTRAL,2022,30,"Dengue virus infections, Dengue",,-
IOWA,2022,30,"Dengue virus infections, Dengue",,-
KANSAS,2022,30,"Dengue virus infections, Dengue",,-
MINNESOTA,2022,30,"Dengue virus infections, Dengue",,-
MISSOURI,2022,30,"Dengue virus infections, Dengue",,-
NEBRASKA,2022,30,"Dengue virus infections, Dengue",,-
NORTH DAKOTA,2022,30,"Dengue virus infections, Dengue",,-
SOUTH DAKOTA,2022,30,"Dengue virus infections, Dengue",,-
SOUTH ATLANTIC,2022,30,"Dengue virus infections, Dengue",8,-
DELAWARE,2022,30,"Dengue virus infections, Dengue",,-
DISTRICT OF COLUMBIA,2022,30,"Dengue virus infections, Dengue",,-
FLORIDA,2022,30,"Dengue virus infections, Dengue",8,-
GEORGIA,2022,30,"Dengue virus infections, Dengue",,-
MARYLAND,2022,30,"Dengue virus infections, Dengue",,-
NORTH CAROLINA,2022,30,"Dengue virus infections, Dengue",,-
SOUTH CAROLINA,2022,30,"Dengue virus infections, Dengue",,-
VIRGINIA,2022,30,"Dengue virus infections, Dengue",,-
WEST VIRGINIA,2022,30,"Dengue virus infections, Dengue",,-
EAST SOUTH CENTRAL,2022,30,"Dengue virus infections, Dengue",,-
ALABAMA,2022,30,"Dengue virus infections, Dengue",,-
KENTUCKY,2022,30,"Dengue virus infections, Dengue",,-
MISSISSIPPI,2022,30,"Dengue virus infections, Dengue",,-
TENNESSEE,2022,30,"Dengue virus infections, Dengue",,-
WEST SOUTH CENTRAL,2022,30,"Dengue virus infections, Dengue",,-
ARKANSAS,2022,30,"Dengue virus infections, Dengue",,-
LOUISIANA,2022,30,"Dengue virus infections, Dengue",,-
OKLAHOMA,2022,30,"Dengue virus infections, Dengue",,-
TEXAS,2022,30,"Dengue virus infections, Dengue",,-
MOUNTAIN,2022,30,"Dengue virus infections, Dengue",,-
ARIZONA,2022,30,"Dengue virus infections, Dengue",,-
COLORADO,2022,30,"Dengue virus infections, Dengue",,-
IDAHO,2022,30,"Dengue virus infections, Dengue",,-
MONTANA,2022,30,"Dengue virus infections, Dengue",,-
NEVADA,2022,30,"Dengue virus infections, Dengue",,-
NEW MEXICO,2022,30,"Dengue virus infections, Dengue",,-
UTAH,2022,30,"Dengue virus infections, Dengue",,-
WYOMING,2022,30,"Dengue virus infections, Dengue",,-
PACIFIC,2022,30,"Dengue virus infections, Dengue",,-
ALASKA,2022,30,"Dengue virus infections, Dengue",,-
CALIFORNIA,2022,30,"Dengue virus infections, Dengue",,-
HAWAII,2022,30,"Dengue virus infections, Dengue",,-
OREGON,2022,30,"Dengue virus infections, Dengue",,-
WASHINGTON,2022,30,"Dengue virus infections, Dengue",,-
US TERRITORIES,2022,30,"Dengue virus infections, Dengue",,-
AMERICAN SAMOA,2022,30,"Dengue virus infections, Dengue",,-
NORTHERN MARIANA ISLANDS,2022,30,"Dengue virus infections, Dengue",,-
GUAM,2022,30,"Dengue virus infections, Dengue",,-
PUERTO RICO,2022,30,"Dengue virus infections, Dengue",,-
U.S. VIRGIN ISLANDS,2022,30,"Dengue virus infections, Dengue",,-
NON-US RESIDENTS,2022,30,"Dengue virus infections, Dengue",,-
TOTAL,2022,30,"Dengue virus infections, Dengue",8,-
US RESIDENTS,2022,31,"Dengue virus infections, Dengue",14,-
NEW ENGLAND,2022,31,"Dengue virus infections, Dengue",,-
CONNECTICUT,2022,31,"Dengue virus infections, Dengue",,-
MAINE,2022,31,"Dengue virus infections, Dengue",,-
MASSACHUSETTS,2022,31,"Dengue virus infections, Dengue",,-
NEW HAMPSHIRE,2022,31,"Dengue virus infections, Dengue",,-
RHODE ISLAND,2022,31,"Dengue virus infections, Dengue",,-
VERMONT,2022,31,"Dengue virus infections, Dengue",,-
MIDDLE ATLANTIC,2022,31,"Dengue virus infections, Dengue",,-
NEW JERSEY,2022,31,"Dengue virus infections, Dengue",,-
NEW YORK,2022,31,"Dengue virus infections, Dengue",,-
NEW YORK CITY,2022,31,"Dengue virus infections, Dengue",,-
PENNSYLVANIA,2022,31,"Dengue virus infections, Dengue",,-
EAST NORTH CENTRAL,2022,31,"Dengue virus infections, Dengue",,-
ILLINOIS,2022,31,"Dengue virus infections, Dengue",,-
INDIANA,2022,31,"Dengue virus infections, Dengue",,-
MICHIGAN,2022,31,"Dengue virus infections, Dengue",,-
OHIO,2022,31,"Dengue virus infections, Dengue",,-
WISCONSIN,2022,31,"Dengue virus infections, Dengue",,-
WEST NORTH CENTRAL,2022,31,"Dengue virus infections, Dengue",,-
IOWA,2022,31,"Dengue virus infections, Dengue",,-
KANSAS,2022,31,"Dengue virus infections, Dengue",,-
MINNESOTA,2022,31,"Dengue virus infections, Dengue",,-
MISSOURI,2022,31,"Dengue virus infections, Dengue",,-
NEBRASKA,2022,31,"Dengue virus infections, Dengue",,-
NORTH DAKOTA,2022,31,"Dengue virus infections, Dengue",,-
SOUTH DAKOTA,2022,31,"Dengue virus infections, Dengue",,-
SOUTH ATLANTIC,2022,31,"Dengue virus infections, Dengue",14,-
DELAWARE,2022,31,"Dengue virus infections, Dengue",,-
DISTRICT OF COLUMBIA,2022,31,"Dengue virus infections, Dengue",,-
FLORIDA,2022,31,"Dengue virus infections, Dengue",14,-
GEORGIA,2022,31,"Dengue virus infections, Dengue",,-
MARYLAND,2022,31,"Dengue virus infections, Dengue",,-
NORTH CAROLINA,2022,31,"Dengue virus infections, Dengue",,-
SOUTH CAROLINA,2022,31,"Dengue virus infections, Dengue",,-
VIRGINIA,2022,31,"Dengue virus infections, Dengue",,-
WEST VIRGINIA,2022,31,"Dengue virus infections, Dengue",,-
EAST SOUTH CENTRAL,2022,31,"Dengue virus infections, Dengue",,-
ALABAMA,2022,31,"Dengue virus infections, Dengue",,-
KENTUCKY,2022,31,"Dengue virus infections, Dengue",,-
MISSISSIPPI,2022,31,"Dengue virus infections, Dengue",,-
TENNESSEE,2022,31,"Dengue virus infections, Dengue",,-
WEST SOUTH CENTRAL,2022,31,"Dengue virus infections, Dengue",,-
ARKANSAS,2022,31,"Dengue virus infections, Dengue",,-
LOUISIANA,2022,31,"Dengue virus infections, Dengue",,-
OKLAHOMA,2022,31,"Dengue virus infections, Dengue",,-
TEXAS,2022,31,"Dengue virus infections, Dengue",,-
MOUNTAIN,2022,31,"Dengue virus infections, Dengue",,-
ARIZONA,2022,31,"Dengue virus infections, Dengue",,-
COLORADO,2022,31,"Dengue virus infections, Dengue",,-
IDAHO,2022,31,"Dengue virus infections, Dengue",,-
MONTANA,2022,31,"Dengue virus infections, Dengue",,-
NEVADA,2022,31,"Dengue virus infections, Dengue",,-
NEW MEXICO,2022,31,"Dengue virus infections, Dengue",,-
UTAH,2022,31,"Dengue virus infections, Dengue",,-
WYOMING,2022,31,"Dengue virus infections, Dengue",,-
PACIFIC,2022,31,"Dengue virus infections, Dengue",,-
ALASKA,2022,31,"Dengue virus infections, Dengue",,-
CALIFORNIA,2022,31,"Dengue virus infections, Dengue",,-
HAWAII,2022,31,"Dengue virus infections, Dengue",,-
OREGON,2022,31,"Dengue virus infections, Dengue",,-
WASHINGTON,2022,31,"Dengue virus infections, Dengue",,-
US TERRITORIES,2022,31,"Dengue virus infections, Dengue",,-
AMERICAN SAMOA,2022,31,"Dengue virus infections, Dengue",,-
NORTHERN MARIANA ISLANDS,2022,31,"Dengue virus infections, Dengue",,-
GUAM,2022,31,"Dengue virus infections, Dengue",,-
PUERTO RICO,2022,31,"Dengue virus infections, Dengue",,-
U.S. VIRGIN ISLANDS,2022,31,"Dengue virus infections, Dengue",,-
NON-US RESIDENTS,2022,31,"Dengue virus infections, Dengue",,-
TOTAL,2022,31,"Dengue virus infections, Dengue",14,-
US RESIDENTS,2022,32,"Dengue virus infections, Dengue",3,-
NEW ENGLAND,2022,32,"Dengue virus infections, Dengue",,-
CONNECTICUT,2022,32,"Dengue virus infections, Dengue",,-
MAINE,2022,32,"Dengue virus infections, Dengue",,-
MASSACHUSETTS,2022,32,"Dengue virus infections, Dengue",,-
NEW HAMPSHIRE,2022,32,"Dengue virus infections, Dengue",,-
RHODE ISLAND,2022,32,"Dengue virus infections, Dengue",,-
VERMONT,2022,32,"Dengue virus infections, Dengue",,-
MIDDLE ATLANTIC,2022,32,"Dengue virus infections, Dengue",,-
NEW JERSEY,2022,32,"Dengue virus infections, Dengue",,-
NEW YORK,2022,32,"Dengue virus infections, Dengue",,-
NEW YORK CITY,2022,32,"Dengue virus infections, Dengue",,-
PENNSYLVANIA,2022,32,"Dengue virus infections, Dengue",,-
EAST NORTH CENTRAL,2022,32,"Dengue virus infections, Dengue",,-
ILLINOIS,2022,32,"Dengue virus infections, Dengue",,-
INDIANA,2022,32,"Dengue virus infections, Dengue",,-
MICHIGAN,2022,32,"Dengue virus infections, Dengue",,-
OHIO,2022,32,"Dengue virus infections, Dengue",,-
WISCONSIN,2022,32,"Dengue virus infections, Dengue",,-
WEST NORTH CENTRAL,2022,32,"Dengue virus infections, Dengue",,-
IOWA,2022,32,"Dengue virus infections, Dengue",,-
KANSAS,2022,32,"Dengue virus infections, Dengue",,-
MINNESOTA,2022,32,"Dengue virus infections, Dengue",,-
MISSOURI,2022,32,"Dengue virus infections, Dengue",,-
NEBRASKA,2022,32,"Dengue virus infections, Dengue",,-
NORTH DAKOTA,2022,32,"Dengue virus infections, Dengue",,-
SOUTH DAKOTA,2022,32,"Dengue virus infections, Dengue",,-
SOUTH ATLANTIC,2022,32,"Dengue virus infections, Dengue",3,-
DELAWARE,2022,32,"Dengue virus infections, Dengue",,-
DISTRICT OF COLUMBIA,2022,32,"Dengue virus infections, Dengue",,-
FLORIDA,2022,32,"Dengue virus infections, Dengue",3,-
GEORGIA,2022,32,"Dengue virus infections, Dengue",,-
MARYLAND,2022,32,"Dengue virus infections, Dengue",,-
NORTH CAROLINA,2022,32,"Dengue virus infections, Dengue",,-
SOUTH CAROLINA,2022,32,"Dengue virus infections, Dengue",,-
VIRGINIA,2022,32,"Dengue virus infections, Dengue",,-
WEST VIRGINIA,2022,32,"Dengue virus infections, Dengue",,-
EAST SOUTH CENTRAL,2022,32,"Dengue virus infections, Dengue",,-
ALABAMA,2022,32,"Dengue virus infections, Dengue",,-
KENTUCKY,2022,32,"Dengue virus infections, Dengue",,-
MISSISSIPPI,2022,32,"Dengue virus infections, Dengue",,-
TENNESSEE,2022,32,"Dengue virus infections, Dengue",,-
WEST SOUTH CENTRAL,2022,32,"Dengue virus infections, Dengue",,-
ARKANSAS,2022,32,"Dengue virus infections, Dengue",,-
LOUISIANA,2022,32,"Dengue virus infections, Dengue",,-
OKLAHOMA,2022,32,"Dengue virus infections, Dengue",,-
TEXAS,2022,32,"Dengue virus infections, Dengue",,-
MOUNTAIN,2022,32,"Dengue virus infections, Dengue",,-
ARIZONA,2022,32,"Dengue virus infections, Dengue",,-
COLORADO,2022,32,"Dengue virus infections, Dengue",,-
IDAHO,2022,32,"Dengue virus infections, Dengue",,-
MONTANA,2022,32,"Dengue virus infections, Dengue",,-
NEVADA,2022,32,"Dengue virus infections, Dengue",,-
NEW MEXICO,2022,32,"Dengue virus infections, Dengue",,-
UTAH,2022,32,"Dengue virus infections, Dengue",,-
WYOMING,2022,32,"Dengue virus infections, Dengue",,-
PACIFIC,2022,32,"Dengue virus infections, Dengue",,-
ALASKA,2022,32,"Dengue virus infections, Dengue",,-
CALIFORNIA,2022,32,"Dengue virus infections, Dengue",,-
HAWAII,2022,32,"Dengue virus infections, Dengue",,-
OREGON,2022,32,"Dengue virus infections, Dengue",,-
WASHINGTON,2022,32,"Dengue virus infections, Dengue",,-
US TERRITORIES,2022,32,"Dengue virus infections, Dengue",,-
AMERICAN SAMOA,2022,32,"Dengue virus infections, Dengue",,-
NORTHERN MARIANA ISLANDS,2022,32,"Dengue virus infections, Dengue",,-
GUAM,2022,32,"Dengue virus infections, Dengue",,-
PUERTO RICO,2022,32,"Dengue virus infections, Dengue",,-
U.S. VIRGIN ISLANDS,2022,32,"Dengue virus infections, Dengue",,-
NON-US RESIDENTS,2022,32,"Dengue virus infections, Dengue",,-
TOTAL,2022,32,"Dengue virus infections, Dengue",3,-
US RESIDENTS,2022,33,"Dengue virus infections, Dengue",3,-
NEW ENGLAND,2022,33,"Dengue virus infections, Dengue",,-
CONNECTICUT,2022,33,"Dengue virus infections, Dengue",,-
MAINE,2022,33,"Dengue virus infections, Dengue",,-
MASSACHUSETTS,2022,33,"Dengue virus infections, Dengue",,-
NEW HAMPSHIRE,2022,33,"Dengue virus infections, Dengue",,-
RHODE ISLAND,2022,33,"Dengue virus infections, Dengue",,-
VERMONT,2022,33,"Dengue virus infections, Dengue",,-
MIDDLE ATLANTIC,2022,33,"Dengue virus infections, Dengue",,-
NEW JERSEY,2022,33,"Dengue virus infections, Dengue",,-
NEW YORK,2022,33,"Dengue virus infections, Dengue",,-
NEW YORK CITY,2022,33,"Dengue virus infections, Dengue",,-
PENNSYLVANIA,2022,33,"Dengue virus infections, Dengue",,-
EAST NORTH CENTRAL,2022,33,"Dengue virus infections, Dengue",,-
ILLINOIS,2022,33,"Dengue virus infections, Dengue",,-
INDIANA,2022,33,"Dengue virus infections, Dengue",,-
MICHIGAN,2022,33,"Dengue virus infections, Dengue",,-
OHIO,2022,33,"Dengue virus infections, Dengue",,-
WISCONSIN,2022,33,"Dengue virus infections, Dengue",,-
WEST NORTH CENTRAL,2022,33,"Dengue virus infections, Dengue",,-
IOWA,2022,33,"Dengue virus infections, Dengue",,-
KANSAS,2022,33,"Dengue virus infections, Dengue",,-
MINNESOTA,2022,33,"Dengue virus infections, Dengue",,-
MISSOURI,2022,33,"Dengue virus infections, Dengue",,-
NEBRASKA,2022,33,"Dengue virus infections, Dengue",,-
NORTH DAKOTA,2022,33,"Dengue virus infections, Dengue",,-
SOUTH DAKOTA,2022,33,"Dengue virus infections, Dengue",,-
SOUTH ATLANTIC,2022,33,"Dengue virus infections, Dengue",2,-
DELAWARE,2022,33,"Dengue virus infections, Dengue",,-
DISTRICT OF COLUMBIA,2022,33,"Dengue virus infections, Dengue",,-
FLORIDA,2022,33,"Dengue virus infections, Dengue",1,-
GEORGIA,2022,33,"Dengue virus infections, Dengue",,-
MARYLAND,2022,33,"Dengue virus infections, Dengue",1,-
NORTH CAROLINA,2022,33,"Dengue virus infections, Dengue",,-
SOUTH CAROLINA,2022,33,"Dengue virus infections, Dengue",,-
VIRGINIA,2022,33,"Dengue virus infections, Dengue",,-
WEST VIRGINIA,2022,33,"Dengue virus infections, Dengue",,-
EAST SOUTH CENTRAL,2022,33,"Dengue virus infections, Dengue",,-
ALABAMA,2022,33,"Dengue virus infections, Dengue",,-
KENTUCKY,2022,33,"Dengue virus infections, Dengue",,-
MISSISSIPPI,2022,33,"Dengue virus infections, Dengue",,-
TENNESSEE,2022,33,"Dengue virus infections, Dengue",,-
WEST SOUTH CENTRAL,2022,33,"Dengue virus infections, Dengue",,-
ARKANSAS,2022,33,"Dengue virus infections, Dengue",,-
LOUISIANA,2022,33,"Dengue virus infections, Dengue",,-
OKLAHOMA,2022,33,"Dengue virus infections, Dengue",,-
TEXAS,2022,33,"Dengue virus infections, Dengue",,-
MOUNTAIN,2022,33,"Dengue virus infections, Dengue",1,-
ARIZONA,2022,33,"Dengue virus infections, Dengue",1,-
COLORADO,2022,33,"Dengue virus infections, Dengue",,-
IDAHO,2022,33,"Dengue virus infections, Dengue",,-
MONTANA,2022,33,"Dengue virus infections, Dengue",,-
NEVADA,2022,33,"Dengue virus infections, Dengue",,-
NEW MEXICO,2022,33,"Dengue virus infections, Dengue",,-
UTAH,2022,33,"Dengue virus infections, Dengue",,-
WYOMING,2022,33,"Dengue virus infections, Dengue",,-
PACIFIC,2022,33,"Dengue virus infections, Dengue",,-
ALASKA,2022,33,"Dengue virus infections, Dengue",,-
CALIFORNIA,2022,33,"Dengue virus infections, Dengue",,-
HAWAII,2022,33,"Dengue virus infections, Dengue",,-
OREGON,2022,33,"Dengue virus infections, Dengue",,-
WASHINGTON,2022,33,"Dengue virus infections, Dengue",,-
US TERRITORIES,2022,33,"Dengue virus infections, Dengue",,-
AMERICAN SAMOA,2022,33,"Dengue virus infections, Dengue",,-
NORTHERN MARIANA ISLANDS,2022,33,"Dengue virus infections, Dengue",,-
GUAM,2022,33,"Dengue virus infections, Dengue",,-
PUERTO RICO,2022,33,"Dengue virus infections, Dengue",,-
U.S. VIRGIN ISLANDS,2022,33,"Dengue virus infections, Dengue",,-
NON-US RESIDENTS,2022,33,"Dengue virus infections, Dengue",,-
TOTAL,2022,33,"Dengue virus infections, Dengue",3,-
US RESIDENTS,2022,34,"Dengue virus infections, Dengue",5,-
NEW ENGLAND,2022,34,"Dengue virus infections, Dengue",,-
CONNECTICUT,2022,34,"Dengue virus infections, Dengue",,-
MAINE,2022,34,"Dengue virus infections, Dengue",,-
MASSACHUSETTS,2022,34,"Dengue virus infections, Dengue",,-
NEW HAMPSHIRE,2022,34,"Dengue virus infections, Dengue",,-
RHODE ISLAND,2022,34,"Dengue virus infections, Dengue",,-
VERMONT,2022,34,"Dengue virus infections, Dengue",,-
MIDDLE ATLANTIC,2022,34,"Dengue virus infections, Dengue",,-
NEW JERSEY,2022,34,"Dengue virus infections, Dengue",,-
NEW YORK,2022,34,"Dengue virus infections, Dengue",,-
NEW YORK CITY,2022,34,"Dengue virus infections, Dengue",,-
PENNSYLVANIA,2022,34,"Dengue virus infections, Dengue",,-
EAST NORTH CENTRAL,2022,34,"Dengue virus infections, Dengue",,-
ILLINOIS,2022,34,"Dengue virus infections, Dengue",,-
INDIANA,2022,34,"Dengue virus infections, Dengue",,-
MICHIGAN,2022,34,"Dengue virus infections, Dengue",,-
OHIO,2022,34,"Dengue virus infections, Dengue",,-
WISCONSIN,2022,34,"Dengue virus infections, Dengue",,-
WEST NORTH CENTRAL,2022,34,"Dengue virus infections, Dengue",,-
IOWA,2022,34,"Dengue virus infections, Dengue",,-
KANSAS,2022,34,"Dengue virus infections, Dengue",,-
MINNESOTA,2022,34,"Dengue virus infections, Dengue",,-
MISSOURI,2022,34,"Dengue virus infections, Dengue",,-
NEBRASKA,2022,34,"Dengue virus infections, Dengue",,-
NORTH DAKOTA,2022,34,"Dengue virus infections, Dengue",,-
SOUTH DAKOTA,2022,34,"Dengue virus infections, Dengue",,-
SOUTH ATLANTIC,2022,34,"Dengue virus infections, Dengue",4,-
DELAWARE,2022,34,"Dengue virus infections, Dengue",,-
DISTRICT OF COLUMBIA,2022,34,"Dengue virus infections, Dengue",,-
FLORIDA,2022,34,"Dengue virus infections, Dengue",4,-
GEORGIA,2022,34,"Dengue virus infections, Dengue",,-
MARYLAND,2022,34,"Dengue virus infections, Dengue",,-
NORTH CAROLINA,2022,34,"Dengue virus infections, Dengue",,-
SOUTH CAROLINA,2022,34,"Dengue virus infections, Dengue",,-
VIRGINIA,2022,34,"Dengue virus infections, Dengue",,-
WEST VIRGINIA,2022,34,"Dengue virus infections, Dengue",,-
EAST SOUTH CENTRAL,2022,34,"Dengue virus infections, Dengue",,-
ALABAMA,2022,34,"Dengue virus infections, Dengue",,-
KENTUCKY,2022,34,"Dengue virus infections, Dengue",,-
MISSISSIPPI,2022,34,"Dengue virus infections, Dengue",,-
TENNESSEE,2022,34,"Dengue virus infections, Dengue",,-
WEST SOUTH CENTRAL,2022,34,"Dengue virus infections, Dengue",1,-
ARKANSAS,2022,34,"Dengue virus infections, Dengue",1,-
LOUISIANA,2022,34,"Dengue virus infections, Dengue",,-
OKLAHOMA,2022,34,"Dengue virus infections, Dengue",,-
TEXAS,2022,34,"Dengue virus infections, Dengue",,-
MOUNTAIN,2022,34,"Dengue virus infections, Dengue",,-
ARIZONA,2022,34,"Dengue virus infections, Dengue",,-
COLORADO,2022,34,"Dengue virus infections, Dengue",,-
IDAHO,2022,34,"Dengue virus infections, Dengue",,-
MONTANA,2022,34,"Dengue virus infections, Dengue",,-
NEVADA,2022,34,"Dengue virus infections, Dengue",,-
NEW MEXICO,2022,34,"Dengue virus infections, Dengue",,-
UTAH,2022,34,"Dengue virus infections, Dengue",,-
WYOMING,2022,34,"Dengue virus infections, Dengue",,-
PACIFIC,2022,34,"Dengue virus infections, Dengue",,-
ALASKA,2022,34,"Dengue virus infections, Dengue",,-
CALIFORNIA,2022,34,"Dengue virus infections, Dengue",,-
HAWAII,2022,34,"Dengue virus infections, Dengue",,-
OREGON,2022,34,"Dengue virus infections, Dengue",,-
WASHINGTON,2022,34,"Dengue virus infections, Dengue",,-
US TERRITORIES,2022,34,"Dengue virus infections, Dengue",,-
AMERICAN SAMOA,2022,34,"Dengue virus infections, Dengue",,-
NORTHERN MARIANA ISLANDS,2022,34,"Dengue virus infections, Dengue",,-
GUAM,2022,34,"Dengue virus infections, Dengue",,-
PUERTO RICO,2022,34,"Dengue virus infections, Dengue",,-
U.S. VIRGIN ISLANDS,2022,34,"Dengue virus infections, Dengue",,-
NON-US RESIDENTS,2022,34,"Dengue virus infections, Dengue",,-
TOTAL,2022,34,"Dengue virus infections, Dengue",5,-
US RESIDENTS,2022,35,"Dengue virus infections, Dengue",1,-
NEW ENGLAND,2022,35,"Dengue virus infections, Dengue",,-
CONNECTICUT,2022,35,"Dengue virus infections, Dengue",,-
MAINE,2022,35,"Dengue virus infections, Dengue",,-
MASSACHUSETTS,2022,35,"Dengue virus infections, Dengue",,-
NEW HAMPSHIRE,2022,35,"Dengue virus infections, Dengue",,-
RHODE ISLAND,2022,35,"Dengue virus infections, Dengue",,-
VERMONT,2022,35,"Dengue virus infections, Dengue",,-
MIDDLE ATLANTIC,2022,35,"Dengue virus infections, Dengue",1,-
NEW JERSEY,2022,35,"Dengue virus infections, Dengue",,-
NEW YORK,2022,35,"Dengue virus infections, Dengue",1,-
NEW YORK CITY,2022,35,"Dengue virus infections, Dengue",,-
PENNSYLVANIA,2022,35,"Dengue virus infections, Dengue",,-
EAST NORTH CENTRAL,2022,35,"Dengue virus infections, Dengue",,-
ILLINOIS,2022,35,"Dengue virus infections, Dengue",,-
INDIANA,2022,35,"Dengue virus infections, Dengue",,-
MICHIGAN,2022,35,"Dengue virus infections, Dengue",,-
OHIO,2022,35,"Dengue virus infections, Dengue",,-
WISCONSIN,2022,35,"Dengue virus infections, Dengue",,-
WEST NORTH CENTRAL,2022,35,"Dengue virus infections, Dengue",,-
IOWA,2022,35,"Dengue virus infections, Dengue",,-
KANSAS,2022,35,"Dengue virus infections, Dengue",,-
MINNESOTA,2022,35,"Dengue virus infections, Dengue",,-
MISSOURI,2022,35,"Dengue virus infections, Dengue",,-
NEBRASKA,2022,35,"Dengue virus infections, Dengue",,-
NORTH DAKOTA,2022,35,"Dengue virus infections, Dengue",,-
SOUTH DAKOTA,2022,35,"Dengue virus infections, Dengue",,-
SOUTH ATLANTIC,2022,35,"Dengue virus infections, Dengue",,-
DELAWARE,2022,35,"Dengue virus infections, Dengue",,-
DISTRICT OF COLUMBIA,2022,35,"Dengue virus infections, Dengue",,-
FLORIDA,2022,35,"Dengue virus infections, Dengue",,-
GEORGIA,2022,35,"Dengue virus infections, Dengue",,-
MARYLAND,2022,35,"Dengue virus infections, Dengue",,-
NORTH CAROLINA,2022,35,"Dengue virus infections, Dengue",,-
SOUTH CAROLINA,2022,35,"Dengue virus infections, Dengue",,-
VIRGINIA,2022,35,"Dengue virus infections, Dengue",,-
WEST VIRGINIA,2022,35,"Dengue virus infections, Dengue",,-
EAST SOUTH CENTRAL,2022,35,"Dengue virus infections, Dengue",,-
ALABAMA,2022,35,"Dengue virus infections, Dengue",,-
KENTUCKY,2022,35,"Dengue virus infections, Dengue",,-
MISSISSIPPI,2022,35,"Dengue virus infections, Dengue",,-
TENNESSEE,2022,35,"Dengue virus infections, Dengue",,-
WEST SOUTH CENTRAL,2022,35,"Dengue virus infections, Dengue",,-
ARKANSAS,2022,35,"Dengue virus infections, Dengue",,-
LOUISIANA,2022,35,"Dengue virus infections, Dengue",,-
OKLAHOMA,2022,35,"Dengue virus infections, Dengue",,-
TEXAS,2022,35,"Dengue virus infections, Dengue",,-
MOUNTAIN,2022,35,"Dengue virus infections, Dengue",,-
ARIZONA,2022,35,"Dengue virus infections, Dengue",,-
COLORADO,2022,35,"Dengue virus infections, Dengue",,-
IDAHO,2022,35,"Dengue virus infections, Dengue",,-
MONTANA,2022,35,"Dengue virus infections, Dengue",,-
NEVADA,2022,35,"Dengue virus infections, Dengue",,-
NEW MEXICO,2022,35,"Dengue virus infections, Dengue",,-
UTAH,2022,35,"Dengue virus infections, Dengue",,-
WYOMING,2022,35,"Dengue virus infections, Dengue",,-
PACIFIC,2022,35,"Dengue virus infections, Dengue",,-
ALASKA,2022,35,"Dengue virus infections, Dengue",,-
CALIFORNIA,2022,35,"Dengue virus infections, Dengue",,-
HAWAII,2022,35,"Dengue virus infections, Dengue",,-
OREGON,2022,35,"Dengue virus infections, Dengue",,-
WASHINGTON,2022,35,"Dengue virus infections, Dengue",,-
US TERRITORIES,2022,35,"Dengue virus infections, Dengue",,-
AMERICAN SAMOA,2022,35,"Dengue virus infections, Dengue",,-
NORTHERN MARIANA ISLANDS,2022,35,"Dengue virus infections, Dengue",,-
GUAM,2022,35,"Dengue virus infections, Dengue",,-
PUERTO RICO,2022,35,"Dengue virus infections, Dengue",,-
U.S. VIRGIN ISLANDS,2022,35,"Dengue virus infections, Dengue",,-
NON-US RESIDENTS,2022,35,"Dengue virus infections, Dengue",,-
TOTAL,2022,35,"Dengue virus infections, Dengue",1,-
US RESIDENTS,2022,36,"Dengue virus infections, Dengue",31,-
NEW ENGLAND,2022,36,"Dengue virus infections, Dengue",,-
CONNECTICUT,2022,36,"Dengue virus infections, Dengue",,-
MAINE,2022,36,"Dengue virus infections, Dengue",,-
MASSACHUSETTS,2022,36,"Dengue virus infections, Dengue",,-
NEW HAMPSHIRE,2022,36,"Dengue virus infections, Dengue",,-
RHODE ISLAND,2022,36,"Dengue virus infections, Dengue",,-
VERMONT,2022,36,"Dengue virus infections, Dengue",,-
MIDDLE ATLANTIC,2022,36,"Dengue virus infections, Dengue",,-
NEW JERSEY,2022,36,"Dengue virus infections, Dengue",,-
NEW YORK,2022,36,"Dengue virus infections, Dengue",,-
NEW YORK CITY,2022,36,"Dengue virus infections, Dengue",,-
PENNSYLVANIA,2022,36,"Dengue virus infections, Dengue",,-
EAST NORTH CENTRAL,2022,36,"Dengue virus infections, Dengue",,-
ILLINOIS,2022,36,"Dengue virus infections, Dengue",,-
INDIANA,2022,36,"Dengue virus infections, Dengue",,-
MICHIGAN,2022,36,"Dengue virus infections, Dengue",,-
OHIO,2022,36,"Dengue virus infections, Dengue",,-
WISCONSIN,2022,36,"Dengue virus infections, Dengue",,-
WEST NORTH CENTRAL,2022,36,"Dengue virus infections, Dengue",,-
IOWA,2022,36,"Dengue virus infections, Dengue",,-
KANSAS,2022,36,"Dengue virus infections, Dengue",,-
MINNESOTA,2022,36,"Dengue virus infections, Dengue",,-
MISSOURI,2022,36,"Dengue virus infections, Dengue",,-
NEBRASKA,2022,36,"Dengue virus infections, Dengue",,-
NORTH DAKOTA,2022,36,"Dengue virus infections, Dengue",,-
SOUTH DAKOTA,2022,36,"Dengue virus infections, Dengue",,-
SOUTH ATLANTIC,2022,36,"Dengue virus infections, Dengue",30,-
DELAWARE,2022,36,"Dengue virus infections, Dengue",,-
DISTRICT OF COLUMBIA,2022,36,"Dengue virus infections, Dengue",,-
FLORIDA,2022,36,"Dengue virus infections, Dengue",28,-
GEORGIA,2022,36,"Dengue virus infections, Dengue",,-
MARYLAND,2022,36,"Dengue virus infections, Dengue",,-
NORTH CAROLINA,2022,36,"Dengue virus infections, Dengue",,-
SOUTH CAROLINA,2022,36,"Dengue virus infections, Dengue",,-
VIRGINIA,2022,36,"Dengue virus infections, Dengue",2,-
WEST VIRGINIA,2022,36,"Dengue virus infections, Dengue",,-
EAST SOUTH CENTRAL,2022,36,"Dengue virus infections, Dengue",,-
ALABAMA,2022,36,"Dengue virus infections, Dengue",,-
KENTUCKY,2022,36,"Dengue virus infections, Dengue",,-
MISSISSIPPI,2022,36,"Dengue virus infections, Dengue",,-
TENNESSEE,2022,36,"Dengue virus infections, Dengue",,-
WEST SOUTH CENTRAL,2022,36,"Dengue virus infections, Dengue",,-
ARKANSAS,2022,36,"Dengue virus infections, Dengue",,-
LOUISIANA,2022,36,"Dengue virus infections, Dengue",,-
OKLAHOMA,2022,36,"Dengue virus infections, Dengue",,-
TEXAS,2022,36,"Dengue virus infections, Dengue",,-
MOUNTAIN,2022,36,"Dengue virus infections, Dengue",1,-
ARIZONA,2022,36,"Dengue virus infections, Dengue",1,-
COLORADO,2022,36,"Dengue virus infections, Dengue",,-
IDAHO,2022,36,"Dengue virus infections, Dengue",,-
MONTANA,2022,36,"Dengue virus infections, Dengue",,-
NEVADA,2022,36,"Dengue virus infections, Dengue",,-
NEW MEXICO,2022,36,"Dengue virus infections, Dengue",,-
UTAH,2022,36,"Dengue virus infections, Dengue",,-
WYOMING,2022,36,"Dengue virus infections, Dengue",,-
PACIFIC,2022,36,"Dengue virus infections, Dengue",,-
ALASKA,2022,36,"Dengue virus infections, Dengue",,-
CALIFORNIA,2022,36,"Dengue virus infections, Dengue",,-
HAWAII,2022,36,"Dengue virus infections, Dengue",,-
OREGON,2022,36,"Dengue virus infections, Dengue",,-
WASHINGTON,2022,36,"Dengue virus infections, Dengue",,-
US TERRITORIES,2022,36,"Dengue virus infections, Dengue",,-
AMERICAN SAMOA,2022,36,"Dengue virus infections, Dengue",,-
NORTHERN MARIANA ISLANDS,2022,36,"Dengue virus infections, Dengue",,-
GUAM,2022,36,"Dengue virus infections, Dengue",,-
PUERTO RICO,2022,36,"Dengue virus infections, Dengue",,-
U.S. VIRGIN ISLANDS,2022,36,"Dengue virus infections, Dengue",,-
NON-US RESIDENTS,2022,36,"Dengue virus infections, Dengue",,-
TOTAL,2022,36,"Dengue virus infections, Dengue",31,-
US RESIDENTS,2022,37,"Dengue virus infections, Dengue",4,-
NEW ENGLAND,2022,37,"Dengue virus infections, Dengue",,-
CONNECTICUT,2022,37,"Dengue virus infections, Dengue",,-
MAINE,2022,37,"Dengue virus infections, Dengue",,-
MASSACHUSETTS,2022,37,"Dengue virus infections, Dengue",,-
NEW HAMPSHIRE,2022,37,"Dengue virus infections, Dengue",,-
RHODE ISLAND,2022,37,"Dengue virus infections, Dengue",,-
VERMONT,2022,37,"Dengue virus infections, Dengue",,-
MIDDLE ATLANTIC,2022,37,"Dengue virus infections, Dengue",,-
NEW JERSEY,2022,37,"Dengue virus infections, Dengue",,-
NEW YORK,2022,37,"Dengue virus infections, Dengue",,-
NEW YORK CITY,2022,37,"Dengue virus infections, Dengue",,-
PENNSYLVANIA,2022,37,"Dengue virus infections, Dengue",,-
EAST NORTH CENTRAL,2022,37,"Dengue virus infections, Dengue",,-
ILLINOIS,2022,37,"Dengue virus infections, Dengue",,-
INDIANA,2022,37,"Dengue virus infections, Dengue",,-
MICHIGAN,2022,37,"Dengue virus infections, Dengue",,-
OHIO,2022,37,"Dengue virus infections, Dengue",,-
WISCONSIN,2022,37,"Dengue virus infections, Dengue",,-
WEST NORTH CENTRAL,2022,37,"Dengue virus infections, Dengue",,-
IOWA,2022,37,"Dengue virus infections, Dengue",,-
KANSAS,2022,37,"Dengue virus infections, Dengue",,-
MINNESOTA,2022,37,"Dengue virus infections, Dengue",,-
MISSOURI,2022,37,"Dengue virus infections, Dengue",,-
NEBRASKA,2022,37,"Dengue virus infections, Dengue",,-
NORTH DAKOTA,2022,37,"Dengue virus infections, Dengue",,-
SOUTH DAKOTA,2022,37,"Dengue virus infections, Dengue",,-
SOUTH ATLANTIC,2022,37,"Dengue virus infections, Dengue",3,-
DELAWARE,2022,37,"Dengue virus infections, Dengue",,-
DISTRICT OF COLUMBIA,2022,37,"Dengue virus infections, Dengue",,-
FLORIDA,2022,37,"Dengue virus infections, Dengue",2,-
GEORGIA,2022,37,"Dengue virus infections, Dengue",,-
MARYLAND,2022,37,"Dengue virus infections, Dengue",,-
NORTH CAROLINA,2022,37,"Dengue virus infections, Dengue",,-
SOUTH CAROLINA,2022,37,"Dengue virus infections, Dengue",,-
VIRGINIA,2022,37,"Dengue virus infections, Dengue",1,-
WEST VIRGINIA,2022,37,"Dengue virus infections, Dengue",,-
EAST SOUTH CENTRAL,2022,37,"Dengue virus infections, Dengue",,-
ALABAMA,2022,37,"Dengue virus infections, Dengue",,-
KENTUCKY,2022,37,"Dengue virus infections, Dengue",,-
MISSISSIPPI,2022,37,"Dengue virus infections, Dengue",,-
TENNESSEE,2022,37,"Dengue virus infections, Dengue",,-
WEST SOUTH CENTRAL,2022,37,"Dengue virus infections, Dengue",,-
ARKANSAS,2022,37,"Dengue virus infections, Dengue",,-
LOUISIANA,2022,37,"Dengue virus infections, Dengue",,-
OKLAHOMA,2022,37,"Dengue virus infections, Dengue",,-
TEXAS,2022,37,"Dengue virus infections, Dengue",,-
MOUNTAIN,2022,37,"Dengue virus infections, Dengue",1,-
ARIZONA,2022,37,"Dengue virus infections, Dengue",1,-
COLORADO,2022,37,"Dengue virus infections, Dengue",,-
IDAHO,2022,37,"Dengue virus infections, Dengue",,-
MONTANA,2022,37,"Dengue virus infections, Dengue",,-
NEVADA,2022,37,"Dengue virus infections, Dengue",,-
NEW MEXICO,2022,37,"Dengue virus infections, Dengue",,-
UTAH,2022,37,"Dengue virus infections, Dengue",,-
WYOMING,2022,37,"Dengue virus infections, Dengue",,-
PACIFIC,2022,37,"Dengue virus infections, Dengue",,-
ALASKA,2022,37,"Dengue virus infections, Dengue",,-
CALIFORNIA,2022,37,"Dengue virus infections, Dengue",,-
HAWAII,2022,37,"Dengue virus infections, Dengue",,-
OREGON,2022,37,"Dengue virus infections, Dengue",,-
WASHINGTON,2022,37,"Dengue virus infections, Dengue",,-
US TERRITORIES,2022,37,"Dengue virus infections, Dengue",,-
AMERICAN SAMOA,2022,37,"Dengue virus infections, Dengue",,-
NORTHERN MARIANA ISLANDS,2022,37,"Dengue virus infections, Dengue",,-
GUAM,2022,37,"Dengue virus infections, Dengue",,-
PUERTO RICO,2022,37,"Dengue virus infections, Dengue",,-
U.S. VIRGIN ISLANDS,2022,37,"Dengue virus infections, Dengue",,-
NON-US RESIDENTS,2022,37,"Dengue virus infections, Dengue",,-
TOTAL,2022,37,"Dengue virus infections, Dengue",4,-
US RESIDENTS,2022,38,"Dengue virus infections, Dengue",3,-
NEW ENGLAND,2022,38,"Dengue virus infections, Dengue",,-
CONNECTICUT,2022,38,"Dengue virus infections, Dengue",,-
MAINE,2022,38,"Dengue virus infections, Dengue",,-
MASSACHUSETTS,2022,38,"Dengue virus infections, Dengue",,-
NEW HAMPSHIRE,2022,38,"Dengue virus infections, Dengue",,-
RHODE ISLAND,2022,38,"Dengue virus infections, Dengue",,-
VERMONT,2022,38,"Dengue virus infections, Dengue",,-
MIDDLE ATLANTIC,2022,38,"Dengue virus infections, Dengue",,-
NEW JERSEY,2022,38,"Dengue virus infections, Dengue",,-
NEW YORK,2022,38,"Dengue virus infections, Dengue",,-
NEW YORK CITY,2022,38,"Dengue virus infections, Dengue",,-
PENNSYLVANIA,2022,38,"Dengue virus infections, Dengue",,-
EAST NORTH CENTRAL,2022,38,"Dengue virus infections, Dengue",,-
ILLINOIS,2022,38,"Dengue virus infections, Dengue",,-
INDIANA,2022,38,"Dengue virus infections, Dengue",,-
MICHIGAN,2022,38,"Dengue virus infections, Dengue",,-
OHIO,2022,38,"Dengue virus infections, Dengue",,-
WISCONSIN,2022,38,"Dengue virus infections, Dengue",,-
WEST NORTH CENTRAL,2022,38,"Dengue virus infections, Dengue",,-
IOWA,2022,38,"Dengue virus infections, Dengue",,-
KANSAS,2022,38,"Dengue virus infections, Dengue",,-
MINNESOTA,2022,38,"Dengue virus infections, Dengue",,-
MISSOURI,2022,38,"Dengue virus infections, Dengue",,-
NEBRASKA,2022,38,"Dengue virus infections, Dengue",,-
NORTH DAKOTA,2022,38,"Dengue virus infections, Dengue",,-
SOUTH DAKOTA,2022,38,"Dengue virus infections, Dengue",,-
SOUTH ATLANTIC,2022,38,"Dengue virus infections, Dengue",3,-
DELAWARE,2022,38,"Dengue virus infections, Dengue",,-
DISTRICT OF COLUMBIA,2022,38,"Dengue virus infections, Dengue",,-
FLORIDA,2022,38,"Dengue virus infections, Dengue",1,-
GEORGIA,2022,38,"Dengue virus infections, Dengue",,-
MARYLAND,2022,38,"Dengue virus infections, Dengue",1,-
NORTH CAROLINA,2022,38,"Dengue virus infections, Dengue",,-
SOUTH CAROLINA,2022,38,"Dengue virus infections, Dengue",,-
VIRGINIA,2022,38,"Dengue virus infections, Dengue",1,-
WEST VIRGINIA,2022,38,"Dengue virus infections, Dengue",,-
EAST SOUTH CENTRAL,2022,38,"Dengue virus infections, Dengue",,-
ALABAMA,2022,38,"Dengue virus infections, Dengue",,-
KENTUCKY,2022,38,"Dengue virus infections, Dengue",,-
MISSISSIPPI,2022,38,"Dengue virus infections, Dengue",,-
TENNESSEE,2022,38,"Dengue virus infections, Dengue",,-
WEST SOUTH CENTRAL,2022,38,"Dengue virus infections, Dengue",,-
ARKANSAS,2022,38,"Dengue virus infections, Dengue",,-
LOUISIANA,2022,38,"Dengue virus infections, Dengue",,-
OKLAHOMA,2022,38,"Dengue virus infections, Dengue",,-
TEXAS,2022,38,"Dengue virus infections, Dengue",,-
MOUNTAIN,2022,38,"Dengue virus infections, Dengue",,-
ARIZONA,2022,38,"Dengue virus infections, Dengue",,-
COLORADO,2022,38,"Dengue virus infections, Dengue",,-
IDAHO,2022,38,"Dengue virus infections, Dengue",,-
MONTANA,2022,38,"Dengue virus infections, Dengue",,-
NEVADA,2022,38,"Dengue virus infections, Dengue",,-
NEW MEXICO,2022,38,"Dengue virus infections, Dengue",,-
UTAH,2022,38,"Dengue virus infections, Dengue",,-
WYOMING,2022,38,"Dengue virus infections, Dengue",,-
PACIFIC,2022,38,"Dengue virus infections, Dengue",,-
ALASKA,2022,38,"Dengue virus infections, Dengue",,-
CALIFORNIA,2022,38,"Dengue virus infections, Dengue",,-
HAWAII,2022,38,"Dengue virus infections, Dengue",,-
OREGON,2022,38,"Dengue virus infections, Dengue",,-
WASHINGTON,2022,38,"Dengue virus infections, Dengue",,-
US TERRITORIES,2022,38,"Dengue virus infections, Dengue",,-
AMERICAN SAMOA,2022,38,"Dengue virus infections, Dengue",,-
NORTHERN MARIANA ISLANDS,2022,38,"Dengue virus infections, Dengue",,-
GUAM,2022,38,"Dengue virus infections, Dengue",,-
PUERTO RICO,2022,38,"Dengue virus infections, Dengue",,-
U.S. VIRGIN ISLANDS,2022,38,"Dengue virus infections, Dengue",,-
NON-US RESIDENTS,2022,38,"Dengue virus infections, Dengue",,-
TOTAL,2022,38,"Dengue virus infections, Dengue",3,-
US RESIDENTS,2022,39,"Dengue virus infections, Dengue",1,-
NEW ENGLAND,2022,39,"Dengue virus infections, Dengue",,-
CONNECTICUT,2022,39,"Dengue virus infections, Dengue",,-
MAINE,2022,39,"Dengue virus infections, Dengue",,-
MASSACHUSETTS,2022,39,"Dengue virus infections, Dengue",,-
NEW HAMPSHIRE,2022,39,"Dengue virus infections, Dengue",,-
RHODE ISLAND,2022,39,"Dengue virus infections, Dengue",,-
VERMONT,2022,39,"Dengue virus infections, Dengue",,-
MIDDLE ATLANTIC,2022,39,"Dengue virus infections, Dengue",,-
NEW JERSEY,2022,39,"Dengue virus infections, Dengue",,-
NEW YORK,2022,39,"Dengue virus infections, Dengue",,-
NEW YORK CITY,2022,39,"Dengue virus infections, Dengue",,-
PENNSYLVANIA,2022,39,"Dengue virus infections, Dengue",,-
EAST NORTH CENTRAL,2022,39,"Dengue virus infections, Dengue",,-
ILLINOIS,2022,39,"Dengue virus infections, Dengue",,-
INDIANA,2022,39,"Dengue virus infections, Dengue",,-
MICHIGAN,2022,39,"Dengue virus infections, Dengue",,-
OHIO,2022,39,"Dengue virus infections, Dengue",,-
WISCONSIN,2022,39,"Dengue virus infections, Dengue",,-
WEST NORTH CENTRAL,2022,39,"Dengue virus infections, Dengue",,-
IOWA,2022,39,"Dengue virus infections, Dengue",,-
KANSAS,2022,39,"Dengue virus infections, Dengue",,-
MINNESOTA,2022,39,"Dengue virus infections, Dengue",,-
MISSOURI,2022,39,"Dengue virus infections, Dengue",,-
NEBRASKA,2022,39,"Dengue virus infections, Dengue",,-
NORTH DAKOTA,2022,39,"Dengue virus infections, Dengue",,-
SOUTH DAKOTA,2022,39,"Dengue virus infections, Dengue",,-
SOUTH ATLANTIC,2022,39,"Dengue virus infections, Dengue",1,-
DELAWARE,2022,39,"Dengue virus infections, Dengue",,-
DISTRICT OF COLUMBIA,2022,39,"Dengue virus infections, Dengue",,-
FLORIDA,2022,39,"Dengue virus infections, Dengue",,-
GEORGIA,2022,39,"Dengue virus infections, Dengue",,-
MARYLAND,2022,39,"Dengue virus infections, Dengue",1,-
NORTH CAROLINA,2022,39,"Dengue virus infections, Dengue",,-
SOUTH CAROLINA,2022,39,"Dengue virus infections, Dengue",,-
VIRGINIA,2022,39,"Dengue virus infections, Dengue",,-
WEST VIRGINIA,2022,39,"Dengue virus infections, Dengue",,-
EAST SOUTH CENTRAL,2022,39,"Dengue virus infections, Dengue",,-
ALABAMA,2022,39,"Dengue virus infections, Dengue",,-
KENTUCKY,2022,39,"Dengue virus infections, Dengue",,-
MISSISSIPPI,2022,39,"Dengue virus infections, Dengue",,-
TENNESSEE,2022,39,"Dengue virus infections, Dengue",,-
WEST SOUTH CENTRAL,2022,39,"Dengue virus infections, Dengue",,-
ARKANSAS,2022,39,"Dengue virus infections, Dengue",,-
LOUISIANA,2022,39,"Dengue virus infections, Dengue",,-
OKLAHOMA,2022,39,"Dengue virus infections, Dengue",,-
TEXAS,2022,39,"Dengue virus infections, Dengue",,-
MOUNTAIN,2022,39,"Dengue virus infections, Dengue",,-
ARIZONA,2022,39,"Dengue virus infections, Dengue",,-
COLORADO,2022,39,"Dengue virus infections, Dengue",,-
IDAHO,2022,39,"Dengue virus infections, Dengue",,-
MONTANA,2022,39,"Dengue virus infections, Dengue",,-
NEVADA,2022,39,"Dengue virus infections, Dengue",,-
NEW MEXICO,2022,39,"Dengue virus infections, Dengue",,-
UTAH,2022,39,"Dengue virus infections, Dengue",,-
WYOMING,2022,39,"Dengue virus infections, Dengue",,-
PACIFIC,2022,39,"Dengue virus infections, Dengue",,-
ALASKA,2022,39,"Dengue virus infections, Dengue",,-
CALIFORNIA,2022,39,"Dengue virus infections, Dengue",,-
HAWAII,2022,39,"Dengue virus infections, Dengue",,-
OREGON,2022,39,"Dengue virus infections, Dengue",,-
WASHINGTON,2022,39,"Dengue virus infections, Dengue",,-
US TERRITORIES,2022,39,"Dengue virus infections, Dengue",,-
AMERICAN SAMOA,2022,39,"Dengue virus infections, Dengue",,-
NORTHERN MARIANA ISLANDS,2022,39,"Dengue virus infections, Dengue",,-
GUAM,2022,39,"Dengue virus infections, Dengue",,-
PUERTO RICO,2022,39,"Dengue virus infections, Dengue",,-
U.S. VIRGIN ISLANDS,2022,39,"Dengue virus infections, Dengue",,-
NON-US RESIDENTS,2022,39,"Dengue virus infections, Dengue",,-
TOTAL,2022,39,"Dengue virus infections, Dengue",1,-
US RESIDENTS,2022,40,"Dengue virus infections, Dengue",2,-
NEW ENGLAND,2022,40,"Dengue virus infections, Dengue",,-
CONNECTICUT,2022,40,"Dengue virus infections, Dengue",,-
MAINE,2022,40,"Dengue virus infections, Dengue",,-
MASSACHUSETTS,2022,40,"Dengue virus infections, Dengue",,-
NEW HAMPSHIRE,2022,40,"Dengue virus infections, Dengue",,-
RHODE ISLAND,2022,40,"Dengue virus infections, Dengue",,-
VERMONT,2022,40,"Dengue virus infections, Dengue",,-
MIDDLE ATLANTIC,2022,40,"Dengue virus infections, Dengue",,-
NEW JERSEY,2022,40,"Dengue virus infections, Dengue",,-
NEW YORK,2022,40,"Dengue virus infections, Dengue",,-
NEW YORK CITY,2022,40,"Dengue virus infections, Dengue",,-
PENNSYLVANIA,2022,40,"Dengue virus infections, Dengue",,-
EAST NORTH CENTRAL,2022,40,"Dengue virus infections, Dengue",,-
ILLINOIS,2022,40,"Dengue virus infections, Dengue",,-
INDIANA,2022,40,"Dengue virus infections, Dengue",,-
MICHIGAN,2022,40,"Dengue virus infections, Dengue",,-
OHIO,2022,40,"Dengue virus infections, Dengue",,-
WISCONSIN,2022,40,"Dengue virus infections, Dengue",,-
WEST NORTH CENTRAL,2022,40,"Dengue virus infections, Dengue",,-
IOWA,2022,40,"Dengue virus infections, Dengue",,-
KANSAS,2022,40,"Dengue virus infections, Dengue",,-
MINNESOTA,2022,40,"Dengue virus infections, Dengue",,-
MISSOURI,2022,40,"Dengue virus infections, Dengue",,-
NEBRASKA,2022,40,"Dengue virus infections, Dengue",,-
NORTH DAKOTA,2022,40,"Dengue virus infections, Dengue",,-
SOUTH DAKOTA,2022,40,"Dengue virus infections, Dengue",,-
SOUTH ATLANTIC,2022,40,"Dengue virus infections, Dengue",1,-
DELAWARE,2022,40,"Dengue virus infections, Dengue",,-
DISTRICT OF COLUMBIA,2022,40,"Dengue virus infections, Dengue",,-
FLORIDA,2022,40,"Dengue virus infections, Dengue",1,-
GEORGIA,2022,40,"Dengue virus infections, Dengue",,-
MARYLAND,2022,40,"Dengue virus infections, Dengue",,-
NORTH CAROLINA,2022,40,"Dengue virus infections, Dengue",,-
SOUTH CAROLINA,2022,40,"Dengue virus infections, Dengue",,-
VIRGINIA,2022,40,"Dengue virus infections, Dengue",,-
WEST VIRGINIA,2022,40,"Dengue virus infections, Dengue",,-
EAST SOUTH CENTRAL,2022,40,"Dengue virus infections, Dengue",,-
ALABAMA,2022,40,"Dengue virus infections, Dengue",,-
KENTUCKY,2022,40,"Dengue virus infections, Dengue",,-
MISSISSIPPI,2022,40,"Dengue virus infections, Dengue",,-
TENNESSEE,2022,40,"Dengue virus infections, Dengue",,-
WEST SOUTH CENTRAL,2022,40,"Dengue virus infections, Dengue",,-
ARKANSAS,2022,40,"Dengue virus infections, Dengue",,-
LOUISIANA,2022,40,"Dengue virus infections, Dengue",,-
OKLAHOMA,2022,40,"Dengue virus infections, Dengue",,-
TEXAS,2022,40,"Dengue virus infections, Dengue",,-
MOUNTAIN,2022,40,"Dengue virus infections, Dengue",1,-
ARIZONA,2022,40,"Dengue virus infections, Dengue",1,-
COLORADO,2022,40,"Dengue virus infections, Dengue",,-
IDAHO,2022,40,"Dengue virus infections, Dengue",,-
MONTANA,2022,40,"Dengue virus infections, Dengue",,-
NEVADA,2022,40,"Dengue virus infections, Dengue",,-
NEW MEXICO,2022,40,"Dengue virus infections, Dengue",,-
UTAH,2022,40,"Dengue virus infections, Dengue",,-
WYOMING,2022,40,"Dengue virus infections, Dengue",,-
PACIFIC,2022,40,"Dengue virus infections, Dengue",,-
ALASKA,2022,40,"Dengue virus infections, Dengue",,-
CALIFORNIA,2022,40,"Dengue virus infections, Dengue",,-
HAWAII,2022,40,"Dengue virus infections, Dengue",,-
OREGON,2022,40,"Dengue virus infections, Dengue",,-
WASHINGTON,2022,40,"Dengue virus infections, Dengue",,-
US TERRITORIES,2022,40,"Dengue virus infections, Dengue",,-
AMERICAN SAMOA,2022,40,"Dengue virus infections, Dengue",,-
NORTHERN MARIANA ISLANDS,2022,40,"Dengue virus infections, Dengue",,-
GUAM,2022,40,"Dengue virus infections, Dengue",,-
PUERTO RICO,2022,40,"Dengue virus infections, Dengue",,-
U.S. VIRGIN ISLANDS,2022,40,"Dengue virus infections, Dengue",,-
NON-US RESIDENTS,2022,40,"Dengue virus infections, Dengue",,-
TOTAL,2022,40,"Dengue virus infections, Dengue",2,-
US RESIDENTS,2022,41,"Dengue virus infections, Dengue",29,-
NEW ENGLAND,2022,41,"Dengue virus infections, Dengue",,-
CONNECTICUT,2022,41,"Dengue virus infections, Dengue",,-
MAINE,2022,41,"Dengue virus infections, Dengue",,-
MASSACHUSETTS,2022,41,"Dengue virus infections, Dengue",,-
NEW HAMPSHIRE,2022,41,"Dengue virus infections, Dengue",,-
RHODE ISLAND,2022,41,"Dengue virus infections, Dengue",,-
VERMONT,2022,41,"Dengue virus infections, Dengue",,-
MIDDLE ATLANTIC,2022,41,"Dengue virus infections, Dengue",2,-
NEW JERSEY,2022,41,"Dengue virus infections, Dengue",,-
NEW YORK,2022,41,"Dengue virus infections, Dengue",2,-
NEW YORK CITY,2022,41,"Dengue virus infections, Dengue",,-
PENNSYLVANIA,2022,41,"Dengue virus infections, Dengue",,-
EAST NORTH CENTRAL,2022,41,"Dengue virus infections, Dengue",,-
ILLINOIS,2022,41,"Dengue virus infections, Dengue",,-
INDIANA,2022,41,"Dengue virus infections, Dengue",,-
MICHIGAN,2022,41,"Dengue virus infections, Dengue",,-
OHIO,2022,41,"Dengue virus infections, Dengue",,-
WISCONSIN,2022,41,"Dengue virus infections, Dengue",,-
WEST NORTH CENTRAL,2022,41,"Dengue virus infections, Dengue",,-
IOWA,2022,41,"Dengue virus infections, Dengue",,-
KANSAS,2022,41,"Dengue virus infections, Dengue",,-
MINNESOTA,2022,41,"Dengue virus infections, Dengue",,-
MISSOURI,2022,41,"Dengue virus infections, Dengue",,-
NEBRASKA,2022,41,"Dengue virus infections, Dengue",,-
NORTH DAKOTA,2022,41,"Dengue virus infections, Dengue",,-
SOUTH DAKOTA,2022,41,"Dengue virus infections, Dengue",,-
SOUTH ATLANTIC,2022,41,"Dengue virus infections, Dengue",27,-
DELAWARE,2022,41,"Dengue virus infections, Dengue",,-
DISTRICT OF COLUMBIA,2022,41,"Dengue virus infections, Dengue",,-
FLORIDA,2022,41,"Dengue virus infections, Dengue",27,-
GEORGIA,2022,41,"Dengue virus infections, Dengue",,-
MARYLAND,2022,41,"Dengue virus infections, Dengue",,-
NORTH CAROLINA,2022,41,"Dengue virus infections, Dengue",,-
SOUTH CAROLINA,2022,41,"Dengue virus infections, Dengue",,-
VIRGINIA,2022,41,"Dengue virus infections, Dengue",,-
WEST VIRGINIA,2022,41,"Dengue virus infections, Dengue",,-
EAST SOUTH CENTRAL,2022,41,"Dengue virus infections, Dengue",,-
ALABAMA,2022,41,"Dengue virus infections, Dengue",,-
KENTUCKY,2022,41,"Dengue virus infections, Dengue",,-
MISSISSIPPI,2022,41,"Dengue virus infections, Dengue",,-
TENNESSEE,2022,41,"Dengue virus infections, Dengue",,-
WEST SOUTH CENTRAL,2022,41,"Dengue virus infections, Dengue",,-
ARKANSAS,2022,41,"Dengue virus infections, Dengue",,-
LOUISIANA,2022,41,"Dengue virus infections, Dengue",,-
OKLAHOMA,2022,41,"Dengue virus infections, Dengue",,-
TEXAS,2022,41,"Dengue virus infections, Dengue",,-
MOUNTAIN,2022,41,"Dengue virus infections, Dengue",,-
ARIZONA,2022,41,"Dengue virus infections, Dengue",,-
COLORADO,2022,41,"Dengue virus infections, Dengue",,-
IDAHO,2022,41,"Dengue virus infections, Dengue",,-
MONTANA,2022,41,"Dengue virus infections, Dengue",,-
NEVADA,2022,41,"Dengue virus infections, Dengue",,-
NEW MEXICO,2022,41,"Dengue virus infections, Dengue",,-
UTAH,2022,41,"Dengue virus infections, Dengue",,-
WYOMING,2022,41,"Dengue virus infections, Dengue",,-
PACIFIC,2022,41,"Dengue virus infections, Dengue",,-
ALASKA,2022,41,"Dengue virus infections, Dengue",,-
CALIFORNIA,2022,41,"Dengue virus infections, Dengue",,-
HAWAII,2022,41,"Dengue virus infections, Dengue",,-
OREGON,2022,41,"Dengue virus infections, Dengue",,-
WASHINGTON,2022,41,"Dengue virus infections, Dengue",,-
US TERRITORIES,2022,41,"Dengue virus infections, Dengue",,-
AMERICAN SAMOA,2022,41,"Dengue virus infections, Dengue",,-
NORTHERN MARIANA ISLANDS,2022,41,"Dengue virus infections, Dengue",,-
GUAM,2022,41,"Dengue virus infections, Dengue",,-
PUERTO RICO,2022,41,"Dengue virus infections, Dengue",,-
U.S. VIRGIN ISLANDS,2022,41,"Dengue virus infections, Dengue",,-
NON-US RESIDENTS,2022,41,"Dengue virus infections, Dengue",,-
TOTAL,2022,41,"Dengue virus infections, Dengue",29,-
US RESIDENTS,2022,42,"Dengue virus infections, Dengue",7,-
NEW ENGLAND,2022,42,"Dengue virus infections, Dengue",,-
CONNECTICUT,2022,42,"Dengue virus infections, Dengue",,-
MAINE,2022,42,"Dengue virus infections, Dengue",,-
MASSACHUSETTS,2022,42,"Dengue virus infections, Dengue",,-
NEW HAMPSHIRE,2022,42,"Dengue virus infections, Dengue",,-
RHODE ISLAND,2022,42,"Dengue virus infections, Dengue",,-
VERMONT,2022,42,"Dengue virus infections, Dengue",,-
MIDDLE ATLANTIC,2022,42,"Dengue virus infections, Dengue",2,-
NEW JERSEY,2022,42,"Dengue virus infections, Dengue",,-
NEW YORK,2022,42,"Dengue virus infections, Dengue",2,-
NEW YORK CITY,2022,42,"Dengue virus infections, Dengue",,-
PENNSYLVANIA,2022,42,"Dengue virus infections, Dengue",,-
EAST NORTH CENTRAL,2022,42,"Dengue virus infections, Dengue",,-
ILLINOIS,2022,42,"Dengue virus infections, Dengue",,-
INDIANA,2022,42,"Dengue virus infections, Dengue",,-
MICHIGAN,2022,42,"Dengue virus infections, Dengue",,-
OHIO,2022,42,"Dengue virus infections, Dengue",,-
WISCONSIN,2022,42,"Dengue virus infections, Dengue",,-
WEST NORTH CENTRAL,2022,42,"Dengue virus infections, Dengue",,-
IOWA,2022,42,"Dengue virus infections, Dengue",,-
KANSAS,2022,42,"Dengue virus infections, Dengue",,-
MINNESOTA,2022,42,"Dengue virus infections, Dengue",,-
MISSOURI,2022,42,"Dengue virus infections, Dengue",,-
NEBRASKA,2022,42,"Dengue virus infections, Dengue",,-
NORTH DAKOTA,2022,42,"Dengue virus infections, Dengue",,-
SOUTH DAKOTA,2022,42,"Dengue virus infections, Dengue",,-
SOUTH ATLANTIC,2022,42,"Dengue virus infections, Dengue",3,-
DELAWARE,2022,42,"Dengue virus infections, Dengue",,-
DISTRICT OF COLUMBIA,2022,42,"Dengue virus infections, Dengue",,-
FLORIDA,2022,42,"Dengue virus infections, Dengue",2,-
GEORGIA,2022,42,"Dengue virus infections, Dengue",,-
MARYLAND,2022,42,"Dengue virus infections, Dengue",,-
NORTH CAROLINA,2022,42,"Dengue virus infections, Dengue",,-
SOUTH CAROLINA,2022,42,"Dengue virus infections, Dengue",,-
VIRGINIA,2022,42,"Dengue virus infections, Dengue",1,-
WEST VIRGINIA,2022,42,"Dengue virus infections, Dengue",,-
EAST SOUTH CENTRAL,2022,42,"Dengue virus infections, Dengue",1,-
ALABAMA,2022,42,"Dengue virus infections, Dengue",1,-
KENTUCKY,2022,42,"Dengue virus infections, Dengue",,-
MISSISSIPPI,2022,42,"Dengue virus infections, Dengue",,-
TENNESSEE,2022,42,"Dengue virus infections, Dengue",,-
WEST SOUTH CENTRAL,2022,42,"Dengue virus infections, Dengue",1,-
ARKANSAS,2022,42,"Dengue virus infections, Dengue",,-
LOUISIANA,2022,42,"Dengue virus infections, Dengue",,-
OKLAHOMA,2022,42,"Dengue virus infections, Dengue",,-
TEXAS,2022,42,"Dengue virus infections, Dengue",1,-
MOUNTAIN,2022,42,"Dengue virus infections, Dengue",,-
ARIZONA,2022,42,"Dengue virus infections, Dengue",,-
COLORADO,2022,42,"Dengue virus infections, Dengue",,-
IDAHO,2022,42,"Dengue virus infections, Dengue",,-
MONTANA,2022,42,"Dengue virus infections, Dengue",,-
NEVADA,2022,42,"Dengue virus infections, Dengue",,-
NEW MEXICO,2022,42,"Dengue virus infections, Dengue",,-
UTAH,2022,42,"Dengue virus infections, Dengue",,-
WYOMING,2022,42,"Dengue virus infections, Dengue",,-
PACIFIC,2022,42,"Dengue virus infections, Dengue",,-
ALASKA,2022,42,"Dengue virus infections, Dengue",,-
CALIFORNIA,2022,42,"Dengue virus infections, Dengue",,-
HAWAII,2022,42,"Dengue virus infections, Dengue",,-
OREGON,2022,42,"Dengue virus infections, Dengue",,-
WASHINGTON,2022,42,"Dengue virus infections, Dengue",,-
US TERRITORIES,2022,42,"Dengue virus infections, Dengue",,-
AMERICAN SAMOA,2022,42,"Dengue virus infections, Dengue",,-
NORTHERN MARIANA ISLANDS,2022,42,"Dengue virus infections, Dengue",,-
GUAM,2022,42,"Dengue virus infections, Dengue",,-
PUERTO RICO,2022,42,"Dengue virus infections, Dengue",,-
U.S. VIRGIN ISLANDS,2022,42,"Dengue virus infections, Dengue",,-
NON-US RESIDENTS,2022,42,"Dengue virus infections, Dengue",,-
TOTAL,2022,42,"Dengue virus infections, Dengue",7,-
US RESIDENTS,2022,43,"Dengue virus infections, Dengue",4,-
NEW ENGLAND,2022,43,"Dengue virus infections, Dengue",,-
CONNECTICUT,2022,43,"Dengue virus infections, Dengue",,-
MAINE,2022,43,"Dengue virus infections, Dengue",,-
MASSACHUSETTS,2022,43,"Dengue virus infections, Dengue",,-
NEW HAMPSHIRE,2022,43,"Dengue virus infections, Dengue",,-
RHODE ISLAND,2022,43,"Dengue virus infections, Dengue",,-
VERMONT,2022,43,"Dengue virus infections, Dengue",,-
MIDDLE ATLANTIC,2022,43,"Dengue virus infections, Dengue",,-
NEW JERSEY,2022,43,"Dengue virus infections, Dengue",,-
NEW YORK,2022,43,"Dengue virus infections, Dengue",,-
NEW YORK CITY,2022,43,"Dengue virus infections, Dengue",,-
PENNSYLVANIA,2022,43,"Dengue virus infections, Dengue",,-
EAST NORTH CENTRAL,2022,43,"Dengue virus infections, Dengue",,-
ILLINOIS,2022,43,"Dengue virus infections, Dengue",,-
INDIANA,2022,43,"Dengue virus infections, Dengue",,-
MICHIGAN,2022,43,"Dengue virus infections, Dengue",,-
OHIO,2022,43,"Dengue virus infections, Dengue",,-
WISCONSIN,2022,43,"Dengue virus infections, Dengue",,-
WEST NORTH CENTRAL,2022,43,"Dengue virus infections, Dengue",,-
IOWA,2022,43,"Dengue virus infections, Dengue",,-
KANSAS,2022,43,"Dengue virus infections, Dengue",,-
MINNESOTA,2022,43,"Dengue virus infections, Dengue",,-
MISSOURI,2022,43,"Dengue virus infections, Dengue",,-
NEBRASKA,2022,43,"Dengue virus infections, Dengue",,-
NORTH DAKOTA,2022,43,"Dengue virus infections, Dengue",,-
SOUTH DAKOTA,2022,43,"Dengue virus infections, Dengue",,-
SOUTH ATLANTIC,2022,43,"Dengue virus infections, Dengue",3,-
DELAWARE,2022,43,"Dengue virus infections, Dengue",,-
DISTRICT OF COLUMBIA,2022,43,"Dengue virus infections, Dengue",,-
FLORIDA,2022,43,"Dengue virus infections, Dengue",,-
GEORGIA,2022,43,"Dengue virus infections, Dengue",,-
MARYLAND,2022,43,"Dengue virus infections, Dengue",2,-
NORTH CAROLINA,2022,43,"Dengue virus infections, Dengue",,-
SOUTH CAROLINA,2022,43,"Dengue virus infections, Dengue",,-
VIRGINIA,2022,43,"Dengue virus infections, Dengue",1,-
WEST VIRGINIA,2022,43,"Dengue virus infections, Dengue",,-
EAST SOUTH CENTRAL,2022,43,"Dengue virus infections, Dengue",,-
ALABAMA,2022,43,"Dengue virus infections, Dengue",,-
KENTUCKY,2022,43,"Dengue virus infections, Dengue",,-
MISSISSIPPI,2022,43,"Dengue virus infections, Dengue",,-
TENNESSEE,2022,43,"Dengue virus infections, Dengue",,-
WEST SOUTH CENTRAL,2022,43,"Dengue virus infections, Dengue",,-
ARKANSAS,2022,43,"Dengue virus infections, Dengue",,-
LOUISIANA,2022,43,"Dengue virus infections, Dengue",,-
OKLAHOMA,2022,43,"Dengue virus infections, Dengue",,-
TEXAS,2022,43,"Dengue virus infections, Dengue",,-
MOUNTAIN,2022,43,"Dengue virus infections, Dengue",1,-
ARIZONA,2022,43,"Dengue virus infections, Dengue",1,-
COLORADO,2022,43,"Dengue virus infections, Dengue",,-
IDAHO,2022,43,"Dengue virus infections, Dengue",,-
MONTANA,2022,43,"Dengue virus infections, Dengue",,-
NEVADA,2022,43,"Dengue virus infections, Dengue",,-
NEW MEXICO,2022,43,"Dengue virus infections, Dengue",,-
UTAH,2022,43,"Dengue virus infections, Dengue",,-
WYOMING,2022,43,"Dengue virus infections, Dengue",,-
PACIFIC,2022,43,"Dengue virus infections, Dengue",,-
ALASKA,2022,43,"Dengue virus infections, Dengue",,-
CALIFORNIA,2022,43,"Dengue virus infections, Dengue",,-
HAWAII,2022,43,"Dengue virus infections, Dengue",,-
OREGON,2022,43,"Dengue virus infections, Dengue",,-
WASHINGTON,2022,43,"Dengue virus infections, Dengue",,-
US TERRITORIES,2022,43,"Dengue virus infections, Dengue",,-
AMERICAN SAMOA,2022,43,"Dengue virus infections, Dengue",,-
NORTHERN MARIANA ISLANDS,2022,43,"Dengue virus infections, Dengue",,-
GUAM,2022,43,"Dengue virus infections, Dengue",,-
PUERTO RICO,2022,43,"Dengue virus infections, Dengue",,-
U.S. VIRGIN ISLANDS,2022,43,"Dengue virus infections, Dengue",,-
NON-US RESIDENTS,2022,43,"Dengue virus infections, Dengue",,-
TOTAL,2022,43,"Dengue virus infections, Dengue",4,-
US RESIDENTS,2022,44,"Dengue virus infections, Dengue",11,-
NEW ENGLAND,2022,44,"Dengue virus infections, Dengue",,-
CONNECTICUT,2022,44,"Dengue virus infections, Dengue",,-
MAINE,2022,44,"Dengue virus infections, Dengue",,-
MASSACHUSETTS,2022,44,"Dengue virus infections, Dengue",,-
NEW HAMPSHIRE,2022,44,"Dengue virus infections, Dengue",,-
RHODE ISLAND,2022,44,"Dengue virus infections, Dengue",,-
VERMONT,2022,44,"Dengue virus infections, Dengue",,-
MIDDLE ATLANTIC,2022,44,"Dengue virus infections, Dengue",1,-
NEW JERSEY,2022,44,"Dengue virus infections, Dengue",,-
NEW YORK,2022,44,"Dengue virus infections, Dengue",1,-
NEW YORK CITY,2022,44,"Dengue virus infections, Dengue",,-
PENNSYLVANIA,2022,44,"Dengue virus infections, Dengue",,-
EAST NORTH CENTRAL,2022,44,"Dengue virus infections, Dengue",,-
ILLINOIS,2022,44,"Dengue virus infections, Dengue",,-
INDIANA,2022,44,"Dengue virus infections, Dengue",,-
MICHIGAN,2022,44,"Dengue virus infections, Dengue",,-
OHIO,2022,44,"Dengue virus infections, Dengue",,-
WISCONSIN,2022,44,"Dengue virus infections, Dengue",,-
WEST NORTH CENTRAL,2022,44,"Dengue virus infections, Dengue",,-
IOWA,2022,44,"Dengue virus infections, Dengue",,-
KANSAS,2022,44,"Dengue virus infections, Dengue",,-
MINNESOTA,2022,44,"Dengue virus infections, Dengue",,-
MISSOURI,2022,44,"Dengue virus infections, Dengue",,-
NEBRASKA,2022,44,"Dengue virus infections, Dengue",,-
NORTH DAKOTA,2022,44,"Dengue virus infections, Dengue",,-
SOUTH DAKOTA,2022,44,"Dengue virus infections, Dengue",,-
SOUTH ATLANTIC,2022,44,"Dengue virus infections, Dengue",10,-
DELAWARE,2022,44,"Dengue virus infections, Dengue",,-
DISTRICT OF COLUMBIA,2022,44,"Dengue virus infections, Dengue",,-
FLORIDA,2022,44,"Dengue virus infections, Dengue",9,-
GEORGIA,2022,44,"Dengue virus infections, Dengue",,-
MARYLAND,2022,44,"Dengue virus infections, Dengue",1,-
NORTH CAROLINA,2022,44,"Dengue virus infections, Dengue",,-
SOUTH CAROLINA,2022,44,"Dengue virus infections, Dengue",,-
VIRGINIA,2022,44,"Dengue virus infections, Dengue",,-
WEST VIRGINIA,2022,44,"Dengue virus infections, Dengue",,-
EAST SOUTH CENTRAL,2022,44,"Dengue virus infections, Dengue",,-
ALABAMA,2022,44,"Dengue virus infections, Dengue",,-
KENTUCKY,2022,44,"Dengue virus infections, Dengue",,-
MISSISSIPPI,2022,44,"Dengue virus infections, Dengue",,-
TENNESSEE,2022,44,"Dengue virus infections, Dengue",,-
WEST SOUTH CENTRAL,2022,44,"Dengue virus infections, Dengue",,-
ARKANSAS,2022,44,"Dengue virus infections, Dengue",,-
LOUISIANA,2022,44,"Dengue virus infections, Dengue",,-
OKLAHOMA,2022,44,"Dengue virus infections, Dengue",,-
TEXAS,2022,44,"Dengue virus infections, Dengue",,-
MOUNTAIN,2022,44,"Dengue virus infections, Dengue",,-
ARIZONA,2022,44,"Dengue virus infections, Dengue",,-
COLORADO,2022,44,"Dengue virus infections, Dengue",,-
IDAHO,2022,44,"Dengue virus infections, Dengue",,-
MONTANA,2022,44,"Dengue virus infections, Dengue",,-
NEVADA,2022,44,"Dengue virus infections, Dengue",,-
NEW MEXICO,2022,44,"Dengue virus infections, Dengue",,-
UTAH,2022,44,"Dengue virus infections, Dengue",,-
WYOMING,2022,44,"Dengue virus infections, Dengue",,-
PACIFIC,2022,44,"Dengue virus infections, Dengue",,-
ALASKA,2022,44,"Dengue virus infections, Dengue",,-
CALIFORNIA,2022,44,"Dengue virus infections, Dengue",,-
HAWAII,2022,44,"Dengue virus infections, Dengue",,-
OREGON,2022,44,"Dengue virus infections, Dengue",,-
WASHINGTON,2022,44,"Dengue virus infections, Dengue",,-
US TERRITORIES,2022,44,"Dengue virus infections, Dengue",,-
AMERICAN SAMOA,2022,44,"Dengue virus infections, Dengue",,-
NORTHERN MARIANA ISLANDS,2022,44,"Dengue virus infections, Dengue",,-
GUAM,2022,44,"Dengue virus infections, Dengue",,-
PUERTO RICO,2022,44,"Dengue virus infections, Dengue",,-
U.S. VIRGIN ISLANDS,2022,44,"Dengue virus infections, Dengue",,-
NON-US RESIDENTS,2022,44,"Dengue virus infections, Dengue",,-
TOTAL,2022,44,"Dengue virus infections, Dengue",11,-
US RESIDENTS,2022,45,"Dengue virus infections, Dengue",10,-
NEW ENGLAND,2022,45,"Dengue virus infections, Dengue",,-
CONNECTICUT,2022,45,"Dengue virus infections, Dengue",,-
MAINE,2022,45,"Dengue virus infections, Dengue",,-
MASSACHUSETTS,2022,45,"Dengue virus infections, Dengue",,-
NEW HAMPSHIRE,2022,45,"Dengue virus infections, Dengue",,-
RHODE ISLAND,2022,45,"Dengue virus infections, Dengue",,-
VERMONT,2022,45,"Dengue virus infections, Dengue",,-
MIDDLE ATLANTIC,2022,45,"Dengue virus infections, Dengue",,-
NEW JERSEY,2022,45,"Dengue virus infections, Dengue",,-
NEW YORK,2022,45,"Dengue virus infections, Dengue",,-
NEW YORK CITY,2022,45,"Dengue virus infections, Dengue",,-
PENNSYLVANIA,2022,45,"Dengue virus infections, Dengue",,-
EAST NORTH CENTRAL,2022,45,"Dengue virus infections, Dengue",,-
ILLINOIS,2022,45,"Dengue virus infections, Dengue",,-
INDIANA,2022,45,"Dengue virus infections, Dengue",,-
MICHIGAN,2022,45,"Dengue virus infections, Dengue",,-
OHIO,2022,45,"Dengue virus infections, Dengue",,-
WISCONSIN,2022,45,"Dengue virus infections, Dengue",,-
WEST NORTH CENTRAL,2022,45,"Dengue virus infections, Dengue",,-
IOWA,2022,45,"Dengue virus infections, Dengue",,-
KANSAS,2022,45,"Dengue virus infections, Dengue",,-
MINNESOTA,2022,45,"Dengue virus infections, Dengue",,-
MISSOURI,2022,45,"Dengue virus infections, Dengue",,-
NEBRASKA,2022,45,"Dengue virus infections, Dengue",,-
NORTH DAKOTA,2022,45,"Dengue virus infections, Dengue",,-
SOUTH DAKOTA,2022,45,"Dengue virus infections, Dengue",,-
SOUTH ATLANTIC,2022,45,"Dengue virus infections, Dengue",10,-
DELAWARE,2022,45,"Dengue virus infections, Dengue",,-
DISTRICT OF COLUMBIA,2022,45,"Dengue virus infections, Dengue",,-
FLORIDA,2022,45,"Dengue virus infections, Dengue",10,-
GEORGIA,2022,45,"Dengue virus infections, Dengue",,-
MARYLAND,2022,45,"Dengue virus infections, Dengue",,-
NORTH CAROLINA,2022,45,"Dengue virus infections, Dengue",,-
SOUTH CAROLINA,2022,45,"Dengue virus infections, Dengue",,-
VIRGINIA,2022,45,"Dengue virus infections, Dengue",,-
WEST VIRGINIA,2022,45,"Dengue virus infections, Dengue",,-
EAST SOUTH CENTRAL,2022,45,"Dengue virus infections, Dengue",,-
ALABAMA,2022,45,"Dengue virus infections, Dengue",,-
KENTUCKY,2022,45,"Dengue virus infections, Dengue",,-
MISSISSIPPI,2022,45,"Dengue virus infections, Dengue",,-
TENNESSEE,2022,45,"Dengue virus infections, Dengue",,-
WEST SOUTH CENTRAL,2022,45,"Dengue virus infections, Dengue",,-
ARKANSAS,2022,45,"Dengue virus infections, Dengue",,-
LOUISIANA,2022,45,"Dengue virus infections, Dengue",,-
OKLAHOMA,2022,45,"Dengue virus infections, Dengue",,-
TEXAS,2022,45,"Dengue virus infections, Dengue",,-
MOUNTAIN,2022,45,"Dengue virus infections, Dengue",,-
ARIZONA,2022,45,"Dengue virus infections, Dengue",,-
COLORADO,2022,45,"Dengue virus infections, Dengue",,-
IDAHO,2022,45,"Dengue virus infections, Dengue",,-
MONTANA,2022,45,"Dengue virus infections, Dengue",,-
NEVADA,2022,45,"Dengue virus infections, Dengue",,-
NEW MEXICO,2022,45,"Dengue virus infections, Dengue",,-
UTAH,2022,45,"Dengue virus infections, Dengue",,-
WYOMING,2022,45,"Dengue virus infections, Dengue",,-
PACIFIC,2022,45,"Dengue virus infections, Dengue",,-
ALASKA,2022,45,"Dengue virus infections, Dengue",,-
CALIFORNIA,2022,45,"Dengue virus infections, Dengue",,-
HAWAII,2022,45,"Dengue virus infections, Dengue",,-
OREGON,2022,45,"Dengue virus infections, Dengue",,-
WASHINGTON,2022,45,"Dengue virus infections, Dengue",,-
US TERRITORIES,2022,45,"Dengue virus infections, Dengue",,-
AMERICAN SAMOA,2022,45,"Dengue virus infections, Dengue",,-
NORTHERN MARIANA ISLANDS,2022,45,"Dengue virus infections, Dengue",,-
GUAM,2022,45,"Dengue virus infections, Dengue",,-
PUERTO RICO,2022,45,"Dengue virus infections, Dengue",,-
U.S. VIRGIN ISLANDS,2022,45,"Dengue virus infections, Dengue",,-
NON-US RESIDENTS,2022,45,"Dengue virus infections, Dengue",,-
TOTAL,2022,45,"Dengue virus infections, Dengue",10,-
US RESIDENTS,2022,46,"Dengue virus infections, Dengue",,-
NEW ENGLAND,2022,46,"Dengue virus infections, Dengue",,-
CONNECTICUT,2022,46,"Dengue virus infections, Dengue",,-
MAINE,2022,46,"Dengue virus infections, Dengue",,-
MASSACHUSETTS,2022,46,"Dengue virus infections, Dengue",,-
NEW HAMPSHIRE,2022,46,"Dengue virus infections, Dengue",,-
RHODE ISLAND,2022,46,"Dengue virus infections, Dengue",,-
VERMONT,2022,46,"Dengue virus infections, Dengue",,-
MIDDLE ATLANTIC,2022,46,"Dengue virus infections, Dengue",,-
NEW JERSEY,2022,46,"Dengue virus infections, Dengue",,-
NEW YORK,2022,46,"Dengue virus infections, Dengue",,-
NEW YORK CITY,2022,46,"Dengue virus infections, Dengue",,-
PENNSYLVANIA,2022,46,"Dengue virus infections, Dengue",,-
EAST NORTH CENTRAL,2022,46,"Dengue virus infections, Dengue",,-
ILLINOIS,2022,46,"Dengue virus infections, Dengue",,-
INDIANA,2022,46,"Dengue virus infections, Dengue",,-
MICHIGAN,2022,46,"Dengue virus infections, Dengue",,-
OHIO,2022,46,"Dengue virus infections, Dengue",,-
WISCONSIN,2022,46,"Dengue virus infections, Dengue",,-
WEST NORTH CENTRAL,2022,46,"Dengue virus infections, Dengue",,-
IOWA,2022,46,"Dengue virus infections, Dengue",,-
KANSAS,2022,46,"Dengue virus infections, Dengue",,-
MINNESOTA,2022,46,"Dengue virus infections, Dengue",,-
MISSOURI,2022,46,"Dengue virus infections, Dengue",,-
NEBRASKA,2022,46,"Dengue virus infections, Dengue",,-
NORTH DAKOTA,2022,46,"Dengue virus infections, Dengue",,-
SOUTH DAKOTA,2022,46,"Dengue virus infections, Dengue",,-
SOUTH ATLANTIC,2022,46,"Dengue virus infections, Dengue",,-
DELAWARE,2022,46,"Dengue virus infections, Dengue",,-
DISTRICT OF COLUMBIA,2022,46,"Dengue virus infections, Dengue",,-
FLORIDA,2022,46,"Dengue virus infections, Dengue",,-
GEORGIA,2022,46,"Dengue virus infections, Dengue",,-
MARYLAND,2022,46,"Dengue virus infections, Dengue",,-
NORTH CAROLINA,2022,46,"Dengue virus infections, Dengue",,-
SOUTH CAROLINA,2022,46,"Dengue virus infections, Dengue",,-
VIRGINIA,2022,46,"Dengue virus infections, Dengue",,-
WEST VIRGINIA,2022,46,"Dengue virus infections, Dengue",,-
EAST SOUTH CENTRAL,2022,46,"Dengue virus infections, Dengue",,-
ALABAMA,2022,46,"Dengue virus infections, Dengue",,-
KENTUCKY,2022,46,"Dengue virus infections, Dengue",,-
MISSISSIPPI,2022,46,"Dengue virus infections, Dengue",,-
TENNESSEE,2022,46,"Dengue virus infections, Dengue",,-
WEST SOUTH CENTRAL,2022,46,"Dengue virus infections, Dengue",,-
ARKANSAS,2022,46,"Dengue virus infections, Dengue",,-
LOUISIANA,2022,46,"Dengue virus infections, Dengue",,-
OKLAHOMA,2022,46,"Dengue virus infections, Dengue",,-
TEXAS,2022,46,"Dengue virus infections, Dengue",,-
MOUNTAIN,2022,46,"Dengue virus infections, Dengue",,-
ARIZONA,2022,46,"Dengue virus infections, Dengue",,-
COLORADO,2022,46,"Dengue virus infections, Dengue",,-
IDAHO,2022,46,"Dengue virus infections, Dengue",,-
MONTANA,2022,46,"Dengue virus infections, Dengue",,-
NEVADA,2022,46,"Dengue virus infections, Dengue",,-
NEW MEXICO,2022,46,"Dengue virus infections, Dengue",,-
UTAH,2022,46,"Dengue virus infections, Dengue",,-
WYOMING,2022,46,"Dengue virus infections, Dengue",,-
PACIFIC,2022,46,"Dengue virus infections, Dengue",,-
ALASKA,2022,46,"Dengue virus infections, Dengue",,-
CALIFORNIA,2022,46,"Dengue virus infections, Dengue",,-
HAWAII,2022,46,"Dengue virus infections, Dengue",,-
OREGON,2022,46,"Dengue virus infections, Dengue",,-
WASHINGTON,2022,46,"Dengue virus infections, Dengue",,-
US TERRITORIES,2022,46,"Dengue virus infections, Dengue",,-
AMERICAN SAMOA,2022,46,"Dengue virus infections, Dengue",,-
NORTHERN MARIANA ISLANDS,2022,46,"Dengue virus infections, Dengue",,-
GUAM,2022,46,"Dengue virus infections, Dengue",,-
PUERTO RICO,2022,46,"Dengue virus infections, Dengue",,-
U.S. VIRGIN ISLANDS,2022,46,"Dengue virus infections, Dengue",,-
NON-US RESIDENTS,2022,46,"Dengue virus infections, Dengue",,-
TOTAL,2022,46,"Dengue virus infections, Dengue",,-
US RESIDENTS,2022,47,"Dengue virus infections, Dengue",3,-
NEW ENGLAND,2022,47,"Dengue virus infections, Dengue",,-
CONNECTICUT,2022,47,"Dengue virus infections, Dengue",,-
MAINE,2022,47,"Dengue virus infections, Dengue",,-
MASSACHUSETTS,2022,47,"Dengue virus infections, Dengue",,-
NEW HAMPSHIRE,2022,47,"Dengue virus infections, Dengue",,-
RHODE ISLAND,2022,47,"Dengue virus infections, Dengue",,-
VERMONT,2022,47,"Dengue virus infections, Dengue",,-
MIDDLE ATLANTIC,2022,47,"Dengue virus infections, Dengue",,-
NEW JERSEY,2022,47,"Dengue virus infections, Dengue",,-
NEW YORK,2022,47,"Dengue virus infections, Dengue",,-
NEW YORK CITY,2022,47,"Dengue virus infections, Dengue",,-
PENNSYLVANIA,2022,47,"Dengue virus infections, Dengue",,-
EAST NORTH CENTRAL,2022,47,"Dengue virus infections, Dengue",,-
ILLINOIS,2022,47,"Dengue virus infections, Dengue",,-
INDIANA,2022,47,"Dengue virus infections, Dengue",,-
MICHIGAN,2022,47,"Dengue virus infections, Dengue",,-
OHIO,2022,47,"Dengue virus infections, Dengue",,-
WISCONSIN,2022,47,"Dengue virus infections, Dengue",,-
WEST NORTH CENTRAL,2022,47,"Dengue virus infections, Dengue",,-
IOWA,2022,47,"Dengue virus infections, Dengue",,-
KANSAS,2022,47,"Dengue virus infections, Dengue",,-
MINNESOTA,2022,47,"Dengue virus infections, Dengue",,-
MISSOURI,2022,47,"Dengue virus infections, Dengue",,-
NEBRASKA,2022,47,"Dengue virus infections, Dengue",,-
NORTH DAKOTA,2022,47,"Dengue virus infections, Dengue",,-
SOUTH DAKOTA,2022,47,"Dengue virus infections, Dengue",,-
SOUTH ATLANTIC,2022,47,"Dengue virus infections, Dengue",3,-
DELAWARE,2022,47,"Dengue virus infections, Dengue",,-
DISTRICT OF COLUMBIA,2022,47,"Dengue virus infections, Dengue",,-
FLORIDA,2022,47,"Dengue virus infections, Dengue",3,-
GEORGIA,2022,47,"Dengue virus infections, Dengue",,-
MARYLAND,2022,47,"Dengue virus infections, Dengue",,-
NORTH CAROLINA,2022,47,"Dengue virus infections, Dengue",,-
SOUTH CAROLINA,2022,47,"Dengue virus infections, Dengue",,-
VIRGINIA,2022,47,"Dengue virus infections, Dengue",,-
WEST VIRGINIA,2022,47,"Dengue virus infections, Dengue",,-
EAST SOUTH CENTRAL,2022,47,"Dengue virus infections, Dengue",,-
ALABAMA,2022,47,"Dengue virus infections, Dengue",,-
KENTUCKY,2022,47,"Dengue virus infections, Dengue",,-
MISSISSIPPI,2022,47,"Dengue virus infections, Dengue",,-
TENNESSEE,2022,47,"Dengue virus infections, Dengue",,-
WEST SOUTH CENTRAL,2022,47,"Dengue virus infections, Dengue",,-
ARKANSAS,2022,47,"Dengue virus infections, Dengue",,-
LOUISIANA,2022,47,"Dengue virus infections, Dengue",,-
OKLAHOMA,2022,47,"Dengue virus infections, Dengue",,-
TEXAS,2022,47,"Dengue virus infections, Dengue",,-
MOUNTAIN,2022,47,"Dengue virus infections, Dengue",,-
ARIZONA,2022,47,"Dengue virus infections, Dengue",,-
COLORADO,2022,47,"Dengue virus infections, Dengue",,-
IDAHO,2022,47,"Dengue virus infections, Dengue",,-
MONTANA,2022,47,"Dengue virus infections, Dengue",,-
NEVADA,2022,47,"Dengue virus infections, Dengue",,-
NEW MEXICO,2022,47,"Dengue virus infections, Dengue",,-
UTAH,2022,47,"Dengue virus infections, Dengue",,-
WYOMING,2022,47,"Dengue virus infections, Dengue",,-
PACIFIC,2022,47,"Dengue virus infections, Dengue",,-
ALASKA,2022,47,"Dengue virus infections, Dengue",,-
CALIFORNIA,2022,47,"Dengue virus infections, Dengue",,-
HAWAII,2022,47,"Dengue virus infections, Dengue",,-
OREGON,2022,47,"Dengue virus infections, Dengue",,-
WASHINGTON,2022,47,"Dengue virus infections, Dengue",,-
US TERRITORIES,2022,47,"Dengue virus infections, Dengue",,-
AMERICAN SAMOA,2022,47,"Dengue virus infections, Dengue",,-
NORTHERN MARIANA ISLANDS,2022,47,"Dengue virus infections, Dengue",,-
GUAM,2022,47,"Dengue virus infections, Dengue",,-
PUERTO RICO,2022,47,"Dengue virus infections, Dengue",,-
U.S. VIRGIN ISLANDS,2022,47,"Dengue virus infections, Dengue",,-
NON-US RESIDENTS,2022,47,"Dengue virus infections, Dengue",,-
TOTAL,2022,47,"Dengue virus infections, Dengue",3,-
US RESIDENTS,2022,48,"Dengue virus infections, Dengue",1,-
NEW ENGLAND,2022,48,"Dengue virus infections, Dengue",,-
CONNECTICUT,2022,48,"Dengue virus infections, Dengue",,-
MAINE,2022,48,"Dengue virus infections, Dengue",,-
MASSACHUSETTS,2022,48,"Dengue virus infections, Dengue",,-
NEW HAMPSHIRE,2022,48,"Dengue virus infections, Dengue",,-
RHODE ISLAND,2022,48,"Dengue virus infections, Dengue",,-
VERMONT,2022,48,"Dengue virus infections, Dengue",,-
MIDDLE ATLANTIC,2022,48,"Dengue virus infections, Dengue",,-
NEW JERSEY,2022,48,"Dengue virus infections, Dengue",,-
NEW YORK,2022,48,"Dengue virus infections, Dengue",,-
NEW YORK CITY,2022,48,"Dengue virus infections, Dengue",,-
PENNSYLVANIA,2022,48,"Dengue virus infections, Dengue",,-
EAST NORTH CENTRAL,2022,48,"Dengue virus infections, Dengue",,-
ILLINOIS,2022,48,"Dengue virus infections, Dengue",,-
INDIANA,2022,48,"Dengue virus infections, Dengue",,-
MICHIGAN,2022,48,"Dengue virus infections, Dengue",,-
OHIO,2022,48,"Dengue virus infections, Dengue",,-
WISCONSIN,2022,48,"Dengue virus infections, Dengue",,-
WEST NORTH CENTRAL,2022,48,"Dengue virus infections, Dengue",,-
IOWA,2022,48,"Dengue virus infections, Dengue",,-
KANSAS,2022,48,"Dengue virus infections, Dengue",,-
MINNESOTA,2022,48,"Dengue virus infections, Dengue",,-
MISSOURI,2022,48,"Dengue virus infections, Dengue",,-
NEBRASKA,2022,48,"Dengue virus infections, Dengue",,-
NORTH DAKOTA,2022,48,"Dengue virus infections, Dengue",,-
SOUTH DAKOTA,2022,48,"Dengue virus infections, Dengue",,-
SOUTH ATLANTIC,2022,48,"Dengue virus infections, Dengue",1,-
DELAWARE,2022,48,"Dengue virus infections, Dengue",,-
DISTRICT OF COLUMBIA,2022,48,"Dengue virus infections, Dengue",,-
FLORIDA,2022,48,"Dengue virus infections, Dengue",,-
GEORGIA,2022,48,"Dengue virus infections, Dengue",,-
MARYLAND,2022,48,"Dengue virus infections, Dengue",1,-
NORTH CAROLINA,2022,48,"Dengue virus infections, Dengue",,-
SOUTH CAROLINA,2022,48,"Dengue virus infections, Dengue",,-
VIRGINIA,2022,48,"Dengue virus infections, Dengue",,-
WEST VIRGINIA,2022,48,"Dengue virus infections, Dengue",,-
EAST SOUTH CENTRAL,2022,48,"Dengue virus infections, Dengue",,-
ALABAMA,2022,48,"Dengue virus infections, Dengue",,-
KENTUCKY,2022,48,"Dengue virus infections, Dengue",,-
MISSISSIPPI,2022,48,"Dengue virus infections, Dengue",,-
TENNESSEE,2022,48,"Dengue virus infections, Dengue",,-
WEST SOUTH CENTRAL,2022,48,"Dengue virus infections, Dengue",,-
ARKANSAS,2022,48,"Dengue virus infections, Dengue",,-
LOUISIANA,2022,48,"Dengue virus infections, Dengue",,-
OKLAHOMA,2022,48,"Dengue virus infections, Dengue",,-
TEXAS,2022,48,"Dengue virus infections, Dengue",,-
MOUNTAIN,2022,48,"Dengue virus infections, Dengue",,-
ARIZONA,2022,48,"Dengue virus infections, Dengue",,-
COLORADO,2022,48,"Dengue virus infections, Dengue",,-
IDAHO,2022,48,"Dengue virus infections, Dengue",,-
MONTANA,2022,48,"Dengue virus infections, Dengue",,-
NEVADA,2022,48,"Dengue virus infections, Dengue",,-
NEW MEXICO,2022,48,"Dengue virus infections, Dengue",,-
UTAH,2022,48,"Dengue virus infections, Dengue",,-
WYOMING,2022,48,"Dengue virus infections, Dengue",,-
PACIFIC,2022,48,"Dengue virus infections, Dengue",,-
ALASKA,2022,48,"Dengue virus infections, Dengue",,-
CALIFORNIA,2022,48,"Dengue virus infections, Dengue",,-
HAWAII,2022,48,"Dengue virus infections, Dengue",,-
OREGON,2022,48,"Dengue virus infections, Dengue",,-
WASHINGTON,2022,48,"Dengue virus infections, Dengue",,-
US TERRITORIES,2022,48,"Dengue virus infections, Dengue",,-
AMERICAN SAMOA,2022,48,"Dengue virus infections, Dengue",,-
NORTHERN MARIANA ISLANDS,2022,48,"Dengue virus infections, Dengue",,-
GUAM,2022,48,"Dengue virus infections, Dengue",,-
PUERTO RICO,2022,48,"Dengue virus infections, Dengue",,-
U.S. VIRGIN ISLANDS,2022,48,"Dengue virus infections, Dengue",,-
NON-US RESIDENTS,2022,48,"Dengue virus infections, Dengue",,-
TOTAL,2022,48,"Dengue virus infections, Dengue",1,-
US RESIDENTS,2022,49,"Dengue virus infections, Dengue",1,-
NEW ENGLAND,2022,49,"Dengue virus infections, Dengue",,-
CONNECTICUT,2022,49,"Dengue virus infections, Dengue",,-
MAINE,2022,49,"Dengue virus infections, Dengue",,-
MASSACHUSETTS,2022,49,"Dengue virus infections, Dengue",,-
NEW HAMPSHIRE,2022,49,"Dengue virus infections, Dengue",,-
RHODE ISLAND,2022,49,"Dengue virus infections, Dengue",,-
VERMONT,2022,49,"Dengue virus infections, Dengue",,-
MIDDLE ATLANTIC,2022,49,"Dengue virus infections, Dengue",,-
NEW JERSEY,2022,49,"Dengue virus infections, Dengue",,-
NEW YORK,2022,49,"Dengue virus infections, Dengue",,-
NEW YORK CITY,2022,49,"Dengue virus infections, Dengue",,-
PENNSYLVANIA,2022,49,"Dengue virus infections, Dengue",,-
EAST NORTH CENTRAL,2022,49,"Dengue virus infections, Dengue",,-
ILLINOIS,2022,49,"Dengue virus infections, Dengue",,-
INDIANA,2022,49,"Dengue virus infections, Dengue",,-
MICHIGAN,2022,49,"Dengue virus infections, Dengue",,-
OHIO,2022,49,"Dengue virus infections, Dengue",,-
WISCONSIN,2022,49,"Dengue virus infections, Dengue",,-
WEST NORTH CENTRAL,2022,49,"Dengue virus infections, Dengue",,-
IOWA,2022,49,"Dengue virus infections, Dengue",,-
KANSAS,2022,49,"Dengue virus infections, Dengue",,-
MINNESOTA,2022,49,"Dengue virus infections, Dengue",,-
MISSOURI,2022,49,"Dengue virus infections, Dengue",,-
NEBRASKA,2022,49,"Dengue virus infections, Dengue",,-
NORTH DAKOTA,2022,49,"Dengue virus infections, Dengue",,-
SOUTH DAKOTA,2022,49,"Dengue virus infections, Dengue",,-
SOUTH ATLANTIC,2022,49,"Dengue virus infections, Dengue",1,-
DELAWARE,2022,49,"Dengue virus infections, Dengue",,-
DISTRICT OF COLUMBIA,2022,49,"Dengue virus infections, Dengue",,-
FLORIDA,2022,49,"Dengue virus infections, Dengue",,-
GEORGIA,2022,49,"Dengue virus infections, Dengue",,-
MARYLAND,2022,49,"Dengue virus infections, Dengue",1,-
NORTH CAROLINA,2022,49,"Dengue virus infections, Dengue",,-
SOUTH CAROLINA,2022,49,"Dengue virus infections, Dengue",,-
VIRGINIA,2022,49,"Dengue virus infections, Dengue",,-
WEST VIRGINIA,2022,49,"Dengue virus infections, Dengue",,-
EAST SOUTH CENTRAL,2022,49,"Dengue virus infections, Dengue",,-
ALABAMA,2022,49,"Dengue virus infections, Dengue",,-
KENTUCKY,2022,49,"Dengue virus infections, Dengue",,-
MISSISSIPPI,2022,49,"Dengue virus infections, Dengue",,-
TENNESSEE,2022,49,"Dengue virus infections, Dengue",,-
WEST SOUTH CENTRAL,2022,49,"Dengue virus infections, Dengue",,-
ARKANSAS,2022,49,"Dengue virus infections, Dengue",,-
LOUISIANA,2022,49,"Dengue virus infections, Dengue",,-
OKLAHOMA,2022,49,"Dengue virus infections, Dengue",,-
TEXAS,2022,49,"Dengue virus infections, Dengue",,-
MOUNTAIN,2022,49,"Dengue virus infections, Dengue",,-
ARIZONA,2022,49,"Dengue virus infections, Dengue",,-
COLORADO,2022,49,"Dengue virus infections, Dengue",,-
IDAHO,2022,49,"Dengue virus infections, Dengue",,-
MONTANA,2022,49,"Dengue virus infections, Dengue",,-
NEVADA,2022,49,"Dengue virus infections, Dengue",,-
NEW MEXICO,2022,49,"Dengue virus infections, Dengue",,-
UTAH,2022,49,"Dengue virus infections, Dengue",,-
WYOMING,2022,49,"Dengue virus infections, Dengue",,-
PACIFIC,2022,49,"Dengue virus infections, Dengue",,-
ALASKA,2022,49,"Dengue virus infections, Dengue",,-
CALIFORNIA,2022,49,"Dengue virus infections, Dengue",,-
HAWAII,2022,49,"Dengue virus infections, Dengue",,-
OREGON,2022,49,"Dengue virus infections, Dengue",,-
WASHINGTON,2022,49,"Dengue virus infections, Dengue",,-
US TERRITORIES,2022,49,"Dengue virus infections, Dengue",,-
AMERICAN SAMOA,2022,49,"Dengue virus infections, Dengue",,-
NORTHERN MARIANA ISLANDS,2022,49,"Dengue virus infections, Dengue",,-
GUAM,2022,49,"Dengue virus infections, Dengue",,-
PUERTO RICO,2022,49,"Dengue virus infections, Dengue",,-
U.S. VIRGIN ISLANDS,2022,49,"Dengue virus infections, Dengue",,-
NON-US RESIDENTS,2022,49,"Dengue virus infections, Dengue",,-
TOTAL,2022,49,"Dengue virus infections, Dengue",1,-
US RESIDENTS,2022,50,"Dengue virus infections, Dengue",1,-
NEW ENGLAND,2022,50,"Dengue virus infections, Dengue",,-
CONNECTICUT,2022,50,"Dengue virus infections, Dengue",,-
MAINE,2022,50,"Dengue virus infections, Dengue",,-
MASSACHUSETTS,2022,50,"Dengue virus infections, Dengue",,-
NEW HAMPSHIRE,2022,50,"Dengue virus infections, Dengue",,-
RHODE ISLAND,2022,50,"Dengue virus infections, Dengue",,-
VERMONT,2022,50,"Dengue virus infections, Dengue",,-
MIDDLE ATLANTIC,2022,50,"Dengue virus infections, Dengue",,-
NEW JERSEY,2022,50,"Dengue virus infections, Dengue",,-
NEW YORK,2022,50,"Dengue virus infections, Dengue",,-
NEW YORK CITY,2022,50,"Dengue virus infections, Dengue",,-
PENNSYLVANIA,2022,50,"Dengue virus infections, Dengue",,-
EAST NORTH CENTRAL,2022,50,"Dengue virus infections, Dengue",,-
ILLINOIS,2022,50,"Dengue virus infections, Dengue",,-
INDIANA,2022,50,"Dengue virus infections, Dengue",,-
MICHIGAN,2022,50,"Dengue virus infections, Dengue",,-
OHIO,2022,50,"Dengue virus infections, Dengue",,-
WISCONSIN,2022,50,"Dengue virus infections, Dengue",,-
WEST NORTH CENTRAL,2022,50,"Dengue virus infections, Dengue",,-
IOWA,2022,50,"Dengue virus infections, Dengue",,-
KANSAS,2022,50,"Dengue virus infections, Dengue",,-
MINNESOTA,2022,50,"Dengue virus infections, Dengue",,-
MISSOURI,2022,50,"Dengue virus infections, Dengue",,-
NEBRASKA,2022,50,"Dengue virus infections, Dengue",,-
NORTH DAKOTA,2022,50,"Dengue virus infections, Dengue",,-
SOUTH DAKOTA,2022,50,"Dengue virus infections, Dengue",,-
SOUTH ATLANTIC,2022,50,"Dengue virus infections, Dengue",1,-
DELAWARE,2022,50,"Dengue virus infections, Dengue",,-
DISTRICT OF COLUMBIA,2022,50,"Dengue virus infections, Dengue",,-
FLORIDA,2022,50,"Dengue virus infections, Dengue",1,-
GEORGIA,2022,50,"Dengue virus infections, Dengue",,-
MARYLAND,2022,50,"Dengue virus infections, Dengue",,-
NORTH CAROLINA,2022,50,"Dengue virus infections, Dengue",,-
SOUTH CAROLINA,2022,50,"Dengue virus infections, Dengue",,-
VIRGINIA,2022,50,"Dengue virus infections, Dengue",,-
WEST VIRGINIA,2022,50,"Dengue virus infections, Dengue",,-
EAST SOUTH CENTRAL,2022,50,"Dengue virus infections, Dengue",,-
ALABAMA,2022,50,"Dengue virus infections, Dengue",,-
KENTUCKY,2022,50,"Dengue virus infections, Dengue",,-
MISSISSIPPI,2022,50,"Dengue virus infections, Dengue",,-
TENNESSEE,2022,50,"Dengue virus infections, Dengue",,-
WEST SOUTH CENTRAL,2022,50,"Dengue virus infections, Dengue",,-
ARKANSAS,2022,50,"Dengue virus infections, Dengue",,-
LOUISIANA,2022,50,"Dengue virus infections, Dengue",,-
OKLAHOMA,2022,50,"Dengue virus infections, Dengue",,-
TEXAS,2022,50,"Dengue virus infections, Dengue",,-
MOUNTAIN,2022,50,"Dengue virus infections, Dengue",,-
ARIZONA,2022,50,"Dengue virus infections, Dengue",,-
COLORADO,2022,50,"Dengue virus infections, Dengue",,-
IDAHO,2022,50,"Dengue virus infections, Dengue",,-
MONTANA,2022,50,"Dengue virus infections, Dengue",,-
NEVADA,2022,50,"Dengue virus infections, Dengue",,-
NEW MEXICO,2022,50,"Dengue virus infections, Dengue",,-
UTAH,2022,50,"Dengue virus infections, Dengue",,-
WYOMING,2022,50,"Dengue virus infections, Dengue",,-
PACIFIC,2022,50,"Dengue virus infections, Dengue",,-
ALASKA,2022,50,"Dengue virus infections, Dengue",,-
CALIFORNIA,2022,50,"Dengue virus infections, Dengue",,-
HAWAII,2022,50,"Dengue virus infections, Dengue",,-
OREGON,2022,50,"Dengue virus infections, Dengue",,-
WASHINGTON,2022,50,"Dengue virus infections, Dengue",,-
US TERRITORIES,2022,50,"Dengue virus infections, Dengue",,-
AMERICAN SAMOA,2022,50,"Dengue virus infections, Dengue",,-
NORTHERN MARIANA ISLANDS,2022,50,"Dengue virus infections, Dengue",,-
GUAM,2022,50,"Dengue virus infections, Dengue",,-
PUERTO RICO,2022,50,"Dengue virus infections, Dengue",,-
U.S. VIRGIN ISLANDS,2022,50,"Dengue virus infections, Dengue",,-
NON-US RESIDENTS,2022,50,"Dengue virus infections, Dengue",,-
TOTAL,2022,50,"Dengue virus infections, Dengue",1,-
US RESIDENTS,2022,51,"Dengue virus infections, Dengue",,-
NEW ENGLAND,2022,51,"Dengue virus infections, Dengue",,-
CONNECTICUT,2022,51,"Dengue virus infections, Dengue",,-
MAINE,2022,51,"Dengue virus infections, Dengue",,-
MASSACHUSETTS,2022,51,"Dengue virus infections, Dengue",,-
NEW HAMPSHIRE,2022,51,"Dengue virus infections, Dengue",,-
RHODE ISLAND,2022,51,"Dengue virus infections, Dengue",,-
VERMONT,2022,51,"Dengue virus infections, Dengue",,-
MIDDLE ATLANTIC,2022,51,"Dengue virus infections, Dengue",,-
NEW JERSEY,2022,51,"Dengue virus infections, Dengue",,-
NEW YORK,2022,51,"Dengue virus infections, Dengue",,-
NEW YORK CITY,2022,51,"Dengue virus infections, Dengue",,-
PENNSYLVANIA,2022,51,"Dengue virus infections, Dengue",,-
EAST NORTH CENTRAL,2022,51,"Dengue virus infections, Dengue",,-
ILLINOIS,2022,51,"Dengue virus infections, Dengue",,-
INDIANA,2022,51,"Dengue virus infections, Dengue",,-
MICHIGAN,2022,51,"Dengue virus infections, Dengue",,-
OHIO,2022,51,"Dengue virus infections, Dengue",,-
WISCONSIN,2022,51,"Dengue virus infections, Dengue",,-
WEST NORTH CENTRAL,2022,51,"Dengue virus infections, Dengue",,-
IOWA,2022,51,"Dengue virus infections, Dengue",,-
KANSAS,2022,51,"Dengue virus infections, Dengue",,-
MINNESOTA,2022,51,"Dengue virus infections, Dengue",,-
MISSOURI,2022,51,"Dengue virus infections, Dengue",,-
NEBRASKA,2022,51,"Dengue virus infections, Dengue",,-
NORTH DAKOTA,2022,51,"Dengue virus infections, Dengue",,-
SOUTH DAKOTA,2022,51,"Dengue virus infections, Dengue",,-
SOUTH ATLANTIC,2022,51,"Dengue virus infections, Dengue",,-
DELAWARE,2022,51,"Dengue virus infections, Dengue",,-
DISTRICT OF COLUMBIA,2022,51,"Dengue virus infections, Dengue",,-
FLORIDA,2022,51,"Dengue virus infections, Dengue",,-
GEORGIA,2022,51,"Dengue virus infections, Dengue",,-
MARYLAND,2022,51,"Dengue virus infections, Dengue",,-
NORTH CAROLINA,2022,51,"Dengue virus infections, Dengue",,-
SOUTH CAROLINA,2022,51,"Dengue virus infections, Dengue",,-
VIRGINIA,2022,51,"Dengue virus infections, Dengue",,-
WEST VIRGINIA,2022,51,"Dengue virus infections, Dengue",,-
EAST SOUTH CENTRAL,2022,51,"Dengue virus infections, Dengue",,-
ALABAMA,2022,51,"Dengue virus infections, Dengue",,-
KENTUCKY,2022,51,"Dengue virus infections, Dengue",,-
MISSISSIPPI,2022,51,"Dengue virus infections, Dengue",,-
TENNESSEE,2022,51,"Dengue virus infections, Dengue",,-
WEST SOUTH CENTRAL,2022,51,"Dengue virus infections, Dengue",,-
ARKANSAS,2022,51,"Dengue virus infections, Dengue",,-
LOUISIANA,2022,51,"Dengue virus infections, Dengue",,-
OKLAHOMA,2022,51,"Dengue virus infections, Dengue",,-
TEXAS,2022,51,"Dengue virus infections, Dengue",,-
MOUNTAIN,2022,51,"Dengue virus infections, Dengue",,-
ARIZONA,2022,51,"Dengue virus infections, Dengue",,-
COLORADO,2022,51,"Dengue virus infections, Dengue",,-
IDAHO,2022,51,"Dengue virus infections, Dengue",,-
MONTANA,2022,51,"Dengue virus infections, Dengue",,-
NEVADA,2022,51,"Dengue virus infections, Dengue",,-
NEW MEXICO,2022,51,"Dengue virus infections, Dengue",,-
UTAH,2022,51,"Dengue virus infections, Dengue",,-
WYOMING,2022,51,"Dengue virus infections, Dengue",,-
PACIFIC,2022,51,"Dengue virus infections, Dengue",,-
ALASKA,2022,51,"Dengue virus infections, Dengue",,-
CALIFORNIA,2022,51,"Dengue virus infections, Dengue",,-
HAWAII,2022,51,"Dengue virus infections, Dengue",,-
OREGON,2022,51,"Dengue virus infections, Dengue",,-
WASHINGTON,2022,51,"Dengue virus infections, Dengue",,-
US TERRITORIES,2022,51,"Dengue virus infections, Dengue",,-
AMERICAN SAMOA,2022,51,"Dengue virus infections, Dengue",,-
NORTHERN MARIANA ISLANDS,2022,51,"Dengue virus infections, Dengue",,-
GUAM,2022,51,"Dengue virus infections, Dengue",,-
PUERTO RICO,2022,51,"Dengue virus infections, Dengue",,-
U.S. VIRGIN ISLANDS,2022,51,"Dengue virus infections, Dengue",,-
NON-US RESIDENTS,2022,51,"Dengue virus infections, Dengue",,-
TOTAL,2022,51,"Dengue virus infections, Dengue",,-
US RESIDENTS,2022,52,"Dengue virus infections, Dengue",,-
NEW ENGLAND,2022,52,"Dengue virus infections, Dengue",,-
CONNECTICUT,2022,52,"Dengue virus infections, Dengue",,-
MAINE,2022,52,"Dengue virus infections, Dengue",,-
MASSACHUSETTS,2022,52,"Dengue virus infections, Dengue",,-
NEW HAMPSHIRE,2022,52,"Dengue virus infections, Dengue",,-
RHODE ISLAND,2022,52,"Dengue virus infections, Dengue",,-
VERMONT,2022,52,"Dengue virus infections, Dengue",,-
MIDDLE ATLANTIC,2022,52,"Dengue virus infections, Dengue",,-
NEW JERSEY,2022,52,"Dengue virus infections, Dengue",,-
NEW YORK,2022,52,"Dengue virus infections, Dengue",,-
NEW YORK CITY,2022,52,"Dengue virus infections, Dengue",,-
PENNSYLVANIA,2022,52,"Dengue virus infections, Dengue",,-
EAST NORTH CENTRAL,2022,52,"Dengue virus infections, Dengue",,-
ILLINOIS,2022,52,"Dengue virus infections, Dengue",,-
INDIANA,2022,52,"Dengue virus infections, Dengue",,-
MICHIGAN,2022,52,"Dengue virus infections, Dengue",,-
OHIO,2022,52,"Dengue virus infections, Dengue",,-
WISCONSIN,2022,52,"Dengue virus infections, Dengue",,-
WEST NORTH CENTRAL,2022,52,"Dengue virus infections, Dengue",,-
IOWA,2022,52,"Dengue virus infections, Dengue",,-
KANSAS,2022,52,"Dengue virus infections, Dengue",,-
MINNESOTA,2022,52,"Dengue virus infections, Dengue",,-
MISSOURI,2022,52,"Dengue virus infections, Dengue",,-
NEBRASKA,2022,52,"Dengue virus infections, Dengue",,-
NORTH DAKOTA,2022,52,"Dengue virus infections, Dengue",,-
SOUTH DAKOTA,2022,52,"Dengue virus infections, Dengue",,-
SOUTH ATLANTIC,2022,52,"Dengue virus infections, Dengue",,-
DELAWARE,2022,52,"Dengue virus infections, Dengue",,-
DISTRICT OF COLUMBIA,2022,52,"Dengue virus infections, Dengue",,-
FLORIDA,2022,52,"Dengue virus infections, Dengue",,-
GEORGIA,2022,52,"Dengue virus infections, Dengue",,-
MARYLAND,2022,52,"Dengue virus infections, Dengue",,-
NORTH CAROLINA,2022,52,"Dengue virus infections, Dengue",,-
SOUTH CAROLINA,2022,52,"Dengue virus infections, Dengue",,-
VIRGINIA,2022,52,"Dengue virus infections, Dengue",,-
WEST VIRGINIA,2022,52,"Dengue virus infections, Dengue",,-
EAST SOUTH CENTRAL,2022,52,"Dengue virus infections, Dengue",,-
ALABAMA,2022,52,"Dengue virus infections, Dengue",,-
KENTUCKY,2022,52,"Dengue virus infections, Dengue",,-
MISSISSIPPI,2022,52,"Dengue virus infections, Dengue",,-
TENNESSEE,2022,52,"Dengue virus infections, Dengue",,-
WEST SOUTH CENTRAL,2022,52,"Dengue virus infections, Dengue",,-
ARKANSAS,2022,52,"Dengue virus infections, Dengue",,-
LOUISIANA,2022,52,"Dengue virus infections, Dengue",,-
OKLAHOMA,2022,52,"Dengue virus infections, Dengue",,-
TEXAS,2022,52,"Dengue virus infections, Dengue",,-
MOUNTAIN,2022,52,"Dengue virus infections, Dengue",,-
ARIZONA,2022,52,"Dengue virus infections, Dengue",,-
COLORADO,2022,52,"Dengue virus infections, Dengue",,-
IDAHO,2022,52,"Dengue virus infections, Dengue",,-
MONTANA,2022,52,"Dengue virus infections, Dengue",,-
NEVADA,2022,52,"Dengue virus infections, Dengue",,-
NEW MEXICO,2022,52,"Dengue virus infections, Dengue",,-
UTAH,2022,52,"Dengue virus infections, Dengue",,-
WYOMING,2022,52,"Dengue virus infections, Dengue",,-
PACIFIC,2022,52,"Dengue virus infections, Dengue",,-
ALASKA,2022,52,"Dengue virus infections, Dengue",,-
CALIFORNIA,2022,52,"Dengue virus infections, Dengue",,-
HAWAII,2022,52,"Dengue virus infections, Dengue",,-
OREGON,2022,52,"Dengue virus infections, Dengue",,-
WASHINGTON,2022,52,"Dengue virus infections, Dengue",,-
US TERRITORIES,2022,52,"Dengue virus infections, Dengue",,-
AMERICAN SAMOA,2022,52,"Dengue virus infections, Dengue",,-
NORTHERN MARIANA ISLANDS,2022,52,"Dengue virus infections, Dengue",,-
GUAM,2022,52,"Dengue virus infections, Dengue",,-
PUERTO RICO,2022,52,"Dengue virus infections, Dengue",,-
U.S. VIRGIN ISLANDS,2022,52,"Dengue virus infections, Dengue",,-
NON-US RESIDENTS,2022,52,"Dengue virus infections, Dengue",,-
TOTAL,2022,52,"Dengue virus infections, Dengue",,-
US RESIDENTS,2023,1,"Dengue virus infections, Dengue",,-
NEW ENGLAND,2023,1,"Dengue virus infections, Dengue",,-
CONNECTICUT,2023,1,"Dengue virus infections, Dengue",,-
MAINE,2023,1,"Dengue virus infections, Dengue",,-
MASSACHUSETTS,2023,1,"Dengue virus infections, Dengue",,-
NEW HAMPSHIRE,2023,1,"Dengue virus infections, Dengue",,-
RHODE ISLAND,2023,1,"Dengue virus infections, Dengue",,-
VERMONT,2023,1,"Dengue virus infections, Dengue",,-
MIDDLE ATLANTIC,2023,1,"Dengue virus infections, Dengue",,-
NEW JERSEY,2023,1,"Dengue virus infections, Dengue",,-
NEW YORK,2023,1,"Dengue virus infections, Dengue",,-
NEW YORK CITY,2023,1,"Dengue virus infections, Dengue",,-
PENNSYLVANIA,2023,1,"Dengue virus infections, Dengue",,-
EAST NORTH CENTRAL,2023,1,"Dengue virus infections, Dengue",,-
ILLINOIS,2023,1,"Dengue virus infections, Dengue",,-
INDIANA,2023,1,"Dengue virus infections, Dengue",,-
MICHIGAN,2023,1,"Dengue virus infections, Dengue",,-
OHIO,2023,1,"Dengue virus infections, Dengue",,-
WISCONSIN,2023,1,"Dengue virus infections, Dengue",,-
WEST NORTH CENTRAL,2023,1,"Dengue virus infections, Dengue",,-
IOWA,2023,1,"Dengue virus infections, Dengue",,-
KANSAS,2023,1,"Dengue virus infections, Dengue",,-
MINNESOTA,2023,1,"Dengue virus infections, Dengue",,-
MISSOURI,2023,1,"Dengue virus infections, Dengue",,-
NEBRASKA,2023,1,"Dengue virus infections, Dengue",,-
NORTH DAKOTA,2023,1,"Dengue virus infections, Dengue",,-
SOUTH DAKOTA,2023,1,"Dengue virus infections, Dengue",,-
SOUTH ATLANTIC,2023,1,"Dengue virus infections, Dengue",,-
DELAWARE,2023,1,"Dengue virus infections, Dengue",,-
DISTRICT OF COLUMBIA,2023,1,"Dengue virus infections, Dengue",,-
FLORIDA,2023,1,"Dengue virus infections, Dengue",,-
GEORGIA,2023,1,"Dengue virus infections, Dengue",,-
MARYLAND,2023,1,"Dengue virus infections, Dengue",,-
NORTH CAROLINA,2023,1,"Dengue virus infections, Dengue",,-
SOUTH CAROLINA,2023,1,"Dengue virus infections, Dengue",,-
VIRGINIA,2023,1,"Dengue virus infections, Dengue",,-
WEST VIRGINIA,2023,1,"Dengue virus infections, Dengue",,-
EAST SOUTH CENTRAL,2023,1,"Dengue virus infections, Dengue",,-
ALABAMA,2023,1,"Dengue virus infections, Dengue",,-
KENTUCKY,2023,1,"Dengue virus infections, Dengue",,-
MISSISSIPPI,2023,1,"Dengue virus infections, Dengue",,-
TENNESSEE,2023,1,"Dengue virus infections, Dengue",,-
WEST SOUTH CENTRAL,2023,1,"Dengue virus infections, Dengue",,-
ARKANSAS,2023,1,"Dengue virus infections, Dengue",,-
LOUISIANA,2023,1,"Dengue virus infections, Dengue",,-
OKLAHOMA,2023,1,"Dengue virus infections, Dengue",,-
TEXAS,2023,1,"Dengue virus infections, Dengue",,-
MOUNTAIN,2023,1,"Dengue virus infections, Dengue",,-
ARIZONA,2023,1,"Dengue virus infections, Dengue",,-
COLORADO,2023,1,"Dengue virus infections, Dengue",,-
IDAHO,2023,1,"Dengue virus infections, Dengue",,-
MONTANA,2023,1,"Dengue virus infections, Dengue",,-
NEVADA,2023,1,"Dengue virus infections, Dengue",,-
NEW MEXICO,2023,1,"Dengue virus infections, Dengue",,-
UTAH,2023,1,"Dengue virus infections, Dengue",,-
WYOMING,2023,1,"Dengue virus infections, Dengue",,-
PACIFIC,2023,1,"Dengue virus infections, Dengue",,-
ALASKA,2023,1,"Dengue virus infections, Dengue",,-
CALIFORNIA,2023,1,"Dengue virus infections, Dengue",,-
HAWAII,2023,1,"Dengue virus infections, Dengue",,-
OREGON,2023,1,"Dengue virus infections, Dengue",,-
WASHINGTON,2023,1,"Dengue virus infections, Dengue",,-
US TERRITORIES,2023,1,"Dengue virus infections, Dengue",,-
AMERICAN SAMOA,2023,1,"Dengue virus infections, Dengue",,-
NORTHERN MARIANA ISLANDS,2023,1,"Dengue virus infections, Dengue",,-
GUAM,2023,1,"Dengue virus infections, Dengue",,-
PUERTO RICO,2023,1,"Dengue virus infections, Dengue",,-
U.S. VIRGIN ISLANDS,2023,1,"Dengue virus infections, Dengue",,-
NON-US RESIDENTS,2023,1,"Dengue virus infections, Dengue",,-
TOTAL,2023,1,"Dengue virus infections, Dengue",,-
US RESIDENTS,2023,2,"Dengue virus infections, Dengue",,-
NEW ENGLAND,2023,2,"Dengue virus infections, Dengue",,-
CONNECTICUT,2023,2,"Dengue virus infections, Dengue",,-
MAINE,2023,2,"Dengue virus infections, Dengue",,-
MASSACHUSETTS,2023,2,"Dengue virus infections, Dengue",,-
NEW HAMPSHIRE,2023,2,"Dengue virus infections, Dengue",,-
RHODE ISLAND,2023,2,"Dengue virus infections, Dengue",,-
VERMONT,2023,2,"Dengue virus infections, Dengue",,-
MIDDLE ATLANTIC,2023,2,"Dengue virus infections, Dengue",,-
NEW JERSEY,2023,2,"Dengue virus infections, Dengue",,-
NEW YORK,2023,2,"Dengue virus infections, Dengue",,-
NEW YORK CITY,2023,2,"Dengue virus infections, Dengue",,-
PENNSYLVANIA,2023,2,"Dengue virus infections, Dengue",,-
EAST NORTH CENTRAL,2023,2,"Dengue virus infections, Dengue",,-
ILLINOIS,2023,2,"Dengue virus infections, Dengue",,-
INDIANA,2023,2,"Dengue virus infections, Dengue",,-
MICHIGAN,2023,2,"Dengue virus infections, Dengue",,-
OHIO,2023,2,"Dengue virus infections, Dengue",,-
WISCONSIN,2023,2,"Dengue virus infections, Dengue",,-
WEST NORTH CENTRAL,2023,2,"Dengue virus infections, Dengue",,-
IOWA,2023,2,"Dengue virus infections, Dengue",,-
KANSAS,2023,2,"Dengue virus infections, Dengue",,-
MINNESOTA,2023,2,"Dengue virus infections, Dengue",,-
MISSOURI,2023,2,"Dengue virus infections, Dengue",,-
NEBRASKA,2023,2,"Dengue virus infections, Dengue",,-
NORTH DAKOTA,2023,2,"Dengue virus infections, Dengue",,-
SOUTH DAKOTA,2023,2,"Dengue virus infections, Dengue",,-
SOUTH ATLANTIC,2023,2,"Dengue virus infections, Dengue",,-
DELAWARE,2023,2,"Dengue virus infections, Dengue",,-
DISTRICT OF COLUMBIA,2023,2,"Dengue virus infections, Dengue",,-
FLORIDA,2023,2,"Dengue virus infections, Dengue",,-
GEORGIA,2023,2,"Dengue virus infections, Dengue",,-
MARYLAND,2023,2,"Dengue virus infections, Dengue",,-
NORTH CAROLINA,2023,2,"Dengue virus infections, Dengue",,-
SOUTH CAROLINA,2023,2,"Dengue virus infections, Dengue",,-
VIRGINIA,2023,2,"Dengue virus infections, Dengue",,-
WEST VIRGINIA,2023,2,"Dengue virus infections, Dengue",,-
EAST SOUTH CENTRAL,2023,2,"Dengue virus infections, Dengue",,-
ALABAMA,2023,2,"Dengue virus infections, Dengue",,-
KENTUCKY,2023,2,"Dengue virus infections, Dengue",,-
MISSISSIPPI,2023,2,"Dengue virus infections, Dengue",,-
TENNESSEE,2023,2,"Dengue virus infections, Dengue",,-
WEST SOUTH CENTRAL,2023,2,"Dengue virus infections, Dengue",,-
ARKANSAS,2023,2,"Dengue virus infections, Dengue",,-
LOUISIANA,2023,2,"Dengue virus infections, Dengue",,-
OKLAHOMA,2023,2,"Dengue virus infections, Dengue",,-
TEXAS,2023,2,"Dengue virus infections, Dengue",,-
MOUNTAIN,2023,2,"Dengue virus infections, Dengue",,-
ARIZONA,2023,2,"Dengue virus infections, Dengue",,-
COLORADO,2023,2,"Dengue virus infections, Dengue",,-
IDAHO,2023,2,"Dengue virus infections, Dengue",,-
MONTANA,2023,2,"Dengue virus infections, Dengue",,-
NEVADA,2023,2,"Dengue virus infections, Dengue",,-
NEW MEXICO,2023,2,"Dengue virus infections, Dengue",,-
UTAH,2023,2,"Dengue virus infections, Dengue",,-
WYOMING,2023,2,"Dengue virus infections, Dengue",,-
PACIFIC,2023,2,"Dengue virus infections, Dengue",,-
ALASKA,2023,2,"Dengue virus infections, Dengue",,-
CALIFORNIA,2023,2,"Dengue virus infections, Dengue",,-
HAWAII,2023,2,"Dengue virus infections, Dengue",,-
OREGON,2023,2,"Dengue virus infections, Dengue",,-
WASHINGTON,2023,2,"Dengue virus infections, Dengue",,-
US TERRITORIES,2023,2,"Dengue virus infections, Dengue",,-
AMERICAN SAMOA,2023,2,"Dengue virus infections, Dengue",,-
NORTHERN MARIANA ISLANDS,2023,2,"Dengue virus infections, Dengue",,-
GUAM,2023,2,"Dengue virus infections, Dengue",,-
PUERTO RICO,2023,2,"Dengue virus infections, Dengue",,-
U.S. VIRGIN ISLANDS,2023,2,"Dengue virus infections, Dengue",,-
NON-US RESIDENTS,2023,2,"Dengue virus infections, Dengue",,-
TOTAL,2023,2,"Dengue virus infections, Dengue",,-
US RESIDENTS,2023,3,"Dengue virus infections, Dengue",,-
NEW ENGLAND,2023,3,"Dengue virus infections, Dengue",,-
CONNECTICUT,2023,3,"Dengue virus infections, Dengue",,-
MAINE,2023,3,"Dengue virus infections, Dengue",,-
MASSACHUSETTS,2023,3,"Dengue virus infections, Dengue",,-
NEW HAMPSHIRE,2023,3,"Dengue virus infections, Dengue",,-
RHODE ISLAND,2023,3,"Dengue virus infections, Dengue",,-
VERMONT,2023,3,"Dengue virus infections, Dengue",,-
MIDDLE ATLANTIC,2023,3,"Dengue virus infections, Dengue",,-
NEW JERSEY,2023,3,"Dengue virus infections, Dengue",,-
NEW YORK,2023,3,"Dengue virus infections, Dengue",,-
NEW YORK CITY,2023,3,"Dengue virus infections, Dengue",,-
PENNSYLVANIA,2023,3,"Dengue virus infections, Dengue",,-
EAST NORTH CENTRAL,2023,3,"Dengue virus infections, Dengue",,-
ILLINOIS,2023,3,"Dengue virus infections, Dengue",,-
INDIANA,2023,3,"Dengue virus infections, Dengue",,-
MICHIGAN,2023,3,"Dengue virus infections, Dengue",,-
OHIO,2023,3,"Dengue virus infections, Dengue",,-
WISCONSIN,2023,3,"Dengue virus infections, Dengue",,-
WEST NORTH CENTRAL,2023,3,"Dengue virus infections, Dengue",,-
IOWA,2023,3,"Dengue virus infections, Dengue",,-
KANSAS,2023,3,"Dengue virus infections, Dengue",,-
MINNESOTA,2023,3,"Dengue virus infections, Dengue",,-
MISSOURI,2023,3,"Dengue virus infections, Dengue",,-
NEBRASKA,2023,3,"Dengue virus infections, Dengue",,-
NORTH DAKOTA,2023,3,"Dengue virus infections, Dengue",,-
SOUTH DAKOTA,2023,3,"Dengue virus infections, Dengue",,-
SOUTH ATLANTIC,2023,3,"Dengue virus infections, Dengue",,-
DELAWARE,2023,3,"Dengue virus infections, Dengue",,-
DISTRICT OF COLUMBIA,2023,3,"Dengue virus infections, Dengue",,-
FLORIDA,2023,3,"Dengue virus infections, Dengue",,-
GEORGIA,2023,3,"Dengue virus infections, Dengue",,-
MARYLAND,2023,3,"Dengue virus infections, Dengue",,-
NORTH CAROLINA,2023,3,"Dengue virus infections, Dengue",,-
SOUTH CAROLINA,2023,3,"Dengue virus infections, Dengue",,-
VIRGINIA,2023,3,"Dengue virus infections, Dengue",,-
WEST VIRGINIA,2023,3,"Dengue virus infections, Dengue",,-
EAST SOUTH CENTRAL,2023,3,"Dengue virus infections, Dengue",,-
ALABAMA,2023,3,"Dengue virus infections, Dengue",,-
KENTUCKY,2023,3,"Dengue virus infections, Dengue",,-
MISSISSIPPI,2023,3,"Dengue virus infections, Dengue",,-
TENNESSEE,2023,3,"Dengue virus infections, Dengue",,-
WEST SOUTH CENTRAL,2023,3,"Dengue virus infections, Dengue",,-
ARKANSAS,2023,3,"Dengue virus infections, Dengue",,-
LOUISIANA,2023,3,"Dengue virus infections, Dengue",,-
OKLAHOMA,2023,3,"Dengue virus infections, Dengue",,-
TEXAS,2023,3,"Dengue virus infections, Dengue",,-
MOUNTAIN,2023,3,"Dengue virus infections, Dengue",,-
ARIZONA,2023,3,"Dengue virus infections, Dengue",,-
COLORADO,2023,3,"Dengue virus infections, Dengue",,-
IDAHO,2023,3,"Dengue virus infections, Dengue",,-
MONTANA,2023,3,"Dengue virus infections, Dengue",,-
NEVADA,2023,3,"Dengue virus infections, Dengue",,-
NEW MEXICO,2023,3,"Dengue virus infections, Dengue",,-
UTAH,2023,3,"Dengue virus infections, Dengue",,-
WYOMING,2023,3,"Dengue virus infections, Dengue",,-
PACIFIC,2023,3,"Dengue virus infections, Dengue",,-
ALASKA,2023,3,"Dengue virus infections, Dengue",,-
CALIFORNIA,2023,3,"Dengue virus infections, Dengue",,-
HAWAII,2023,3,"Dengue virus infections, Dengue",,-
OREGON,2023,3,"Dengue virus infections, Dengue",,-
WASHINGTON,2023,3,"Dengue virus infections, Dengue",,-
US TERRITORIES,2023,3,"Dengue virus infections, Dengue",,-
AMERICAN SAMOA,2023,3,"Dengue virus infections, Dengue",,-
NORTHERN MARIANA ISLANDS,2023,3,"Dengue virus infections, Dengue",,-
GUAM,2023,3,"Dengue virus infections, Dengue",,-
PUERTO RICO,2023,3,"Dengue virus infections, Dengue",,-
U.S. VIRGIN ISLANDS,2023,3,"Dengue virus infections, Dengue",,-
NON-US RESIDENTS,2023,3,"Dengue virus infections, Dengue",,-
TOTAL,2023,3,"Dengue virus infections, Dengue",,-
US RESIDENTS,2023,4,"Dengue virus infections, Dengue",2,-
NEW ENGLAND,2023,4,"Dengue virus infections, Dengue",,-
CONNECTICUT,2023,4,"Dengue virus infections, Dengue",,-
MAINE,2023,4,"Dengue virus infections, Dengue",,-
MASSACHUSETTS,2023,4,"Dengue virus infections, Dengue",,-
NEW HAMPSHIRE,2023,4,"Dengue virus infections, Dengue",,-
RHODE ISLAND,2023,4,"Dengue virus infections, Dengue",,-
VERMONT,2023,4,"Dengue virus infections, Dengue",,-
MIDDLE ATLANTIC,2023,4,"Dengue virus infections, Dengue",,-
NEW JERSEY,2023,4,"Dengue virus infections, Dengue",,-
NEW YORK,2023,4,"Dengue virus infections, Dengue",,-
NEW YORK CITY,2023,4,"Dengue virus infections, Dengue",,-
PENNSYLVANIA,2023,4,"Dengue virus infections, Dengue",,-
EAST NORTH CENTRAL,2023,4,"Dengue virus infections, Dengue",,-
ILLINOIS,2023,4,"Dengue virus infections, Dengue",,-
INDIANA,2023,4,"Dengue virus infections, Dengue",,-
MICHIGAN,2023,4,"Dengue virus infections, Dengue",,-
OHIO,2023,4,"Dengue virus infections, Dengue",,-
WISCONSIN,2023,4,"Dengue virus infections, Dengue",,-
WEST NORTH CENTRAL,2023,4,"Dengue virus infections, Dengue",,-
IOWA,2023,4,"Dengue virus infections, Dengue",,-
KANSAS,2023,4,"Dengue virus infections, Dengue",,-
MINNESOTA,2023,4,"Dengue virus infections, Dengue",,-
MISSOURI,2023,4,"Dengue virus infections, Dengue",,-
NEBRASKA,2023,4,"Dengue virus infections, Dengue",,-
NORTH DAKOTA,2023,4,"Dengue virus infections, Dengue",,-
SOUTH DAKOTA,2023,4,"Dengue virus infections, Dengue",,-
SOUTH ATLANTIC,2023,4,"Dengue virus infections, Dengue",2,-
DELAWARE,2023,4,"Dengue virus infections, Dengue",,-
DISTRICT OF COLUMBIA,2023,4,"Dengue virus infections, Dengue",,-
FLORIDA,2023,4,"Dengue virus infections, Dengue",2,-
GEORGIA,2023,4,"Dengue virus infections, Dengue",,-
MARYLAND,2023,4,"Dengue virus infections, Dengue",,-
NORTH CAROLINA,2023,4,"Dengue virus infections, Dengue",,-
SOUTH CAROLINA,2023,4,"Dengue virus infections, Dengue",,-
VIRGINIA,2023,4,"Dengue virus infections, Dengue",,-
WEST VIRGINIA,2023,4,"Dengue virus infections, Dengue",,-
EAST SOUTH CENTRAL,2023,4,"Dengue virus infections, Dengue",,-
ALABAMA,2023,4,"Dengue virus infections, Dengue",,-
KENTUCKY,2023,4,"Dengue virus infections, Dengue",,-
MISSISSIPPI,2023,4,"Dengue virus infections, Dengue",,-
TENNESSEE,2023,4,"Dengue virus infections, Dengue",,-
WEST SOUTH CENTRAL,2023,4,"Dengue virus infections, Dengue",,-
ARKANSAS,2023,4,"Dengue virus infections, Dengue",,-
LOUISIANA,2023,4,"Dengue virus infections, Dengue",,-
OKLAHOMA,2023,4,"Dengue virus infections, Dengue",,-
TEXAS,2023,4,"Dengue virus infections, Dengue",,-
MOUNTAIN,2023,4,"Dengue virus infections, Dengue",,-
ARIZONA,2023,4,"Dengue virus infections, Dengue",,-
COLORADO,2023,4,"Dengue virus infections, Dengue",,-
IDAHO,2023,4,"Dengue virus infections, Dengue",,-
MONTANA,2023,4,"Dengue virus infections, Dengue",,-
NEVADA,2023,4,"Dengue virus infections, Dengue",,-
NEW MEXICO,2023,4,"Dengue virus infections, Dengue",,-
UTAH,2023,4,"Dengue virus infections, Dengue",,-
WYOMING,2023,4,"Dengue virus infections, Dengue",,-
PACIFIC,2023,4,"Dengue virus infections, Dengue",,-
ALASKA,2023,4,"Dengue virus infections, Dengue",,-
CALIFORNIA,2023,4,"Dengue virus infections, Dengue",,-
HAWAII,2023,4,"Dengue virus infections, Dengue",,-
OREGON,2023,4,"Dengue virus infections, Dengue",,-
WASHINGTON,2023,4,"Dengue virus infections, Dengue",,-
US TERRITORIES,2023,4,"Dengue virus infections, Dengue",,-
AMERICAN SAMOA,2023,4,"Dengue virus infections, Dengue",,-
NORTHERN MARIANA ISLANDS,2023,4,"Dengue virus infections, Dengue",,-
GUAM,2023,4,"Dengue virus infections, Dengue",,-
PUERTO RICO,2023,4,"Dengue virus infections, Dengue",,-
U.S. VIRGIN ISLANDS,2023,4,"Dengue virus infections, Dengue",,-
NON-US RESIDENTS,2023,4,"Dengue virus infections, Dengue",,-
TOTAL,2023,4,"Dengue virus infections, Dengue",2,-
US RESIDENTS,2023,5,"Dengue virus infections, Dengue",1,-
NEW ENGLAND,2023,5,"Dengue virus infections, Dengue",,-
CONNECTICUT,2023,5,"Dengue virus infections, Dengue",,-
MAINE,2023,5,"Dengue virus infections, Dengue",,-
MASSACHUSETTS,2023,5,"Dengue virus infections, Dengue",,-
NEW HAMPSHIRE,2023,5,"Dengue virus infections, Dengue",,-
RHODE ISLAND,2023,5,"Dengue virus infections, Dengue",,-
VERMONT,2023,5,"Dengue virus infections, Dengue",,-
MIDDLE ATLANTIC,2023,5,"Dengue virus infections, Dengue",,-
NEW JERSEY,2023,5,"Dengue virus infections, Dengue",,-
NEW YORK,2023,5,"Dengue virus infections, Dengue",,-
NEW YORK CITY,2023,5,"Dengue virus infections, Dengue",,-
PENNSYLVANIA,2023,5,"Dengue virus infections, Dengue",,-
EAST NORTH CENTRAL,2023,5,"Dengue virus infections, Dengue",,-
ILLINOIS,2023,5,"Dengue virus infections, Dengue",,-
INDIANA,2023,5,"Dengue virus infections, Dengue",,-
MICHIGAN,2023,5,"Dengue virus infections, Dengue",,-
OHIO,2023,5,"Dengue virus infections, Dengue",,-
WISCONSIN,2023,5,"Dengue virus infections, Dengue",,-
WEST NORTH CENTRAL,2023,5,"Dengue virus infections, Dengue",,-
IOWA,2023,5,"Dengue virus infections, Dengue",,-
KANSAS,2023,5,"Dengue virus infections, Dengue",,-
MINNESOTA,2023,5,"Dengue virus infections, Dengue",,-
MISSOURI,2023,5,"Dengue virus infections, Dengue",,-
NEBRASKA,2023,5,"Dengue virus infections, Dengue",,-
NORTH DAKOTA,2023,5,"Dengue virus infections, Dengue",,-
SOUTH DAKOTA,2023,5,"Dengue virus infections, Dengue",,-
SOUTH ATLANTIC,2023,5,"Dengue virus infections, Dengue",,-
DELAWARE,2023,5,"Dengue virus infections, Dengue",,-
DISTRICT OF COLUMBIA,2023,5,"Dengue virus infections, Dengue",,-
FLORIDA,2023,5,"Dengue virus infections, Dengue",,-
GEORGIA,2023,5,"Dengue virus infections, Dengue",,-
MARYLAND,2023,5,"Dengue virus infections, Dengue",,-
NORTH CAROLINA,2023,5,"Dengue virus infections, Dengue",,-
SOUTH CAROLINA,2023,5,"Dengue virus infections, Dengue",,-
VIRGINIA,2023,5,"Dengue virus infections, Dengue",,-
WEST VIRGINIA,2023,5,"Dengue virus infections, Dengue",,-
EAST SOUTH CENTRAL,2023,5,"Dengue virus infections, Dengue",,-
ALABAMA,2023,5,"Dengue virus infections, Dengue",,-
KENTUCKY,2023,5,"Dengue virus infections, Dengue",,-
MISSISSIPPI,2023,5,"Dengue virus infections, Dengue",,-
TENNESSEE,2023,5,"Dengue virus infections, Dengue",,-
WEST SOUTH CENTRAL,2023,5,"Dengue virus infections, Dengue",,-
ARKANSAS,2023,5,"Dengue virus infections, Dengue",,-
LOUISIANA,2023,5,"Dengue virus infections, Dengue",,-
OKLAHOMA,2023,5,"Dengue virus infections, Dengue",,-
TEXAS,2023,5,"Dengue virus infections, Dengue",,-
MOUNTAIN,2023,5,"Dengue virus infections, Dengue",1,-
ARIZONA,2023,5,"Dengue virus infections, Dengue",1,-
COLORADO,2023,5,"Dengue virus infections, Dengue",,-
IDAHO,2023,5,"Dengue virus infections, Dengue",,-
MONTANA,2023,5,"Dengue virus infections, Dengue",,-
NEVADA,2023,5,"Dengue virus infections, Dengue",,-
NEW MEXICO,2023,5,"Dengue virus infections, Dengue",,-
UTAH,2023,5,"Dengue virus infections, Dengue",,-
WYOMING,2023,5,"Dengue virus infections, Dengue",,-
PACIFIC,2023,5,"Dengue virus infections, Dengue",,-
ALASKA,2023,5,"Dengue virus infections, Dengue",,-
CALIFORNIA,2023,5,"Dengue virus infections, Dengue",,-
HAWAII,2023,5,"Dengue virus infections, Dengue",,-
OREGON,2023,5,"Dengue virus infections, Dengue",,-
WASHINGTON,2023,5,"Dengue virus infections, Dengue",,-
US TERRITORIES,2023,5,"Dengue virus infections, Dengue",,-
AMERICAN SAMOA,2023,5,"Dengue virus infections, Dengue",,-
NORTHERN MARIANA ISLANDS,2023,5,"Dengue virus infections, Dengue",,-
GUAM,2023,5,"Dengue virus infections, Dengue",,-
PUERTO RICO,2023,5,"Dengue virus infections, Dengue",,-
U.S. VIRGIN ISLANDS,2023,5,"Dengue virus infections, Dengue",,-
NON-US RESIDENTS,2023,5,"Dengue virus infections, Dengue",,-
TOTAL,2023,5,"Dengue virus infections, Dengue",1,-
US RESIDENTS,2023,6,"Dengue virus infections, Dengue",,-
NEW ENGLAND,2023,6,"Dengue virus infections, Dengue",,-
CONNECTICUT,2023,6,"Dengue virus infections, Dengue",,-
MAINE,2023,6,"Dengue virus infections, Dengue",,-
MASSACHUSETTS,2023,6,"Dengue virus infections, Dengue",,-
NEW HAMPSHIRE,2023,6,"Dengue virus infections, Dengue",,-
RHODE ISLAND,2023,6,"Dengue virus infections, Dengue",,-
VERMONT,2023,6,"Dengue virus infections, Dengue",,-
MIDDLE ATLANTIC,2023,6,"Dengue virus infections, Dengue",,-
NEW JERSEY,2023,6,"Dengue virus infections, Dengue",,-
NEW YORK,2023,6,"Dengue virus infections, Dengue",,-
NEW YORK CITY,2023,6,"Dengue virus infections, Dengue",,-
PENNSYLVANIA,2023,6,"Dengue virus infections, Dengue",,-
EAST NORTH CENTRAL,2023,6,"Dengue virus infections, Dengue",,-
ILLINOIS,2023,6,"Dengue virus infections, Dengue",,-
INDIANA,2023,6,"Dengue virus infections, Dengue",,-
MICHIGAN,2023,6,"Dengue virus infections, Dengue",,-
OHIO,2023,6,"Dengue virus infections, Dengue",,U
WISCONSIN,2023,6,"Dengue virus infections, Dengue",,-
WEST NORTH CENTRAL,2023,6,"Dengue virus infections, Dengue",,-
IOWA,2023,6,"Dengue virus infections, Dengue",,-
KANSAS,2023,6,"Dengue virus infections, Dengue",,-
MINNESOTA,2023,6,"Dengue virus infections, Dengue",,-
MISSOURI,2023,6,"Dengue virus infections, Dengue",,-
NEBRASKA,2023,6,"Dengue virus infections, Dengue",,-
NORTH DAKOTA,2023,6,"Dengue virus infections, Dengue",,-
SOUTH DAKOTA,2023,6,"Dengue virus infections, Dengue",,-
SOUTH ATLANTIC,2023,6,"Dengue virus infections, Dengue",,-
DELAWARE,2023,6,"Dengue virus infections, Dengue",,-
DISTRICT OF COLUMBIA,2023,6,"Dengue virus infections, Dengue",,-
FLORIDA,2023,6,"Dengue virus infections, Dengue",,-
GEORGIA,2023,6,"Dengue virus infections, Dengue",,-
MARYLAND,2023,6,"Dengue virus infections, Dengue",,-
NORTH CAROLINA,2023,6,"Dengue virus infections, Dengue",,-
SOUTH CAROLINA,2023,6,"Dengue virus infections, Dengue",,-
VIRGINIA,2023,6,"Dengue virus infections, Dengue",,-
WEST VIRGINIA,2023,6,"Dengue virus infections, Dengue",,-
EAST SOUTH CENTRAL,2023,6,"Dengue virus infections, Dengue",,-
ALABAMA,2023,6,"Dengue virus infections, Dengue",,-
KENTUCKY,2023,6,"Dengue virus infections, Dengue",,-
MISSISSIPPI,2023,6,"Dengue virus infections, Dengue",,-
TENNESSEE,2023,6,"Dengue virus infections, Dengue",,-
WEST SOUTH CENTRAL,2023,6,"Dengue virus infections, Dengue",,-
ARKANSAS,2023,6,"Dengue virus infections, Dengue",,-
LOUISIANA,2023,6,"Dengue virus infections, Dengue",,-
OKLAHOMA,2023,6,"Dengue virus infections, Dengue",,-
TEXAS,2023,6,"Dengue virus infections, Dengue",,-
MOUNTAIN,2023,6,"Dengue virus infections, Dengue",,-
ARIZONA,2023,6,"Dengue virus infections, Dengue",,-
COLORADO,2023,6,"Dengue virus infections, Dengue",,-
IDAHO,2023,6,"Dengue virus infections, Dengue",,-
MONTANA,2023,6,"Dengue virus infections, Dengue",,-
NEVADA,2023,6,"Dengue virus infections, Dengue",,-
NEW MEXICO,2023,6,"Dengue virus infections, Dengue",,-
UTAH,2023,6,"Dengue virus infections, Dengue",,-
WYOMING,2023,6,"Dengue virus infections, Dengue",,-
PACIFIC,2023,6,"Dengue virus infections, Dengue",,-
ALASKA,2023,6,"Dengue virus infections, Dengue",,-
CALIFORNIA,2023,6,"Dengue virus infections, Dengue",,-
HAWAII,2023,6,"Dengue virus infections, Dengue",,-
OREGON,2023,6,"Dengue virus infections, Dengue",,-
WASHINGTON,2023,6,"Dengue virus infections, Dengue",,-
US TERRITORIES,2023,6,"Dengue virus infections, Dengue",,-
AMERICAN SAMOA,2023,6,"Dengue virus infections, Dengue",,-
NORTHERN MARIANA ISLANDS,2023,6,"Dengue virus infections, Dengue",,-
GUAM,2023,6,"Dengue virus infections, Dengue",,-
PUERTO RICO,2023,6,"Dengue virus infections, Dengue",,-
U.S. VIRGIN ISLANDS,2023,6,"Dengue virus infections, Dengue",,-
NON-US RESIDENTS,2023,6,"Dengue virus infections, Dengue",,-
TOTAL,2023,6,"Dengue virus infections, Dengue",,-
US RESIDENTS,2023,7,"Dengue virus infections, Dengue",2,-
NEW ENGLAND,2023,7,"Dengue virus infections, Dengue",,-
CONNECTICUT,2023,7,"Dengue virus infections, Dengue",,-
MAINE,2023,7,"Dengue virus infections, Dengue",,-
MASSACHUSETTS,2023,7,"Dengue virus infections, Dengue",,-
NEW HAMPSHIRE,2023,7,"Dengue virus infections, Dengue",,-
RHODE ISLAND,2023,7,"Dengue virus infections, Dengue",,-
VERMONT,2023,7,"Dengue virus infections, Dengue",,-
MIDDLE ATLANTIC,2023,7,"Dengue virus infections, Dengue",,-
NEW JERSEY,2023,7,"Dengue virus infections, Dengue",,-
NEW YORK,2023,7,"Dengue virus infections, Dengue",,-
NEW YORK CITY,2023,7,"Dengue virus infections, Dengue",,-
PENNSYLVANIA,2023,7,"Dengue virus infections, Dengue",,-
EAST NORTH CENTRAL,2023,7,"Dengue virus infections, Dengue",,-
ILLINOIS,2023,7,"Dengue virus infections, Dengue",,-
INDIANA,2023,7,"Dengue virus infections, Dengue",,-
MICHIGAN,2023,7,"Dengue virus infections, Dengue",,-
OHIO,2023,7,"Dengue virus infections, Dengue",,-
WISCONSIN,2023,7,"Dengue virus infections, Dengue",,-
WEST NORTH CENTRAL,2023,7,"Dengue virus infections, Dengue",,-
IOWA,2023,7,"Dengue virus infections, Dengue",,-
KANSAS,2023,7,"Dengue virus infections, Dengue",,-
MINNESOTA,2023,7,"Dengue virus infections, Dengue",,-
MISSOURI,2023,7,"Dengue virus infections, Dengue",,-
NEBRASKA,2023,7,"Dengue virus infections, Dengue",,-
NORTH DAKOTA,2023,7,"Dengue virus infections, Dengue",,-
SOUTH DAKOTA,2023,7,"Dengue virus infections, Dengue",,-
SOUTH ATLANTIC,2023,7,"Dengue virus infections, Dengue",1,-
DELAWARE,2023,7,"Dengue virus infections, Dengue",,-
DISTRICT OF COLUMBIA,2023,7,"Dengue virus infections, Dengue",,-
FLORIDA,2023,7,"Dengue virus infections, Dengue",1,-
GEORGIA,2023,7,"Dengue virus infections, Dengue",,-
MARYLAND,2023,7,"Dengue virus infections, Dengue",,-
NORTH CAROLINA,2023,7,"Dengue virus infections, Dengue",,-
SOUTH CAROLINA,2023,7,"Dengue virus infections, Dengue",,-
VIRGINIA,2023,7,"Dengue virus infections, Dengue",,-
WEST VIRGINIA,2023,7,"Dengue virus infections, Dengue",,-
EAST SOUTH CENTRAL,2023,7,"Dengue virus infections, Dengue",,-
ALABAMA,2023,7,"Dengue virus infections, Dengue",,-
KENTUCKY,2023,7,"Dengue virus infections, Dengue",,-
MISSISSIPPI,2023,7,"Dengue virus infections, Dengue",,-
TENNESSEE,2023,7,"Dengue virus infections, Dengue",,-
WEST SOUTH CENTRAL,2023,7,"Dengue virus infections, Dengue",,-
ARKANSAS,2023,7,"Dengue virus infections, Dengue",,-
LOUISIANA,2023,7,"Dengue virus infections, Dengue",,-
OKLAHOMA,2023,7,"Dengue virus infections, Dengue",,-
TEXAS,2023,7,"Dengue virus infections, Dengue",,-
MOUNTAIN,2023,7,"Dengue virus infections, Dengue",1,-
ARIZONA,2023,7,"Dengue virus infections, Dengue",1,-
COLORADO,2023,7,"Dengue virus infections, Dengue",,-
IDAHO,2023,7,"Dengue virus infections, Dengue",,-
MONTANA,2023,7,"Dengue virus infections, Dengue",,-
NEVADA,2023,7,"Dengue virus infections, Dengue",,-
NEW MEXICO,2023,7,"Dengue virus infections, Dengue",,-
UTAH,2023,7,"Dengue virus infections, Dengue",,-
WYOMING,2023,7,"Dengue virus infections, Dengue",,-
PACIFIC,2023,7,"Dengue virus infections, Dengue",,-
ALASKA,2023,7,"Dengue virus infections, Dengue",,-
CALIFORNIA,2023,7,"Dengue virus infections, Dengue",,-
HAWAII,2023,7,"Dengue virus infections, Dengue",,-
OREGON,2023,7,"Dengue virus infections, Dengue",,-
WASHINGTON,2023,7,"Dengue virus infections, Dengue",,-
US TERRITORIES,2023,7,"Dengue virus infections, Dengue",,-
AMERICAN SAMOA,2023,7,"Dengue virus infections, Dengue",,-
NORTHERN MARIANA ISLANDS,2023,7,"Dengue virus infections, Dengue",,-
GUAM,2023,7,"Dengue virus infections, Dengue",,-
PUERTO RICO,2023,7,"Dengue virus infections, Dengue",,-
U.S. VIRGIN ISLANDS,2023,7,"Dengue virus infections, Dengue",,-
NON-US RESIDENTS,2023,7,"Dengue virus infections, Dengue",,-
TOTAL,2023,7,"Dengue virus infections, Dengue",2,-
US RESIDENTS,2023,8,"Dengue virus infections, Dengue",,-
NEW ENGLAND,2023,8,"Dengue virus infections, Dengue",,-
CONNECTICUT,2023,8,"Dengue virus infections, Dengue",,-
MAINE,2023,8,"Dengue virus infections, Dengue",,-
MASSACHUSETTS,2023,8,"Dengue virus infections, Dengue",,-
NEW HAMPSHIRE,2023,8,"Dengue virus infections, Dengue",,-
RHODE ISLAND,2023,8,"Dengue virus infections, Dengue",,-
VERMONT,2023,8,"Dengue virus infections, Dengue",,-
MIDDLE ATLANTIC,2023,8,"Dengue virus infections, Dengue",,-
NEW JERSEY,2023,8,"Dengue virus infections, Dengue",,-
NEW YORK,2023,8,"Dengue virus infections, Dengue",,-
NEW YORK CITY,2023,8,"Dengue virus infections, Dengue",,-
PENNSYLVANIA,2023,8,"Dengue virus infections, Dengue",,-
EAST NORTH CENTRAL,2023,8,"Dengue virus infections, Dengue",,-
ILLINOIS,2023,8,"Dengue virus infections, Dengue",,-
INDIANA,2023,8,"Dengue virus infections, Dengue",,-
MICHIGAN,2023,8,"Dengue virus infections, Dengue",,-
OHIO,2023,8,"Dengue virus infections, Dengue",,-
WISCONSIN,2023,8,"Dengue virus infections, Dengue",,-
WEST NORTH CENTRAL,2023,8,"Dengue virus infections, Dengue",,-
IOWA,2023,8,"Dengue virus infections, Dengue",,-
KANSAS,2023,8,"Dengue virus infections, Dengue",,-
MINNESOTA,2023,8,"Dengue virus infections, Dengue",,-
MISSOURI,2023,8,"Dengue virus infections, Dengue",,-
NEBRASKA,2023,8,"Dengue virus infections, Dengue",,-
NORTH DAKOTA,2023,8,"Dengue virus infections, Dengue",,-
SOUTH DAKOTA,2023,8,"Dengue virus infections, Dengue",,-
SOUTH ATLANTIC,2023,8,"Dengue virus infections, Dengue",,-
DELAWARE,2023,8,"Dengue virus infections, Dengue",,-
DISTRICT OF COLUMBIA,2023,8,"Dengue virus infections, Dengue",,-
FLORIDA,2023,8,"Dengue virus infections, Dengue",,-
GEORGIA,2023,8,"Dengue virus infections, Dengue",,-
MARYLAND,2023,8,"Dengue virus infections, Dengue",,-
NORTH CAROLINA,2023,8,"Dengue virus infections, Dengue",,-
SOUTH CAROLINA,2023,8,"Dengue virus infections, Dengue",,-
VIRGINIA,2023,8,"Dengue virus infections, Dengue",,-
WEST VIRGINIA,2023,8,"Dengue virus infections, Dengue",,-
EAST SOUTH CENTRAL,2023,8,"Dengue virus infections, Dengue",,-
ALABAMA,2023,8,"Dengue virus infections, Dengue",,-
KENTUCKY,2023,8,"Dengue virus infections, Dengue",,-
MISSISSIPPI,2023,8,"Dengue virus infections, Dengue",,-
TENNESSEE,2023,8,"Dengue virus infections, Dengue",,-
WEST SOUTH CENTRAL,2023,8,"Dengue virus infections, Dengue",,-
ARKANSAS,2023,8,"Dengue virus infections, Dengue",,-
LOUISIANA,2023,8,"Dengue virus infections, Dengue",,-
OKLAHOMA,2023,8,"Dengue virus infections, Dengue",,-
TEXAS,2023,8,"Dengue virus infections, Dengue",,-
MOUNTAIN,2023,8,"Dengue virus infections, Dengue",,-
ARIZONA,2023,8,"Dengue virus infections, Dengue",,-
COLORADO,2023,8,"Dengue virus infections, Dengue",,-
IDAHO,2023,8,"Dengue virus infections, Dengue",,-
MONTANA,2023,8,"Dengue virus infections, Dengue",,-
NEVADA,2023,8,"Dengue virus infections, Dengue",,-
NEW MEXICO,2023,8,"Dengue virus infections, Dengue",,-
UTAH,2023,8,"Dengue virus infections, Dengue",,-
WYOMING,2023,8,"Dengue virus infections, Dengue",,-
PACIFIC,2023,8,"Dengue virus infections, Dengue",,-
ALASKA,2023,8,"Dengue virus infections, Dengue",,-
CALIFORNIA,2023,8,"Dengue virus infections, Dengue",,-
HAWAII,2023,8,"Dengue virus infections, Dengue",,-
OREGON,2023,8,"Dengue virus infections, Dengue",,-
WASHINGTON,2023,8,"Dengue virus infections, Dengue",,-
US TERRITORIES,2023,8,"Dengue virus infections, Dengue",,-
AMERICAN SAMOA,2023,8,"Dengue virus infections, Dengue",,-
NORTHERN MARIANA ISLANDS,2023,8,"Dengue virus infections, Dengue",,-
GUAM,2023,8,"Dengue virus infections, Dengue",,-
PUERTO RICO,2023,8,"Dengue virus infections, Dengue",,-
U.S. VIRGIN ISLANDS,2023,8,"Dengue virus infections, Dengue",,-
NON-US RESIDENTS,2023,8,"Dengue virus infections, Dengue",,-
TOTAL,2023,8,"Dengue virus infections, Dengue",,-
US RESIDENTS,2023,9,"Dengue virus infections, Dengue",,-
NEW ENGLAND,2023,9,"Dengue virus infections, Dengue",,-
CONNECTICUT,2023,9,"Dengue virus infections, Dengue",,-
MAINE,2023,9,"Dengue virus infections, Dengue",,-
MASSACHUSETTS,2023,9,"Dengue virus infections, Dengue",,-
NEW HAMPSHIRE,2023,9,"Dengue virus infections, Dengue",,-
RHODE ISLAND,2023,9,"Dengue virus infections, Dengue",,-
VERMONT,2023,9,"Dengue virus infections, Dengue",,-
MIDDLE ATLANTIC,2023,9,"Dengue virus infections, Dengue",,-
NEW JERSEY,2023,9,"Dengue virus infections, Dengue",,-
NEW YORK,2023,9,"Dengue virus infections, Dengue",,-
NEW YORK CITY,2023,9,"Dengue virus infections, Dengue",,-
PENNSYLVANIA,2023,9,"Dengue virus infections, Dengue",,-
EAST NORTH CENTRAL,2023,9,"Dengue virus infections, Dengue",,-
ILLINOIS,2023,9,"Dengue virus infections, Dengue",,-
INDIANA,2023,9,"Dengue virus infections, Dengue",,-
MICHIGAN,2023,9,"Dengue virus infections, Dengue",,-
OHIO,2023,9,"Dengue virus infections, Dengue",,-
WISCONSIN,2023,9,"Dengue virus infections, Dengue",,-
WEST NORTH CENTRAL,2023,9,"Dengue virus infections, Dengue",,-
IOWA,2023,9,"Dengue virus infections, Dengue",,-
KANSAS,2023,9,"Dengue virus infections, Dengue",,-
MINNESOTA,2023,9,"Dengue virus infections, Dengue",,-
MISSOURI,2023,9,"Dengue virus infections, Dengue",,-
NEBRASKA,2023,9,"Dengue virus infections, Dengue",,-
NORTH DAKOTA,2023,9,"Dengue virus infections, Dengue",,-
SOUTH DAKOTA,2023,9,"Dengue virus infections, Dengue",,-
SOUTH ATLANTIC,2023,9,"Dengue virus infections, Dengue",,-
DELAWARE,2023,9,"Dengue virus infections, Dengue",,-
DISTRICT OF COLUMBIA,2023,9,"Dengue virus infections, Dengue",,-
FLORIDA,2023,9,"Dengue virus infections, Dengue",,-
GEORGIA,2023,9,"Dengue virus infections, Dengue",,-
MARYLAND,2023,9,"Dengue virus infections, Dengue",,-
NORTH CAROLINA,2023,9,"Dengue virus infections, Dengue",,-
SOUTH CAROLINA,2023,9,"Dengue virus infections, Dengue",,-
VIRGINIA,2023,9,"Dengue virus infections, Dengue",,-
WEST VIRGINIA,2023,9,"Dengue virus infections, Dengue",,-
EAST SOUTH CENTRAL,2023,9,"Dengue virus infections, Dengue",,-
ALABAMA,2023,9,"Dengue virus infections, Dengue",,-
KENTUCKY,2023,9,"Dengue virus infections, Dengue",,-
MISSISSIPPI,2023,9,"Dengue virus infections, Dengue",,-
TENNESSEE,2023,9,"Dengue virus infections, Dengue",,-
WEST SOUTH CENTRAL,2023,9,"Dengue virus infections, Dengue",,-
ARKANSAS,2023,9,"Dengue virus infections, Dengue",,-
LOUISIANA,2023,9,"Dengue virus infections, Dengue",,-
OKLAHOMA,2023,9,"Dengue virus infections, Dengue",,-
TEXAS,2023,9,"Dengue virus infections, Dengue",,-
MOUNTAIN,2023,9,"Dengue virus infections, Dengue",,-
ARIZONA,2023,9,"Dengue virus infections, Dengue",,-
COLORADO,2023,9,"Dengue virus infections, Dengue",,-
IDAHO,2023,9,"Dengue virus infections, Dengue",,-
MONTANA,2023,9,"Dengue virus infections, Dengue",,-
NEVADA,2023,9,"Dengue virus infections, Dengue",,-
NEW MEXICO,2023,9,"Dengue virus infections, Dengue",,-
UTAH,2023,9,"Dengue virus infections, Dengue",,-
WYOMING,2023,9,"Dengue virus infections, Dengue",,-
PACIFIC,2023,9,"Dengue virus infections, Dengue",,-
ALASKA,2023,9,"Dengue virus infections, Dengue",,-
CALIFORNIA,2023,9,"Dengue virus infections, Dengue",,-
HAWAII,2023,9,"Dengue virus infections, Dengue",,-
OREGON,2023,9,"Dengue virus infections, Dengue",,-
WASHINGTON,2023,9,"Dengue virus infections, Dengue",,-
US TERRITORIES,2023,9,"Dengue virus infections, Dengue",,-
AMERICAN SAMOA,2023,9,"Dengue virus infections, Dengue",,-
NORTHERN MARIANA ISLANDS,2023,9,"Dengue virus infections, Dengue",,-
GUAM,2023,9,"Dengue virus infections, Dengue",,-
PUERTO RICO,2023,9,"Dengue virus infections, Dengue",,-
U.S. VIRGIN ISLANDS,2023,9,"Dengue virus infections, Dengue",,-
NON-US RESIDENTS,2023,9,"Dengue virus infections, Dengue",,-
TOTAL,2023,9,"Dengue virus infections, Dengue",,-
US RESIDENTS,2023,10,"Dengue virus infections, Dengue",1,-
NEW ENGLAND,2023,10,"Dengue virus infections, Dengue",,-
CONNECTICUT,2023,10,"Dengue virus infections, Dengue",,-
MAINE,2023,10,"Dengue virus infections, Dengue",,-
MASSACHUSETTS,2023,10,"Dengue virus infections, Dengue",,-
NEW HAMPSHIRE,2023,10,"Dengue virus infections, Dengue",,-
RHODE ISLAND,2023,10,"Dengue virus infections, Dengue",,-
VERMONT,2023,10,"Dengue virus infections, Dengue",,-
MIDDLE ATLANTIC,2023,10,"Dengue virus infections, Dengue",,-
NEW JERSEY,2023,10,"Dengue virus infections, Dengue",,-
NEW YORK,2023,10,"Dengue virus infections, Dengue",,-
NEW YORK CITY,2023,10,"Dengue virus infections, Dengue",,-
PENNSYLVANIA,2023,10,"Dengue virus infections, Dengue",,-
EAST NORTH CENTRAL,2023,10,"Dengue virus infections, Dengue",,-
ILLINOIS,2023,10,"Dengue virus infections, Dengue",,-
INDIANA,2023,10,"Dengue virus infections, Dengue",,-
MICHIGAN,2023,10,"Dengue virus infections, Dengue",,-
OHIO,2023,10,"Dengue virus infections, Dengue",,-
WISCONSIN,2023,10,"Dengue virus infections, Dengue",,-
WEST NORTH CENTRAL,2023,10,"Dengue virus infections, Dengue",1,-
IOWA,2023,10,"Dengue virus infections, Dengue",,-
KANSAS,2023,10,"Dengue virus infections, Dengue",,-
MINNESOTA,2023,10,"Dengue virus infections, Dengue",,-
MISSOURI,2023,10,"Dengue virus infections, Dengue",,-
NEBRASKA,2023,10,"Dengue virus infections, Dengue",1,-
NORTH DAKOTA,2023,10,"Dengue virus infections, Dengue",,-
SOUTH DAKOTA,2023,10,"Dengue virus infections, Dengue",,-
SOUTH ATLANTIC,2023,10,"Dengue virus infections, Dengue",,-
DELAWARE,2023,10,"Dengue virus infections, Dengue",,-
DISTRICT OF COLUMBIA,2023,10,"Dengue virus infections, Dengue",,-
FLORIDA,2023,10,"Dengue virus infections, Dengue",,-
GEORGIA,2023,10,"Dengue virus infections, Dengue",,-
MARYLAND,2023,10,"Dengue virus infections, Dengue",,-
NORTH CAROLINA,2023,10,"Dengue virus infections, Dengue",,-
SOUTH CAROLINA,2023,10,"Dengue virus infections, Dengue",,-
VIRGINIA,2023,10,"Dengue virus infections, Dengue",,-
WEST VIRGINIA,2023,10,"Dengue virus infections, Dengue",,-
EAST SOUTH CENTRAL,2023,10,"Dengue virus infections, Dengue",,-
ALABAMA,2023,10,"Dengue virus infections, Dengue",,-
KENTUCKY,2023,10,"Dengue virus infections, Dengue",,-
MISSISSIPPI,2023,10,"Dengue virus infections, Dengue",,-
TENNESSEE,2023,10,"Dengue virus infections, Dengue",,-
WEST SOUTH CENTRAL,2023,10,"Dengue virus infections, Dengue",,-
ARKANSAS,2023,10,"Dengue virus infections, Dengue",,-
LOUISIANA,2023,10,"Dengue virus infections, Dengue",,-
OKLAHOMA,2023,10,"Dengue virus infections, Dengue",,-
TEXAS,2023,10,"Dengue virus infections, Dengue",,-
MOUNTAIN,2023,10,"Dengue virus infections, Dengue",,-
ARIZONA,2023,10,"Dengue virus infections, Dengue",,-
COLORADO,2023,10,"Dengue virus infections, Dengue",,-
IDAHO,2023,10,"Dengue virus infections, Dengue",,-
MONTANA,2023,10,"Dengue virus infections, Dengue",,-
NEVADA,2023,10,"Dengue virus infections, Dengue",,-
NEW MEXICO,2023,10,"Dengue virus infections, Dengue",,-
UTAH,2023,10,"Dengue virus infections, Dengue",,-
WYOMING,2023,10,"Dengue virus infections, Dengue",,-
PACIFIC,2023,10,"Dengue virus infections, Dengue",,-
ALASKA,2023,10,"Dengue virus infections, Dengue",,-
CALIFORNIA,2023,10,"Dengue virus infections, Dengue",,-
HAWAII,2023,10,"Dengue virus infections, Dengue",,-
OREGON,2023,10,"Dengue virus infections, Dengue",,-
WASHINGTON,2023,10,"Dengue virus infections, Dengue",,-
US TERRITORIES,2023,10,"Dengue virus infections, Dengue",,-
AMERICAN SAMOA,2023,10,"Dengue virus infections, Dengue",,-
NORTHERN MARIANA ISLANDS,2023,10,"Dengue virus infections, Dengue",,-
GUAM,2023,10,"Dengue virus infections, Dengue",,-
PUERTO RICO,2023,10,"Dengue virus infections, Dengue",,-
U.S. VIRGIN ISLANDS,2023,10,"Dengue virus infections, Dengue",,-
NON-US RESIDENTS,2023,10,"Dengue virus infections, Dengue",,-
TOTAL,2023,10,"Dengue virus infections, Dengue",1,-
US RESIDENTS,2023,11,"Dengue virus infections, Dengue",,-
NEW ENGLAND,2023,11,"Dengue virus infections, Dengue",,-
CONNECTICUT,2023,11,"Dengue virus infections, Dengue",,-
MAINE,2023,11,"Dengue virus infections, Dengue",,-
MASSACHUSETTS,2023,11,"Dengue virus infections, Dengue",,-
NEW HAMPSHIRE,2023,11,"Dengue virus infections, Dengue",,-
RHODE ISLAND,2023,11,"Dengue virus infections, Dengue",,-
VERMONT,2023,11,"Dengue virus infections, Dengue",,-
MIDDLE ATLANTIC,2023,11,"Dengue virus infections, Dengue",,-
NEW JERSEY,2023,11,"Dengue virus infections, Dengue",,-
NEW YORK,2023,11,"Dengue virus infections, Dengue",,-
NEW YORK CITY,2023,11,"Dengue virus infections, Dengue",,-
PENNSYLVANIA,2023,11,"Dengue virus infections, Dengue",,-
EAST NORTH CENTRAL,2023,11,"Dengue virus infections, Dengue",,-
ILLINOIS,2023,11,"Dengue virus infections, Dengue",,-
INDIANA,2023,11,"Dengue virus infections, Dengue",,-
MICHIGAN,2023,11,"Dengue virus infections, Dengue",,-
OHIO,2023,11,"Dengue virus infections, Dengue",,-
WISCONSIN,2023,11,"Dengue virus infections, Dengue",,-
WEST NORTH CENTRAL,2023,11,"Dengue virus infections, Dengue",,-
IOWA,2023,11,"Dengue virus infections, Dengue",,-
KANSAS,2023,11,"Dengue virus infections, Dengue",,-
MINNESOTA,2023,11,"Dengue virus infections, Dengue",,-
MISSOURI,2023,11,"Dengue virus infections, Dengue",,-
NEBRASKA,2023,11,"Dengue virus infections, Dengue",,-
NORTH DAKOTA,2023,11,"Dengue virus infections, Dengue",,-
SOUTH DAKOTA,2023,11,"Dengue virus infections, Dengue",,-
SOUTH ATLANTIC,2023,11,"Dengue virus infections, Dengue",,-
DELAWARE,2023,11,"Dengue virus infections, Dengue",,-
DISTRICT OF COLUMBIA,2023,11,"Dengue virus infections, Dengue",,-
FLORIDA,2023,11,"Dengue virus infections, Dengue",,-
GEORGIA,2023,11,"Dengue virus infections, Dengue",,-
MARYLAND,2023,11,"Dengue virus infections, Dengue",,-
NORTH CAROLINA,2023,11,"Dengue virus infections, Dengue",,-
SOUTH CAROLINA,2023,11,"Dengue virus infections, Dengue",,-
VIRGINIA,2023,11,"Dengue virus infections, Dengue",,-
WEST VIRGINIA,2023,11,"Dengue virus infections, Dengue",,-
EAST SOUTH CENTRAL,2023,11,"Dengue virus infections, Dengue",,-
ALABAMA,2023,11,"Dengue virus infections, Dengue",,-
KENTUCKY,2023,11,"Dengue virus infections, Dengue",,-
MISSISSIPPI,2023,11,"Dengue virus infections, Dengue",,-
TENNESSEE,2023,11,"Dengue virus infections, Dengue",,-
WEST SOUTH CENTRAL,2023,11,"Dengue virus infections, Dengue",,-
ARKANSAS,2023,11,"Dengue virus infections, Dengue",,-
LOUISIANA,2023,11,"Dengue virus infections, Dengue",,-
OKLAHOMA,2023,11,"Dengue virus infections, Dengue",,-
TEXAS,2023,11,"Dengue virus infections, Dengue",,-
MOUNTAIN,2023,11,"Dengue virus infections, Dengue",,-
ARIZONA,2023,11,"Dengue virus infections, Dengue",,-
COLORADO,2023,11,"Dengue virus infections, Dengue",,-
IDAHO,2023,11,"Dengue virus infections, Dengue",,-
MONTANA,2023,11,"Dengue virus infections, Dengue",,-
NEVADA,2023,11,"Dengue virus infections, Dengue",,-
NEW MEXICO,2023,11,"Dengue virus infections, Dengue",,-
UTAH,2023,11,"Dengue virus infections, Dengue",,-
WYOMING,2023,11,"Dengue virus infections, Dengue",,-
PACIFIC,2023,11,"Dengue virus infections, Dengue",,-
ALASKA,2023,11,"Dengue virus infections, Dengue",,-
CALIFORNIA,2023,11,"Dengue virus infections, Dengue",,-
HAWAII,2023,11,"Dengue virus infections, Dengue",,-
OREGON,2023,11,"Dengue virus infections, Dengue",,-
WASHINGTON,2023,11,"Dengue virus infections, Dengue",,-
US TERRITORIES,2023,11,"Dengue virus infections, Dengue",,-
AMERICAN SAMOA,2023,11,"Dengue virus infections, Dengue",,-
NORTHERN MARIANA ISLANDS,2023,11,"Dengue virus infections, Dengue",,-
GUAM,2023,11,"Dengue virus infections, Dengue",,-
PUERTO RICO,2023,11,"Dengue virus infections, Dengue",,-
U.S. VIRGIN ISLANDS,2023,11,"Dengue virus infections, Dengue",,-
NON-US RESIDENTS,2023,11,"Dengue virus infections, Dengue",,-
TOTAL,2023,11,"Dengue virus infections, Dengue",,-
ALABAMA,2023,12,"Dengue virus infections, Dengue",,-
ALASKA,2023,12,"Dengue virus infections, Dengue",,-
AMERICAN SAMOA,2023,12,"Dengue virus infections, Dengue",,-
ARIZONA,2023,12,"Dengue virus infections, Dengue",,-
ARKANSAS,2023,12,"Dengue virus infections, Dengue",,-
CALIFORNIA,2023,12,"Dengue virus infections, Dengue",,-
COLORADO,2023,12,"Dengue virus infections, Dengue",,-
CONNECTICUT,2023,12,"Dengue virus infections, Dengue",,-
DELAWARE,2023,12,"Dengue virus infections, Dengue",,-
DISTRICT OF COLUMBIA,2023,12,"Dengue virus infections, Dengue",,-
EAST NORTH CENTRAL,2023,12,"Dengue virus infections, Dengue",,-
EAST SOUTH CENTRAL,2023,12,"Dengue virus infections, Dengue",,-
FLORIDA,2023,12,"Dengue virus infections, Dengue",,-
GEORGIA,2023,12,"Dengue virus infections, Dengue",,-
GUAM,2023,12,"Dengue virus infections, Dengue",,-
HAWAII,2023,12,"Dengue virus infections, Dengue",,-
IDAHO,2023,12,"Dengue virus infections, Dengue",,-
ILLINOIS,2023,12,"Dengue virus infections, Dengue",,-
INDIANA,2023,12,"Dengue virus infections, Dengue",,-
IOWA,2023,12,"Dengue virus infections, Dengue",,-
KANSAS,2023,12,"Dengue virus infections, Dengue",,-
KENTUCKY,2023,12,"Dengue virus infections, Dengue",,-
LOUISIANA,2023,12,"Dengue virus infections, Dengue",,-
MAINE,2023,12,"Dengue virus infections, Dengue",,-
MARYLAND,2023,12,"Dengue virus infections, Dengue",,-
MASSACHUSETTS,2023,12,"Dengue virus infections, Dengue",,-
MICHIGAN,2023,12,"Dengue virus infections, Dengue",,-
MIDDLE ATLANTIC,2023,12,"Dengue virus infections, Dengue",,-
MINNESOTA,2023,12,"Dengue virus infections, Dengue",,-
MISSISSIPPI,2023,12,"Dengue virus infections, Dengue",,-
MISSOURI,2023,12,"Dengue virus infections, Dengue",,-
MONTANA,2023,12,"Dengue virus infections, Dengue",,-
MOUNTAIN,2023,12,"Dengue virus infections, Dengue",,-
NEBRASKA,2023,12,"Dengue virus infections, Dengue",,-
NEVADA,2023,12,"Dengue virus infections, Dengue",,-
NEW ENGLAND,2023,12,"Dengue virus infections, Dengue",,-
NEW HAMPSHIRE,2023,12,"Dengue virus infections, Dengue",,-
NEW JERSEY,2023,12,"Dengue virus infections, Dengue",,-
NEW MEXICO,2023,12,"Dengue virus infections, Dengue",,-
NEW YORK,2023,12,"Dengue virus infections, Dengue",,-
NEW YORK CITY,2023,12,"Dengue virus infections, Dengue",,-
NON-US RESIDENTS,2023,12,"Dengue virus infections, Dengue",,-
NORTH CAROLINA,2023,12,"Dengue virus infections, Dengue",,-
NORTH DAKOTA,2023,12,"Dengue virus infections, Dengue",,-
NORTHERN MARIANA ISLANDS,2023,12,"Dengue virus infections, Dengue",,-
OHIO,2023,12,"Dengue virus infections, Dengue",,-
OKLAHOMA,2023,12,"Dengue virus infections, Dengue",,-
OREGON,2023,12,"Dengue virus infections, Dengue",,-
PACIFIC,2023,12,"Dengue virus infections, Dengue",,-
PENNSYLVANIA,2023,12,"Dengue virus infections, Dengue",,-
PUERTO RICO,2023,12,"Dengue virus infections, Dengue",,-
RHODE ISLAND,2023,12,"Dengue virus infections, Dengue",,-
SOUTH ATLANTIC,2023,12,"Dengue virus infections, Dengue",,-
SOUTH CAROLINA,2023,12,"Dengue virus infections, Dengue",,-
SOUTH DAKOTA,2023,12,"Dengue virus infections, Dengue",,-
TENNESSEE,2023,12,"Dengue virus infections, Dengue",,-
TEXAS,2023,12,"Dengue virus infections, Dengue",,-
TOTAL,2023,12,"Dengue virus infections, Dengue",,-
US RESIDENTS,2023,12,"Dengue virus infections, Dengue",,-
US TERRITORIES,2023,12,"Dengue virus infections, Dengue",,-
UTAH,2023,12,"Dengue virus infections, Dengue",,-
VERMONT,2023,12,"Dengue virus infections, Dengue",,-
U.S. VIRGIN ISLANDS,2023,12,"Dengue virus infections, Dengue",,-
VIRGINIA,2023,12,"Dengue virus infections, Dengue",,-
WASHINGTON,2023,12,"Dengue virus infections, Dengue",,-
WEST NORTH CENTRAL,2023,12,"Dengue virus infections, Dengue",,-
WEST SOUTH CENTRAL,2023,12,"Dengue virus infections, Dengue",,-
WEST VIRGINIA,2023,12,"Dengue virus infections, Dengue",,-
WISCONSIN,2023,12,"Dengue virus infections, Dengue",,-
WYOMING,2023,12,"Dengue virus infections, Dengue",,-
US RESIDENTS,2023,13,"Dengue virus infections, Dengue",,-
NEW ENGLAND,2023,13,"Dengue virus infections, Dengue",,-
CONNECTICUT,2023,13,"Dengue virus infections, Dengue",,-
MAINE,2023,13,"Dengue virus infections, Dengue",,-
MASSACHUSETTS,2023,13,"Dengue virus infections, Dengue",,-
NEW HAMPSHIRE,2023,13,"Dengue virus infections, Dengue",,-
RHODE ISLAND,2023,13,"Dengue virus infections, Dengue",,-
VERMONT,2023,13,"Dengue virus infections, Dengue",,-
MIDDLE ATLANTIC,2023,13,"Dengue virus infections, Dengue",,-
NEW JERSEY,2023,13,"Dengue virus infections, Dengue",,-
NEW YORK,2023,13,"Dengue virus infections, Dengue",,-
NEW YORK CITY,2023,13,"Dengue virus infections, Dengue",,-
PENNSYLVANIA,2023,13,"Dengue virus infections, Dengue",,-
EAST NORTH CENTRAL,2023,13,"Dengue virus infections, Dengue",,-
ILLINOIS,2023,13,"Dengue virus infections, Dengue",,-
INDIANA,2023,13,"Dengue virus infections, Dengue",,-
MICHIGAN,2023,13,"Dengue virus infections, Dengue",,-
OHIO,2023,13,"Dengue virus infections, Dengue",,-
WISCONSIN,2023,13,"Dengue virus infections, Dengue",,-
WEST NORTH CENTRAL,2023,13,"Dengue virus infections, Dengue",,-
IOWA,2023,13,"Dengue virus infections, Dengue",,-
KANSAS,2023,13,"Dengue virus infections, Dengue",,-
MINNESOTA,2023,13,"Dengue virus infections, Dengue",,-
MISSOURI,2023,13,"Dengue virus infections, Dengue",,-
NEBRASKA,2023,13,"Dengue virus infections, Dengue",,-
NORTH DAKOTA,2023,13,"Dengue virus infections, Dengue",,-
SOUTH DAKOTA,2023,13,"Dengue virus infections, Dengue",,-
SOUTH ATLANTIC,2023,13,"Dengue virus infections, Dengue",,-
DELAWARE,2023,13,"Dengue virus infections, Dengue",,-
DISTRICT OF COLUMBIA,2023,13,"Dengue virus infections, Dengue",,-
FLORIDA,2023,13,"Dengue virus infections, Dengue",,-
GEORGIA,2023,13,"Dengue virus infections, Dengue",,-
MARYLAND,2023,13,"Dengue virus infections, Dengue",,-
NORTH CAROLINA,2023,13,"Dengue virus infections, Dengue",,-
SOUTH CAROLINA,2023,13,"Dengue virus infections, Dengue",,-
VIRGINIA,2023,13,"Dengue virus infections, Dengue",,-
WEST VIRGINIA,2023,13,"Dengue virus infections, Dengue",,-
EAST SOUTH CENTRAL,2023,13,"Dengue virus infections, Dengue",,-
ALABAMA,2023,13,"Dengue virus infections, Dengue",,-
KENTUCKY,2023,13,"Dengue virus infections, Dengue",,-
MISSISSIPPI,2023,13,"Dengue virus infections, Dengue",,-
TENNESSEE,2023,13,"Dengue virus infections, Dengue",,-
WEST SOUTH CENTRAL,2023,13,"Dengue virus infections, Dengue",,-
ARKANSAS,2023,13,"Dengue virus infections, Dengue",,-
LOUISIANA,2023,13,"Dengue virus infections, Dengue",,-
OKLAHOMA,2023,13,"Dengue virus infections, Dengue",,-
TEXAS,2023,13,"Dengue virus infections, Dengue",,-
MOUNTAIN,2023,13,"Dengue virus infections, Dengue",,-
ARIZONA,2023,13,"Dengue virus infections, Dengue",,-
COLORADO,2023,13,"Dengue virus infections, Dengue",,-
IDAHO,2023,13,"Dengue virus infections, Dengue",,-
MONTANA,2023,13,"Dengue virus infections, Dengue",,-
NEVADA,2023,13,"Dengue virus infections, Dengue",,-
NEW MEXICO,2023,13,"Dengue virus infections, Dengue",,-
UTAH,2023,13,"Dengue virus infections, Dengue",,-
WYOMING,2023,13,"Dengue virus infections, Dengue",,-
PACIFIC,2023,13,"Dengue virus infections, Dengue",,-
ALASKA,2023,13,"Dengue virus infections, Dengue",,-
CALIFORNIA,2023,13,"Dengue virus infections, Dengue",,-
HAWAII,2023,13,"Dengue virus infections, Dengue",,-
OREGON,2023,13,"Dengue virus infections, Dengue",,-
WASHINGTON,2023,13,"Dengue virus infections, Dengue",,-
US TERRITORIES,2023,13,"Dengue virus infections, Dengue",,-
AMERICAN SAMOA,2023,13,"Dengue virus infections, Dengue",,-
NORTHERN MARIANA ISLANDS,2023,13,"Dengue virus infections, Dengue",,-
GUAM,2023,13,"Dengue virus infections, Dengue",,-
PUERTO RICO,2023,13,"Dengue virus infections, Dengue",,-
U.S. VIRGIN ISLANDS,2023,13,"Dengue virus infections, Dengue",,-
NON-US RESIDENTS,2023,13,"Dengue virus infections, Dengue",,-
TOTAL,2023,13,"Dengue virus infections, Dengue",,-
US RESIDENTS,2023,14,"Dengue virus infections, Dengue",,-
NEW ENGLAND,2023,14,"Dengue virus infections, Dengue",,-
CONNECTICUT,2023,14,"Dengue virus infections, Dengue",,-
MAINE,2023,14,"Dengue virus infections, Dengue",,-
MASSACHUSETTS,2023,14,"Dengue virus infections, Dengue",,-
NEW HAMPSHIRE,2023,14,"Dengue virus infections, Dengue",,-
RHODE ISLAND,2023,14,"Dengue virus infections, Dengue",,-
VERMONT,2023,14,"Dengue virus infections, Dengue",,-
MIDDLE ATLANTIC,2023,14,"Dengue virus infections, Dengue",,-
NEW JERSEY,2023,14,"Dengue virus infections, Dengue",,-
NEW YORK,2023,14,"Dengue virus infections, Dengue",,-
NEW YORK CITY,2023,14,"Dengue virus infections, Dengue",,-
PENNSYLVANIA,2023,14,"Dengue virus infections, Dengue",,-
EAST NORTH CENTRAL,2023,14,"Dengue virus infections, Dengue",,-
ILLINOIS,2023,14,"Dengue virus infections, Dengue",,-
INDIANA,2023,14,"Dengue virus infections, Dengue",,-
MICHIGAN,2023,14,"Dengue virus infections, Dengue",,-
OHIO,2023,14,"Dengue virus infections, Dengue",,-
WISCONSIN,2023,14,"Dengue virus infections, Dengue",,-
WEST NORTH CENTRAL,2023,14,"Dengue virus infections, Dengue",,-
IOWA,2023,14,"Dengue virus infections, Dengue",,-
KANSAS,2023,14,"Dengue virus infections, Dengue",,-
MINNESOTA,2023,14,"Dengue virus infections, Dengue",,-
MISSOURI,2023,14,"Dengue virus infections, Dengue",,-
NEBRASKA,2023,14,"Dengue virus infections, Dengue",,-
NORTH DAKOTA,2023,14,"Dengue virus infections, Dengue",,-
SOUTH DAKOTA,2023,14,"Dengue virus infections, Dengue",,-
SOUTH ATLANTIC,2023,14,"Dengue virus infections, Dengue",,-
DELAWARE,2023,14,"Dengue virus infections, Dengue",,-
DISTRICT OF COLUMBIA,2023,14,"Dengue virus infections, Dengue",,-
FLORIDA,2023,14,"Dengue virus infections, Dengue",,-
GEORGIA,2023,14,"Dengue virus infections, Dengue",,-
MARYLAND,2023,14,"Dengue virus infections, Dengue",,-
NORTH CAROLINA,2023,14,"Dengue virus infections, Dengue",,-
SOUTH CAROLINA,2023,14,"Dengue virus infections, Dengue",,-
VIRGINIA,2023,14,"Dengue virus infections, Dengue",,-
WEST VIRGINIA,2023,14,"Dengue virus infections, Dengue",,-
EAST SOUTH CENTRAL,2023,14,"Dengue virus infections, Dengue",,-
ALABAMA,2023,14,"Dengue virus infections, Dengue",,-
KENTUCKY,2023,14,"Dengue virus infections, Dengue",,-
MISSISSIPPI,2023,14,"Dengue virus infections, Dengue",,-
TENNESSEE,2023,14,"Dengue virus infections, Dengue",,-
WEST SOUTH CENTRAL,2023,14,"Dengue virus infections, Dengue",,-
ARKANSAS,2023,14,"Dengue virus infections, Dengue",,-
LOUISIANA,2023,14,"Dengue virus infections, Dengue",,-
OKLAHOMA,2023,14,"Dengue virus infections, Dengue",,-
TEXAS,2023,14,"Dengue virus infections, Dengue",,-
MOUNTAIN,2023,14,"Dengue virus infections, Dengue",,-
ARIZONA,2023,14,"Dengue virus infections, Dengue",,-
COLORADO,2023,14,"Dengue virus infections, Dengue",,-
IDAHO,2023,14,"Dengue virus infections, Dengue",,-
MONTANA,2023,14,"Dengue virus infections, Dengue",,-
NEVADA,2023,14,"Dengue virus infections, Dengue",,-
NEW MEXICO,2023,14,"Dengue virus infections, Dengue",,-
UTAH,2023,14,"Dengue virus infections, Dengue",,-
WYOMING,2023,14,"Dengue virus infections, Dengue",,-
PACIFIC,2023,14,"Dengue virus infections, Dengue",,-
ALASKA,2023,14,"Dengue virus infections, Dengue",,-
CALIFORNIA,2023,14,"Dengue virus infections, Dengue",,-
HAWAII,2023,14,"Dengue virus infections, Dengue",,-
OREGON,2023,14,"Dengue virus infections, Dengue",,-
WASHINGTON,2023,14,"Dengue virus infections, Dengue",,-
US TERRITORIES,2023,14,"Dengue virus infections, Dengue",,-
AMERICAN SAMOA,2023,14,"Dengue virus infections, Dengue",,-
NORTHERN MARIANA ISLANDS,2023,14,"Dengue virus infections, Dengue",,-
GUAM,2023,14,"Dengue virus infections, Dengue",,-
PUERTO RICO,2023,14,"Dengue virus infections, Dengue",,-
U.S. VIRGIN ISLANDS,2023,14,"Dengue virus infections, Dengue",,-
NON-US RESIDENTS,2023,14,"Dengue virus infections, Dengue",,-
TOTAL,2023,14,"Dengue virus infections, Dengue",,-
US RESIDENTS,2023,15,"Dengue virus infections, Dengue",,-
NEW ENGLAND,2023,15,"Dengue virus infections, Dengue",,-
CONNECTICUT,2023,15,"Dengue virus infections, Dengue",,-
MAINE,2023,15,"Dengue virus infections, Dengue",,-
MASSACHUSETTS,2023,15,"Dengue virus infections, Dengue",,-
NEW HAMPSHIRE,2023,15,"Dengue virus infections, Dengue",,-
RHODE ISLAND,2023,15,"Dengue virus infections, Dengue",,-
VERMONT,2023,15,"Dengue virus infections, Dengue",,-
MIDDLE ATLANTIC,2023,15,"Dengue virus infections, Dengue",,-
NEW JERSEY,2023,15,"Dengue virus infections, Dengue",,-
NEW YORK,2023,15,"Dengue virus infections, Dengue",,-
NEW YORK CITY,2023,15,"Dengue virus infections, Dengue",,-
PENNSYLVANIA,2023,15,"Dengue virus infections, Dengue",,-
EAST NORTH CENTRAL,2023,15,"Dengue virus infections, Dengue",,-
ILLINOIS,2023,15,"Dengue virus infections, Dengue",,-
INDIANA,2023,15,"Dengue virus infections, Dengue",,-
MICHIGAN,2023,15,"Dengue virus infections, Dengue",,-
OHIO,2023,15,"Dengue virus infections, Dengue",,-
WISCONSIN,2023,15,"Dengue virus infections, Dengue",,-
WEST NORTH CENTRAL,2023,15,"Dengue virus infections, Dengue",,-
IOWA,2023,15,"Dengue virus infections, Dengue",,-
KANSAS,2023,15,"Dengue virus infections, Dengue",,-
MINNESOTA,2023,15,"Dengue virus infections, Dengue",,-
MISSOURI,2023,15,"Dengue virus infections, Dengue",,-
NEBRASKA,2023,15,"Dengue virus infections, Dengue",,-
NORTH DAKOTA,2023,15,"Dengue virus infections, Dengue",,-
SOUTH DAKOTA,2023,15,"Dengue virus infections, Dengue",,-
SOUTH ATLANTIC,2023,15,"Dengue virus infections, Dengue",,-
DELAWARE,2023,15,"Dengue virus infections, Dengue",,-
DISTRICT OF COLUMBIA,2023,15,"Dengue virus infections, Dengue",,-
FLORIDA,2023,15,"Dengue virus infections, Dengue",,-
GEORGIA,2023,15,"Dengue virus infections, Dengue",,-
MARYLAND,2023,15,"Dengue virus infections, Dengue",,-
NORTH CAROLINA,2023,15,"Dengue virus infections, Dengue",,-
SOUTH CAROLINA,2023,15,"Dengue virus infections, Dengue",,-
VIRGINIA,2023,15,"Dengue virus infections, Dengue",,-
WEST VIRGINIA,2023,15,"Dengue virus infections, Dengue",,-
EAST SOUTH CENTRAL,2023,15,"Dengue virus infections, Dengue",,-
ALABAMA,2023,15,"Dengue virus infections, Dengue",,-
KENTUCKY,2023,15,"Dengue virus infections, Dengue",,-
MISSISSIPPI,2023,15,"Dengue virus infections, Dengue",,-
TENNESSEE,2023,15,"Dengue virus infections, Dengue",,-
WEST SOUTH CENTRAL,2023,15,"Dengue virus infections, Dengue",,-
ARKANSAS,2023,15,"Dengue virus infections, Dengue",,-
LOUISIANA,2023,15,"Dengue virus infections, Dengue",,-
OKLAHOMA,2023,15,"Dengue virus infections, Dengue",,-
TEXAS,2023,15,"Dengue virus infections, Dengue",,-
MOUNTAIN,2023,15,"Dengue virus infections, Dengue",,-
ARIZONA,2023,15,"Dengue virus infections, Dengue",,-
COLORADO,2023,15,"Dengue virus infections, Dengue",,-
IDAHO,2023,15,"Dengue virus infections, Dengue",,-
MONTANA,2023,15,"Dengue virus infections, Dengue",,-
NEVADA,2023,15,"Dengue virus infections, Dengue",,-
NEW MEXICO,2023,15,"Dengue virus infections, Dengue",,-
UTAH,2023,15,"Dengue virus infections, Dengue",,-
WYOMING,2023,15,"Dengue virus infections, Dengue",,-
PACIFIC,2023,15,"Dengue virus infections, Dengue",,-
ALASKA,2023,15,"Dengue virus infections, Dengue",,-
CALIFORNIA,2023,15,"Dengue virus infections, Dengue",,-
HAWAII,2023,15,"Dengue virus infections, Dengue",,-
OREGON,2023,15,"Dengue virus infections, Dengue",,-
WASHINGTON,2023,15,"Dengue virus infections, Dengue",,-
US TERRITORIES,2023,15,"Dengue virus infections, Dengue",,-
AMERICAN SAMOA,2023,15,"Dengue virus infections, Dengue",,-
NORTHERN MARIANA ISLANDS,2023,15,"Dengue virus infections, Dengue",,-
GUAM,2023,15,"Dengue virus infections, Dengue",,-
PUERTO RICO,2023,15,"Dengue virus infections, Dengue",,-
U.S. VIRGIN ISLANDS,2023,15,"Dengue virus infections, Dengue",,-
NON-US RESIDENTS,2023,15,"Dengue virus infections, Dengue",,-
TOTAL,2023,15,"Dengue virus infections, Dengue",,-
US RESIDENTS,2023,16,"Dengue virus infections, Dengue",,-
NEW ENGLAND,2023,16,"Dengue virus infections, Dengue",,-
CONNECTICUT,2023,16,"Dengue virus infections, Dengue",,-
MAINE,2023,16,"Dengue virus infections, Dengue",,-
MASSACHUSETTS,2023,16,"Dengue virus infections, Dengue",,-
NEW HAMPSHIRE,2023,16,"Dengue virus infections, Dengue",,-
RHODE ISLAND,2023,16,"Dengue virus infections, Dengue",,-
VERMONT,2023,16,"Dengue virus infections, Dengue",,-
MIDDLE ATLANTIC,2023,16,"Dengue virus infections, Dengue",,-
NEW JERSEY,2023,16,"Dengue virus infections, Dengue",,-
NEW YORK,2023,16,"Dengue virus infections, Dengue",,-
NEW YORK CITY,2023,16,"Dengue virus infections, Dengue",,-
PENNSYLVANIA,2023,16,"Dengue virus infections, Dengue",,-
EAST NORTH CENTRAL,2023,16,"Dengue virus infections, Dengue",,-
ILLINOIS,2023,16,"Dengue virus infections, Dengue",,-
INDIANA,2023,16,"Dengue virus infections, Dengue",,-
MICHIGAN,2023,16,"Dengue virus infections, Dengue",,-
OHIO,2023,16,"Dengue virus infections, Dengue",,-
WISCONSIN,2023,16,"Dengue virus infections, Dengue",,-
WEST NORTH CENTRAL,2023,16,"Dengue virus infections, Dengue",,-
IOWA,2023,16,"Dengue virus infections, Dengue",,-
KANSAS,2023,16,"Dengue virus infections, Dengue",,-
MINNESOTA,2023,16,"Dengue virus infections, Dengue",,-
MISSOURI,2023,16,"Dengue virus infections, Dengue",,-
NEBRASKA,2023,16,"Dengue virus infections, Dengue",,-
NORTH DAKOTA,2023,16,"Dengue virus infections, Dengue",,-
SOUTH DAKOTA,2023,16,"Dengue virus infections, Dengue",,-
SOUTH ATLANTIC,2023,16,"Dengue virus infections, Dengue",,-
DELAWARE,2023,16,"Dengue virus infections, Dengue",,-
DISTRICT OF COLUMBIA,2023,16,"Dengue virus infections, Dengue",,-
FLORIDA,2023,16,"Dengue virus infections, Dengue",,-
GEORGIA,2023,16,"Dengue virus infections, Dengue",,-
MARYLAND,2023,16,"Dengue virus infections, Dengue",,-
NORTH CAROLINA,2023,16,"Dengue virus infections, Dengue",,-
SOUTH CAROLINA,2023,16,"Dengue virus infections, Dengue",,-
VIRGINIA,2023,16,"Dengue virus infections, Dengue",,-
WEST VIRGINIA,2023,16,"Dengue virus infections, Dengue",,-
EAST SOUTH CENTRAL,2023,16,"Dengue virus infections, Dengue",,-
ALABAMA,2023,16,"Dengue virus infections, Dengue",,-
KENTUCKY,2023,16,"Dengue virus infections, Dengue",,-
MISSISSIPPI,2023,16,"Dengue virus infections, Dengue",,-
TENNESSEE,2023,16,"Dengue virus infections, Dengue",,-
WEST SOUTH CENTRAL,2023,16,"Dengue virus infections, Dengue",,-
ARKANSAS,2023,16,"Dengue virus infections, Dengue",,-
LOUISIANA,2023,16,"Dengue virus infections, Dengue",,-
OKLAHOMA,2023,16,"Dengue virus infections, Dengue",,-
TEXAS,2023,16,"Dengue virus infections, Dengue",,-
MOUNTAIN,2023,16,"Dengue virus infections, Dengue",,-
ARIZONA,2023,16,"Dengue virus infections, Dengue",,-
COLORADO,2023,16,"Dengue virus infections, Dengue",,-
IDAHO,2023,16,"Dengue virus infections, Dengue",,-
MONTANA,2023,16,"Dengue virus infections, Dengue",,-
NEVADA,2023,16,"Dengue virus infections, Dengue",,-
NEW MEXICO,2023,16,"Dengue virus infections, Dengue",,-
UTAH,2023,16,"Dengue virus infections, Dengue",,-
WYOMING,2023,16,"Dengue virus infections, Dengue",,-
PACIFIC,2023,16,"Dengue virus infections, Dengue",,-
ALASKA,2023,16,"Dengue virus infections, Dengue",,-
CALIFORNIA,2023,16,"Dengue virus infections, Dengue",,-
HAWAII,2023,16,"Dengue virus infections, Dengue",,-
OREGON,2023,16,"Dengue virus infections, Dengue",,-
WASHINGTON,2023,16,"Dengue virus infections, Dengue",,-
US TERRITORIES,2023,16,"Dengue virus infections, Dengue",,-
AMERICAN SAMOA,2023,16,"Dengue virus infections, Dengue",,-
NORTHERN MARIANA ISLANDS,2023,16,"Dengue virus infections, Dengue",,-
GUAM,2023,16,"Dengue virus infections, Dengue",,-
PUERTO RICO,2023,16,"Dengue virus infections, Dengue",,-
U.S. VIRGIN ISLANDS,2023,16,"Dengue virus infections, Dengue",,-
NON-US RESIDENTS,2023,16,"Dengue virus infections, Dengue",,-
TOTAL,2023,16,"Dengue virus infections, Dengue",,-
US RESIDENTS,2023,17,"Dengue virus infections, Dengue",1,-
NEW ENGLAND,2023,17,"Dengue virus infections, Dengue",,-
CONNECTICUT,2023,17,"Dengue virus infections, Dengue",,-
MAINE,2023,17,"Dengue virus infections, Dengue",,-
MASSACHUSETTS,2023,17,"Dengue virus infections, Dengue",,-
NEW HAMPSHIRE,2023,17,"Dengue virus infections, Dengue",,-
RHODE ISLAND,2023,17,"Dengue virus infections, Dengue",,-
VERMONT,2023,17,"Dengue virus infections, Dengue",,-
MIDDLE ATLANTIC,2023,17,"Dengue virus infections, Dengue",1,-
NEW JERSEY,2023,17,"Dengue virus infections, Dengue",,-
NEW YORK,2023,17,"Dengue virus infections, Dengue",1,-
NEW YORK CITY,2023,17,"Dengue virus infections, Dengue",,-
PENNSYLVANIA,2023,17,"Dengue virus infections, Dengue",,-
EAST NORTH CENTRAL,2023,17,"Dengue virus infections, Dengue",,-
ILLINOIS,2023,17,"Dengue virus infections, Dengue",,-
INDIANA,2023,17,"Dengue virus infections, Dengue",,-
MICHIGAN,2023,17,"Dengue virus infections, Dengue",,-
OHIO,2023,17,"Dengue virus infections, Dengue",,-
WISCONSIN,2023,17,"Dengue virus infections, Dengue",,-
WEST NORTH CENTRAL,2023,17,"Dengue virus infections, Dengue",,-
IOWA,2023,17,"Dengue virus infections, Dengue",,-
KANSAS,2023,17,"Dengue virus infections, Dengue",,-
MINNESOTA,2023,17,"Dengue virus infections, Dengue",,-
MISSOURI,2023,17,"Dengue virus infections, Dengue",,-
NEBRASKA,2023,17,"Dengue virus infections, Dengue",,-
NORTH DAKOTA,2023,17,"Dengue virus infections, Dengue",,-
SOUTH DAKOTA,2023,17,"Dengue virus infections, Dengue",,-
SOUTH ATLANTIC,2023,17,"Dengue virus infections, Dengue",,-
DELAWARE,2023,17,"Dengue virus infections, Dengue",,-
DISTRICT OF COLUMBIA,2023,17,"Dengue virus infections, Dengue",,-
FLORIDA,2023,17,"Dengue virus infections, Dengue",,-
GEORGIA,2023,17,"Dengue virus infections, Dengue",,-
MARYLAND,2023,17,"Dengue virus infections, Dengue",,-
NORTH CAROLINA,2023,17,"Dengue virus infections, Dengue",,-
SOUTH CAROLINA,2023,17,"Dengue virus infections, Dengue",,-
VIRGINIA,2023,17,"Dengue virus infections, Dengue",,-
WEST VIRGINIA,2023,17,"Dengue virus infections, Dengue",,-
EAST SOUTH CENTRAL,2023,17,"Dengue virus infections, Dengue",,-
ALABAMA,2023,17,"Dengue virus infections, Dengue",,-
KENTUCKY,2023,17,"Dengue virus infections, Dengue",,-
MISSISSIPPI,2023,17,"Dengue virus infections, Dengue",,-
TENNESSEE,2023,17,"Dengue virus infections, Dengue",,-
WEST SOUTH CENTRAL,2023,17,"Dengue virus infections, Dengue",,-
ARKANSAS,2023,17,"Dengue virus infections, Dengue",,-
LOUISIANA,2023,17,"Dengue virus infections, Dengue",,-
OKLAHOMA,2023,17,"Dengue virus infections, Dengue",,-
TEXAS,2023,17,"Dengue virus infections, Dengue",,-
MOUNTAIN,2023,17,"Dengue virus infections, Dengue",,-
ARIZONA,2023,17,"Dengue virus infections, Dengue",,-
COLORADO,2023,17,"Dengue virus infections, Dengue",,-
IDAHO,2023,17,"Dengue virus infections, Dengue",,-
MONTANA,2023,17,"Dengue virus infections, Dengue",,-
NEVADA,2023,17,"Dengue virus infections, Dengue",,-
NEW MEXICO,2023,17,"Dengue virus infections, Dengue",,-
UTAH,2023,17,"Dengue virus infections, Dengue",,-
WYOMING,2023,17,"Dengue virus infections, Dengue",,-
PACIFIC,2023,17,"Dengue virus infections, Dengue",,-
ALASKA,2023,17,"Dengue virus infections, Dengue",,-
CALIFORNIA,2023,17,"Dengue virus infections, Dengue",,-
HAWAII,2023,17,"Dengue virus infections, Dengue",,-
OREGON,2023,17,"Dengue virus infections, Dengue",,-
WASHINGTON,2023,17,"Dengue virus infections, Dengue",,-
US TERRITORIES,2023,17,"Dengue virus infections, Dengue",,-
AMERICAN SAMOA,2023,17,"Dengue virus infections, Dengue",,-
NORTHERN MARIANA ISLANDS,2023,17,"Dengue virus infections, Dengue",,-
GUAM,2023,17,"Dengue virus infections, Dengue",,-
PUERTO RICO,2023,17,"Dengue virus infections, Dengue",,-
U.S. VIRGIN ISLANDS,2023,17,"Dengue virus infections, Dengue",,-
NON-US RESIDENTS,2023,17,"Dengue virus infections, Dengue",,-
TOTAL,2023,17,"Dengue virus infections, Dengue",1,-
US RESIDENTS,2023,18,"Dengue virus infections, Dengue",,-
NEW ENGLAND,2023,18,"Dengue virus infections, Dengue",,-
CONNECTICUT,2023,18,"Dengue virus infections, Dengue",,-
MAINE,2023,18,"Dengue virus infections, Dengue",,-
MASSACHUSETTS,2023,18,"Dengue virus infections, Dengue",,-
NEW HAMPSHIRE,2023,18,"Dengue virus infections, Dengue",,-
RHODE ISLAND,2023,18,"Dengue virus infections, Dengue",,-
VERMONT,2023,18,"Dengue virus infections, Dengue",,-
MIDDLE ATLANTIC,2023,18,"Dengue virus infections, Dengue",,-
NEW JERSEY,2023,18,"Dengue virus infections, Dengue",,-
NEW YORK,2023,18,"Dengue virus infections, Dengue",,-
NEW YORK CITY,2023,18,"Dengue virus infections, Dengue",,-
PENNSYLVANIA,2023,18,"Dengue virus infections, Dengue",,-
EAST NORTH CENTRAL,2023,18,"Dengue virus infections, Dengue",,-
ILLINOIS,2023,18,"Dengue virus infections, Dengue",,-
INDIANA,2023,18,"Dengue virus infections, Dengue",,-
MICHIGAN,2023,18,"Dengue virus infections, Dengue",,-
OHIO,2023,18,"Dengue virus infections, Dengue",,-
WISCONSIN,2023,18,"Dengue virus infections, Dengue",,-
WEST NORTH CENTRAL,2023,18,"Dengue virus infections, Dengue",,-
IOWA,2023,18,"Dengue virus infections, Dengue",,-
KANSAS,2023,18,"Dengue virus infections, Dengue",,-
MINNESOTA,2023,18,"Dengue virus infections, Dengue",,-
MISSOURI,2023,18,"Dengue virus infections, Dengue",,-
NEBRASKA,2023,18,"Dengue virus infections, Dengue",,-
NORTH DAKOTA,2023,18,"Dengue virus infections, Dengue",,-
SOUTH DAKOTA,2023,18,"Dengue virus infections, Dengue",,-
SOUTH ATLANTIC,2023,18,"Dengue virus infections, Dengue",,-
DELAWARE,2023,18,"Dengue virus infections, Dengue",,-
DISTRICT OF COLUMBIA,2023,18,"Dengue virus infections, Dengue",,-
FLORIDA,2023,18,"Dengue virus infections, Dengue",,-
GEORGIA,2023,18,"Dengue virus infections, Dengue",,-
MARYLAND,2023,18,"Dengue virus infections, Dengue",,-
NORTH CAROLINA,2023,18,"Dengue virus infections, Dengue",,-
SOUTH CAROLINA,2023,18,"Dengue virus infections, Dengue",,-
VIRGINIA,2023,18,"Dengue virus infections, Dengue",,-
WEST VIRGINIA,2023,18,"Dengue virus infections, Dengue",,-
EAST SOUTH CENTRAL,2023,18,"Dengue virus infections, Dengue",,-
ALABAMA,2023,18,"Dengue virus infections, Dengue",,-
KENTUCKY,2023,18,"Dengue virus infections, Dengue",,-
MISSISSIPPI,2023,18,"Dengue virus infections, Dengue",,-
TENNESSEE,2023,18,"Dengue virus infections, Dengue",,-
WEST SOUTH CENTRAL,2023,18,"Dengue virus infections, Dengue",,-
ARKANSAS,2023,18,"Dengue virus infections, Dengue",,-
LOUISIANA,2023,18,"Dengue virus infections, Dengue",,-
OKLAHOMA,2023,18,"Dengue virus infections, Dengue",,-
TEXAS,2023,18,"Dengue virus infections, Dengue",,-
MOUNTAIN,2023,18,"Dengue virus infections, Dengue",,-
ARIZONA,2023,18,"Dengue virus infections, Dengue",,-
COLORADO,2023,18,"Dengue virus infections, Dengue",,-
IDAHO,2023,18,"Dengue virus infections, Dengue",,-
MONTANA,2023,18,"Dengue virus infections, Dengue",,-
NEVADA,2023,18,"Dengue virus infections, Dengue",,-
NEW MEXICO,2023,18,"Dengue virus infections, Dengue",,-
UTAH,2023,18,"Dengue virus infections, Dengue",,-
WYOMING,2023,18,"Dengue virus infections, Dengue",,-
PACIFIC,2023,18,"Dengue virus infections, Dengue",,-
ALASKA,2023,18,"Dengue virus infections, Dengue",,-
CALIFORNIA,2023,18,"Dengue virus infections, Dengue",,-
HAWAII,2023,18,"Dengue virus infections, Dengue",,-
OREGON,2023,18,"Dengue virus infections, Dengue",,-
WASHINGTON,2023,18,"Dengue virus infections, Dengue",,-
US TERRITORIES,2023,18,"Dengue virus infections, Dengue",,-
AMERICAN SAMOA,2023,18,"Dengue virus infections, Dengue",,-
NORTHERN MARIANA ISLANDS,2023,18,"Dengue virus infections, Dengue",,-
GUAM,2023,18,"Dengue virus infections, Dengue",,-
PUERTO RICO,2023,18,"Dengue virus infections, Dengue",,-
U.S. VIRGIN ISLANDS,2023,18,"Dengue virus infections, Dengue",,-
NON-US RESIDENTS,2023,18,"Dengue virus infections, Dengue",,-
TOTAL,2023,18,"Dengue virus infections, Dengue",,-
US RESIDENTS,2023,19,"Dengue virus infections, Dengue",1,-
NEW ENGLAND,2023,19,"Dengue virus infections, Dengue",,-
CONNECTICUT,2023,19,"Dengue virus infections, Dengue",,-
MAINE,2023,19,"Dengue virus infections, Dengue",,-
MASSACHUSETTS,2023,19,"Dengue virus infections, Dengue",,-
NEW HAMPSHIRE,2023,19,"Dengue virus infections, Dengue",,-
RHODE ISLAND,2023,19,"Dengue virus infections, Dengue",,-
VERMONT,2023,19,"Dengue virus infections, Dengue",,-
MIDDLE ATLANTIC,2023,19,"Dengue virus infections, Dengue",,-
NEW JERSEY,2023,19,"Dengue virus infections, Dengue",,-
NEW YORK,2023,19,"Dengue virus infections, Dengue",,-
NEW YORK CITY,2023,19,"Dengue virus infections, Dengue",,-
PENNSYLVANIA,2023,19,"Dengue virus infections, Dengue",,-
EAST NORTH CENTRAL,2023,19,"Dengue virus infections, Dengue",,-
ILLINOIS,2023,19,"Dengue virus infections, Dengue",,-
INDIANA,2023,19,"Dengue virus infections, Dengue",,-
MICHIGAN,2023,19,"Dengue virus infections, Dengue",,-
OHIO,2023,19,"Dengue virus infections, Dengue",,-
WISCONSIN,2023,19,"Dengue virus infections, Dengue",,-
WEST NORTH CENTRAL,2023,19,"Dengue virus infections, Dengue",,-
IOWA,2023,19,"Dengue virus infections, Dengue",,-
KANSAS,2023,19,"Dengue virus infections, Dengue",,-
MINNESOTA,2023,19,"Dengue virus infections, Dengue",,-
MISSOURI,2023,19,"Dengue virus infections, Dengue",,-
NEBRASKA,2023,19,"Dengue virus infections, Dengue",,-
NORTH DAKOTA,2023,19,"Dengue virus infections, Dengue",,-
SOUTH DAKOTA,2023,19,"Dengue virus infections, Dengue",,-
SOUTH ATLANTIC,2023,19,"Dengue virus infections, Dengue",,-
DELAWARE,2023,19,"Dengue virus infections, Dengue",,-
DISTRICT OF COLUMBIA,2023,19,"Dengue virus infections, Dengue",,-
FLORIDA,2023,19,"Dengue virus infections, Dengue",,-
GEORGIA,2023,19,"Dengue virus infections, Dengue",,-
MARYLAND,2023,19,"Dengue virus infections, Dengue",,-
NORTH CAROLINA,2023,19,"Dengue virus infections, Dengue",,-
SOUTH CAROLINA,2023,19,"Dengue virus infections, Dengue",,-
VIRGINIA,2023,19,"Dengue virus infections, Dengue",,-
WEST VIRGINIA,2023,19,"Dengue virus infections, Dengue",,-
EAST SOUTH CENTRAL,2023,19,"Dengue virus infections, Dengue",,-
ALABAMA,2023,19,"Dengue virus infections, Dengue",,-
KENTUCKY,2023,19,"Dengue virus infections, Dengue",,-
MISSISSIPPI,2023,19,"Dengue virus infections, Dengue",,-
TENNESSEE,2023,19,"Dengue virus infections, Dengue",,-
WEST SOUTH CENTRAL,2023,19,"Dengue virus infections, Dengue",,-
ARKANSAS,2023,19,"Dengue virus infections, Dengue",,-
LOUISIANA,2023,19,"Dengue virus infections, Dengue",,-
OKLAHOMA,2023,19,"Dengue virus infections, Dengue",,-
TEXAS,2023,19,"Dengue virus infections, Dengue",,-
MOUNTAIN,2023,19,"Dengue virus infections, Dengue",,-
ARIZONA,2023,19,"Dengue virus infections, Dengue",,-
COLORADO,2023,19,"Dengue virus infections, Dengue",,-
IDAHO,2023,19,"Dengue virus infections, Dengue",,-
MONTANA,2023,19,"Dengue virus infections, Dengue",,-
NEVADA,2023,19,"Dengue virus infections, Dengue",,-
NEW MEXICO,2023,19,"Dengue virus infections, Dengue",,-
UTAH,2023,19,"Dengue virus infections, Dengue",,-
WYOMING,2023,19,"Dengue virus infections, Dengue",,-
PACIFIC,2023,19,"Dengue virus infections, Dengue",1,-
ALASKA,2023,19,"Dengue virus infections, Dengue",,-
CALIFORNIA,2023,19,"Dengue virus infections, Dengue",,-
HAWAII,2023,19,"Dengue virus infections, Dengue",1,-
OREGON,2023,19,"Dengue virus infections, Dengue",,-
WASHINGTON,2023,19,"Dengue virus infections, Dengue",,-
US TERRITORIES,2023,19,"Dengue virus infections, Dengue",,-
AMERICAN SAMOA,2023,19,"Dengue virus infections, Dengue",,-
NORTHERN MARIANA ISLANDS,2023,19,"Dengue virus infections, Dengue",,-
GUAM,2023,19,"Dengue virus infections, Dengue",,-
PUERTO RICO,2023,19,"Dengue virus infections, Dengue",,-
U.S. VIRGIN ISLANDS,2023,19,"Dengue virus infections, Dengue",,-
NON-US RESIDENTS,2023,19,"Dengue virus infections, Dengue",,-
TOTAL,2023,19,"Dengue virus infections, Dengue",1,-
US RESIDENTS,2023,20,"Dengue virus infections, Dengue",,-
NEW ENGLAND,2023,20,"Dengue virus infections, Dengue",,-
CONNECTICUT,2023,20,"Dengue virus infections, Dengue",,-
MAINE,2023,20,"Dengue virus infections, Dengue",,-
MASSACHUSETTS,2023,20,"Dengue virus infections, Dengue",,-
NEW HAMPSHIRE,2023,20,"Dengue virus infections, Dengue",,-
RHODE ISLAND,2023,20,"Dengue virus infections, Dengue",,-
VERMONT,2023,20,"Dengue virus infections, Dengue",,-
MIDDLE ATLANTIC,2023,20,"Dengue virus infections, Dengue",,-
NEW JERSEY,2023,20,"Dengue virus infections, Dengue",,-
NEW YORK,2023,20,"Dengue virus infections, Dengue",,-
NEW YORK CITY,2023,20,"Dengue virus infections, Dengue",,-
PENNSYLVANIA,2023,20,"Dengue virus infections, Dengue",,-
EAST NORTH CENTRAL,2023,20,"Dengue virus infections, Dengue",,-
ILLINOIS,2023,20,"Dengue virus infections, Dengue",,-
INDIANA,2023,20,"Dengue virus infections, Dengue",,-
MICHIGAN,2023,20,"Dengue virus infections, Dengue",,-
OHIO,2023,20,"Dengue virus infections, Dengue",,-
WISCONSIN,2023,20,"Dengue virus infections, Dengue",,-
WEST NORTH CENTRAL,2023,20,"Dengue virus infections, Dengue",,-
IOWA,2023,20,"Dengue virus infections, Dengue",,-
KANSAS,2023,20,"Dengue virus infections, Dengue",,-
MINNESOTA,2023,20,"Dengue virus infections, Dengue",,-
MISSOURI,2023,20,"Dengue virus infections, Dengue",,-
NEBRASKA,2023,20,"Dengue virus infections, Dengue",,-
NORTH DAKOTA,2023,20,"Dengue virus infections, Dengue",,-
SOUTH DAKOTA,2023,20,"Dengue virus infections, Dengue",,-
SOUTH ATLANTIC,2023,20,"Dengue virus infections, Dengue",,-
DELAWARE,2023,20,"Dengue virus infections, Dengue",,-
DISTRICT OF COLUMBIA,2023,20,"Dengue virus infections, Dengue",,-
FLORIDA,2023,20,"Dengue virus infections, Dengue",,-
GEORGIA,2023,20,"Dengue virus infections, Dengue",,-
MARYLAND,2023,20,"Dengue virus infections, Dengue",,-
NORTH CAROLINA,2023,20,"Dengue virus infections, Dengue",,-
SOUTH CAROLINA,2023,20,"Dengue virus infections, Dengue",,-
VIRGINIA,2023,20,"Dengue virus infections, Dengue",,-
WEST VIRGINIA,2023,20,"Dengue virus infections, Dengue",,-
EAST SOUTH CENTRAL,2023,20,"Dengue virus infections, Dengue",,-
ALABAMA,2023,20,"Dengue virus infections, Dengue",,-
KENTUCKY,2023,20,"Dengue virus infections, Dengue",,-
MISSISSIPPI,2023,20,"Dengue virus infections, Dengue",,-
TENNESSEE,2023,20,"Dengue virus infections, Dengue",,-
WEST SOUTH CENTRAL,2023,20,"Dengue virus infections, Dengue",,-
ARKANSAS,2023,20,"Dengue virus infections, Dengue",,-
LOUISIANA,2023,20,"Dengue virus infections, Dengue",,-
OKLAHOMA,2023,20,"Dengue virus infections, Dengue",,-
TEXAS,2023,20,"Dengue virus infections, Dengue",,-
MOUNTAIN,2023,20,"Dengue virus infections, Dengue",,-
ARIZONA,2023,20,"Dengue virus infections, Dengue",,-
COLORADO,2023,20,"Dengue virus infections, Dengue",,-
IDAHO,2023,20,"Dengue virus infections, Dengue",,-
MONTANA,2023,20,"Dengue virus infections, Dengue",,-
NEVADA,2023,20,"Dengue virus infections, Dengue",,-
NEW MEXICO,2023,20,"Dengue virus infections, Dengue",,-
UTAH,2023,20,"Dengue virus infections, Dengue",,-
WYOMING,2023,20,"Dengue virus infections, Dengue",,-
PACIFIC,2023,20,"Dengue virus infections, Dengue",,-
ALASKA,2023,20,"Dengue virus infections, Dengue",,-
CALIFORNIA,2023,20,"Dengue virus infections, Dengue",,-
HAWAII,2023,20,"Dengue virus infections, Dengue",,-
OREGON,2023,20,"Dengue virus infections, Dengue",,-
WASHINGTON,2023,20,"Dengue virus infections, Dengue",,-
US TERRITORIES,2023,20,"Dengue virus infections, Dengue",,-
AMERICAN SAMOA,2023,20,"Dengue virus infections, Dengue",,-
NORTHERN MARIANA ISLANDS,2023,20,"Dengue virus infections, Dengue",,-
GUAM,2023,20,"Dengue virus infections, Dengue",,-
PUERTO RICO,2023,20,"Dengue virus infections, Dengue",,-
U.S. VIRGIN ISLANDS,2023,20,"Dengue virus infections, Dengue",,-
NON-US RESIDENTS,2023,20,"Dengue virus infections, Dengue",,-
TOTAL,2023,20,"Dengue virus infections, Dengue",,-
US RESIDENTS,2023,21,"Dengue virus infections, Dengue",1,-
NEW ENGLAND,2023,21,"Dengue virus infections, Dengue",,-
CONNECTICUT,2023,21,"Dengue virus infections, Dengue",,-
MAINE,2023,21,"Dengue virus infections, Dengue",,-
MASSACHUSETTS,2023,21,"Dengue virus infections, Dengue",,-
NEW HAMPSHIRE,2023,21,"Dengue virus infections, Dengue",,-
RHODE ISLAND,2023,21,"Dengue virus infections, Dengue",,-
VERMONT,2023,21,"Dengue virus infections, Dengue",,-
MIDDLE ATLANTIC,2023,21,"Dengue virus infections, Dengue",,-
NEW JERSEY,2023,21,"Dengue virus infections, Dengue",,-
NEW YORK,2023,21,"Dengue virus infections, Dengue",,-
NEW YORK CITY,2023,21,"Dengue virus infections, Dengue",,-
PENNSYLVANIA,2023,21,"Dengue virus infections, Dengue",,-
EAST NORTH CENTRAL,2023,21,"Dengue virus infections, Dengue",,-
ILLINOIS,2023,21,"Dengue virus infections, Dengue",,-
INDIANA,2023,21,"Dengue virus infections, Dengue",,-
MICHIGAN,2023,21,"Dengue virus infections, Dengue",,-
OHIO,2023,21,"Dengue virus infections, Dengue",,-
WISCONSIN,2023,21,"Dengue virus infections, Dengue",,-
WEST NORTH CENTRAL,2023,21,"Dengue virus infections, Dengue",,-
IOWA,2023,21,"Dengue virus infections, Dengue",,-
KANSAS,2023,21,"Dengue virus infections, Dengue",,-
MINNESOTA,2023,21,"Dengue virus infections, Dengue",,-
MISSOURI,2023,21,"Dengue virus infections, Dengue",,-
NEBRASKA,2023,21,"Dengue virus infections, Dengue",,-
NORTH DAKOTA,2023,21,"Dengue virus infections, Dengue",,-
SOUTH DAKOTA,2023,21,"Dengue virus infections, Dengue",,-
SOUTH ATLANTIC,2023,21,"Dengue virus infections, Dengue",1,-
DELAWARE,2023,21,"Dengue virus infections, Dengue",,-
DISTRICT OF COLUMBIA,2023,21,"Dengue virus infections, Dengue",,-
FLORIDA,2023,21,"Dengue virus infections, Dengue",1,-
GEORGIA,2023,21,"Dengue virus infections, Dengue",,-
MARYLAND,2023,21,"Dengue virus infections, Dengue",,-
NORTH CAROLINA,2023,21,"Dengue virus infections, Dengue",,-
SOUTH CAROLINA,2023,21,"Dengue virus infections, Dengue",,-
VIRGINIA,2023,21,"Dengue virus infections, Dengue",,-
WEST VIRGINIA,2023,21,"Dengue virus infections, Dengue",,-
EAST SOUTH CENTRAL,2023,21,"Dengue virus infections, Dengue",,-
ALABAMA,2023,21,"Dengue virus infections, Dengue",,-
KENTUCKY,2023,21,"Dengue virus infections, Dengue",,-
MISSISSIPPI,2023,21,"Dengue virus infections, Dengue",,-
TENNESSEE,2023,21,"Dengue virus infections, Dengue",,-
WEST SOUTH CENTRAL,2023,21,"Dengue virus infections, Dengue",,-
ARKANSAS,2023,21,"Dengue virus infections, Dengue",,-
LOUISIANA,2023,21,"Dengue virus infections, Dengue",,-
OKLAHOMA,2023,21,"Dengue virus infections, Dengue",,-
TEXAS,2023,21,"Dengue virus infections, Dengue",,-
MOUNTAIN,2023,21,"Dengue virus infections, Dengue",,-
ARIZONA,2023,21,"Dengue virus infections, Dengue",,-
COLORADO,2023,21,"Dengue virus infections, Dengue",,-
IDAHO,2023,21,"Dengue virus infections, Dengue",,-
MONTANA,2023,21,"Dengue virus infections, Dengue",,-
NEVADA,2023,21,"Dengue virus infections, Dengue",,-
NEW MEXICO,2023,21,"Dengue virus infections, Dengue",,-
UTAH,2023,21,"Dengue virus infections, Dengue",,-
WYOMING,2023,21,"Dengue virus infections, Dengue",,-
PACIFIC,2023,21,"Dengue virus infections, Dengue",,-
ALASKA,2023,21,"Dengue virus infections, Dengue",,-
CALIFORNIA,2023,21,"Dengue virus infections, Dengue",,-
HAWAII,2023,21,"Dengue virus infections, Dengue",,-
OREGON,2023,21,"Dengue virus infections, Dengue",,-
WASHINGTON,2023,21,"Dengue virus infections, Dengue",,-
US TERRITORIES,2023,21,"Dengue virus infections, Dengue",,-
AMERICAN SAMOA,2023,21,"Dengue virus infections, Dengue",,-
NORTHERN MARIANA ISLANDS,2023,21,"Dengue virus infections, Dengue",,-
GUAM,2023,21,"Dengue virus infections, Dengue",,-
PUERTO RICO,2023,21,"Dengue virus infections, Dengue",,-
U.S. VIRGIN ISLANDS,2023,21,"Dengue virus infections, Dengue",,-
NON-US RESIDENTS,2023,21,"Dengue virus infections, Dengue",,-
TOTAL,2023,21,"Dengue virus infections, Dengue",1,-
US RESIDENTS,2023,22,"Dengue virus infections, Dengue",,-
NEW ENGLAND,2023,22,"Dengue virus infections, Dengue",,-
CONNECTICUT,2023,22,"Dengue virus infections, Dengue",,-
MAINE,2023,22,"Dengue virus infections, Dengue",,-
MASSACHUSETTS,2023,22,"Dengue virus infections, Dengue",,-
NEW HAMPSHIRE,2023,22,"Dengue virus infections, Dengue",,-
RHODE ISLAND,2023,22,"Dengue virus infections, Dengue",,-
VERMONT,2023,22,"Dengue virus infections, Dengue",,-
MIDDLE ATLANTIC,2023,22,"Dengue virus infections, Dengue",,-
NEW JERSEY,2023,22,"Dengue virus infections, Dengue",,-
NEW YORK,2023,22,"Dengue virus infections, Dengue",,-
NEW YORK CITY,2023,22,"Dengue virus infections, Dengue",,-
PENNSYLVANIA,2023,22,"Dengue virus infections, Dengue",,-
EAST NORTH CENTRAL,2023,22,"Dengue virus infections, Dengue",,-
ILLINOIS,2023,22,"Dengue virus infections, Dengue",,-
INDIANA,2023,22,"Dengue virus infections, Dengue",,-
MICHIGAN,2023,22,"Dengue virus infections, Dengue",,-
OHIO,2023,22,"Dengue virus infections, Dengue",,-
WISCONSIN,2023,22,"Dengue virus infections, Dengue",,-
WEST NORTH CENTRAL,2023,22,"Dengue virus infections, Dengue",,-
IOWA,2023,22,"Dengue virus infections, Dengue",,-
KANSAS,2023,22,"Dengue virus infections, Dengue",,-
MINNESOTA,2023,22,"Dengue virus infections, Dengue",,-
MISSOURI,2023,22,"Dengue virus infections, Dengue",,-
NEBRASKA,2023,22,"Dengue virus infections, Dengue",,-
NORTH DAKOTA,2023,22,"Dengue virus infections, Dengue",,-
SOUTH DAKOTA,2023,22,"Dengue virus infections, Dengue",,-
SOUTH ATLANTIC,2023,22,"Dengue virus infections, Dengue",,-
DELAWARE,2023,22,"Dengue virus infections, Dengue",,-
DISTRICT OF COLUMBIA,2023,22,"Dengue virus infections, Dengue",,-
FLORIDA,2023,22,"Dengue virus infections, Dengue",,-
GEORGIA,2023,22,"Dengue virus infections, Dengue",,-
MARYLAND,2023,22,"Dengue virus infections, Dengue",,-
NORTH CAROLINA,2023,22,"Dengue virus infections, Dengue",,-
SOUTH CAROLINA,2023,22,"Dengue virus infections, Dengue",,-
VIRGINIA,2023,22,"Dengue virus infections, Dengue",,-
WEST VIRGINIA,2023,22,"Dengue virus infections, Dengue",,-
EAST SOUTH CENTRAL,2023,22,"Dengue virus infections, Dengue",,-
ALABAMA,2023,22,"Dengue virus infections, Dengue",,-
KENTUCKY,2023,22,"Dengue virus infections, Dengue",,-
MISSISSIPPI,2023,22,"Dengue virus infections, Dengue",,-
TENNESSEE,2023,22,"Dengue virus infections, Dengue",,-
WEST SOUTH CENTRAL,2023,22,"Dengue virus infections, Dengue",,-
ARKANSAS,2023,22,"Dengue virus infections, Dengue",,-
LOUISIANA,2023,22,"Dengue virus infections, Dengue",,-
OKLAHOMA,2023,22,"Dengue virus infections, Dengue",,-
TEXAS,2023,22,"Dengue virus infections, Dengue",,-
MOUNTAIN,2023,22,"Dengue virus infections, Dengue",,-
ARIZONA,2023,22,"Dengue virus infections, Dengue",,-
COLORADO,2023,22,"Dengue virus infections, Dengue",,-
IDAHO,2023,22,"Dengue virus infections, Dengue",,-
MONTANA,2023,22,"Dengue virus infections, Dengue",,-
NEVADA,2023,22,"Dengue virus infections, Dengue",,-
NEW MEXICO,2023,22,"Dengue virus infections, Dengue",,-
UTAH,2023,22,"Dengue virus infections, Dengue",,-
WYOMING,2023,22,"Dengue virus infections, Dengue",,-
PACIFIC,2023,22,"Dengue virus infections, Dengue",,-
ALASKA,2023,22,"Dengue virus infections, Dengue",,-
CALIFORNIA,2023,22,"Dengue virus infections, Dengue",,-
HAWAII,2023,22,"Dengue virus infections, Dengue",,-
OREGON,2023,22,"Dengue virus infections, Dengue",,-
WASHINGTON,2023,22,"Dengue virus infections, Dengue",,-
US TERRITORIES,2023,22,"Dengue virus infections, Dengue",,-
AMERICAN SAMOA,2023,22,"Dengue virus infections, Dengue",,-
NORTHERN MARIANA ISLANDS,2023,22,"Dengue virus infections, Dengue",,-
GUAM,2023,22,"Dengue virus infections, Dengue",,-
PUERTO RICO,2023,22,"Dengue virus infections, Dengue",,-
U.S. VIRGIN ISLANDS,2023,22,"Dengue virus infections, Dengue",,-
NON-US RESIDENTS,2023,22,"Dengue virus infections, Dengue",,-
TOTAL,2023,22,"Dengue virus infections, Dengue",,-
US RESIDENTS,2023,23,"Dengue virus infections, Dengue",,-
NEW ENGLAND,2023,23,"Dengue virus infections, Dengue",,-
CONNECTICUT,2023,23,"Dengue virus infections, Dengue",,-
MAINE,2023,23,"Dengue virus infections, Dengue",,-
MASSACHUSETTS,2023,23,"Dengue virus infections, Dengue",,-
NEW HAMPSHIRE,2023,23,"Dengue virus infections, Dengue",,-
RHODE ISLAND,2023,23,"Dengue virus infections, Dengue",,-
VERMONT,2023,23,"Dengue virus infections, Dengue",,-
MIDDLE ATLANTIC,2023,23,"Dengue virus infections, Dengue",,-
NEW JERSEY,2023,23,"Dengue virus infections, Dengue",,-
NEW YORK,2023,23,"Dengue virus infections, Dengue",,-
NEW YORK CITY,2023,23,"Dengue virus infections, Dengue",,-
PENNSYLVANIA,2023,23,"Dengue virus infections, Dengue",,-
EAST NORTH CENTRAL,2023,23,"Dengue virus infections, Dengue",,-
ILLINOIS,2023,23,"Dengue virus infections, Dengue",,-
INDIANA,2023,23,"Dengue virus infections, Dengue",,-
MICHIGAN,2023,23,"Dengue virus infections, Dengue",,-
OHIO,2023,23,"Dengue virus infections, Dengue",,-
WISCONSIN,2023,23,"Dengue virus infections, Dengue",,-
WEST NORTH CENTRAL,2023,23,"Dengue virus infections, Dengue",,-
IOWA,2023,23,"Dengue virus infections, Dengue",,-
KANSAS,2023,23,"Dengue virus infections, Dengue",,-
MINNESOTA,2023,23,"Dengue virus infections, Dengue",,-
MISSOURI,2023,23,"Dengue virus infections, Dengue",,-
NEBRASKA,2023,23,"Dengue virus infections, Dengue",,-
NORTH DAKOTA,2023,23,"Dengue virus infections, Dengue",,-
SOUTH DAKOTA,2023,23,"Dengue virus infections, Dengue",,-
SOUTH ATLANTIC,2023,23,"Dengue virus infections, Dengue",,-
DELAWARE,2023,23,"Dengue virus infections, Dengue",,-
DISTRICT OF COLUMBIA,2023,23,"Dengue virus infections, Dengue",,-
FLORIDA,2023,23,"Dengue virus infections, Dengue",,-
GEORGIA,2023,23,"Dengue virus infections, Dengue",,-
MARYLAND,2023,23,"Dengue virus infections, Dengue",,-
NORTH CAROLINA,2023,23,"Dengue virus infections, Dengue",,-
SOUTH CAROLINA,2023,23,"Dengue virus infections, Dengue",,-
VIRGINIA,2023,23,"Dengue virus infections, Dengue",,-
WEST VIRGINIA,2023,23,"Dengue virus infections, Dengue",,-
EAST SOUTH CENTRAL,2023,23,"Dengue virus infections, Dengue",,-
ALABAMA,2023,23,"Dengue virus infections, Dengue",,-
KENTUCKY,2023,23,"Dengue virus infections, Dengue",,-
MISSISSIPPI,2023,23,"Dengue virus infections, Dengue",,-
TENNESSEE,2023,23,"Dengue virus infections, Dengue",,-
WEST SOUTH CENTRAL,2023,23,"Dengue virus infections, Dengue",,-
ARKANSAS,2023,23,"Dengue virus infections, Dengue",,-
LOUISIANA,2023,23,"Dengue virus infections, Dengue",,-
OKLAHOMA,2023,23,"Dengue virus infections, Dengue",,-
TEXAS,2023,23,"Dengue virus infections, Dengue",,-
MOUNTAIN,2023,23,"Dengue virus infections, Dengue",,-
ARIZONA,2023,23,"Dengue virus infections, Dengue",,-
COLORADO,2023,23,"Dengue virus infections, Dengue",,-
IDAHO,2023,23,"Dengue virus infections, Dengue",,-
MONTANA,2023,23,"Dengue virus infections, Dengue",,-
NEVADA,2023,23,"Dengue virus infections, Dengue",,-
NEW MEXICO,2023,23,"Dengue virus infections, Dengue",,-
UTAH,2023,23,"Dengue virus infections, Dengue",,-
WYOMING,2023,23,"Dengue virus infections, Dengue",,-
PACIFIC,2023,23,"Dengue virus infections, Dengue",,-
ALASKA,2023,23,"Dengue virus infections, Dengue",,-
CALIFORNIA,2023,23,"Dengue virus infections, Dengue",,-
HAWAII,2023,23,"Dengue virus infections, Dengue",,-
OREGON,2023,23,"Dengue virus infections, Dengue",,-
WASHINGTON,2023,23,"Dengue virus infections, Dengue",,-
US TERRITORIES,2023,23,"Dengue virus infections, Dengue",,-
AMERICAN SAMOA,2023,23,"Dengue virus infections, Dengue",,-
NORTHERN MARIANA ISLANDS,2023,23,"Dengue virus infections, Dengue",,-
GUAM,2023,23,"Dengue virus infections, Dengue",,-
PUERTO RICO,2023,23,"Dengue virus infections, Dengue",,-
U.S. VIRGIN ISLANDS,2023,23,"Dengue virus infections, Dengue",,-
NON-US RESIDENTS,2023,23,"Dengue virus infections, Dengue",,-
TOTAL,2023,23,"Dengue virus infections, Dengue",,-
US RESIDENTS,2023,24,"Dengue virus infections, Dengue",1,-
NEW ENGLAND,2023,24,"Dengue virus infections, Dengue",,-
CONNECTICUT,2023,24,"Dengue virus infections, Dengue",,-
MAINE,2023,24,"Dengue virus infections, Dengue",,-
MASSACHUSETTS,2023,24,"Dengue virus infections, Dengue",,-
NEW HAMPSHIRE,2023,24,"Dengue virus infections, Dengue",,-
RHODE ISLAND,2023,24,"Dengue virus infections, Dengue",,-
VERMONT,2023,24,"Dengue virus infections, Dengue",,-
MIDDLE ATLANTIC,2023,24,"Dengue virus infections, Dengue",,-
NEW JERSEY,2023,24,"Dengue virus infections, Dengue",,-
NEW YORK,2023,24,"Dengue virus infections, Dengue",,-
NEW YORK CITY,2023,24,"Dengue virus infections, Dengue",,-
PENNSYLVANIA,2023,24,"Dengue virus infections, Dengue",,-
EAST NORTH CENTRAL,2023,24,"Dengue virus infections, Dengue",,-
ILLINOIS,2023,24,"Dengue virus infections, Dengue",,-
INDIANA,2023,24,"Dengue virus infections, Dengue",,-
MICHIGAN,2023,24,"Dengue virus infections, Dengue",,-
OHIO,2023,24,"Dengue virus infections, Dengue",,-
WISCONSIN,2023,24,"Dengue virus infections, Dengue",,-
WEST NORTH CENTRAL,2023,24,"Dengue virus infections, Dengue",,-
IOWA,2023,24,"Dengue virus infections, Dengue",,-
KANSAS,2023,24,"Dengue virus infections, Dengue",,-
MINNESOTA,2023,24,"Dengue virus infections, Dengue",,-
MISSOURI,2023,24,"Dengue virus infections, Dengue",,-
NEBRASKA,2023,24,"Dengue virus infections, Dengue",,-
NORTH DAKOTA,2023,24,"Dengue virus infections, Dengue",,-
SOUTH DAKOTA,2023,24,"Dengue virus infections, Dengue",,-
SOUTH ATLANTIC,2023,24,"Dengue virus infections, Dengue",1,-
DELAWARE,2023,24,"Dengue virus infections, Dengue",,-
DISTRICT OF COLUMBIA,2023,24,"Dengue virus infections, Dengue",,-
FLORIDA,2023,24,"Dengue virus infections, Dengue",,-
GEORGIA,2023,24,"Dengue virus infections, Dengue",,-
MARYLAND,2023,24,"Dengue virus infections, Dengue",,-
NORTH CAROLINA,2023,24,"Dengue virus infections, Dengue",,-
SOUTH CAROLINA,2023,24,"Dengue virus infections, Dengue",,-
VIRGINIA,2023,24,"Dengue virus infections, Dengue",1,-
WEST VIRGINIA,2023,24,"Dengue virus infections, Dengue",,-
EAST SOUTH CENTRAL,2023,24,"Dengue virus infections, Dengue",,-
ALABAMA,2023,24,"Dengue virus infections, Dengue",,-
KENTUCKY,2023,24,"Dengue virus infections, Dengue",,-
MISSISSIPPI,2023,24,"Dengue virus infections, Dengue",,-
TENNESSEE,2023,24,"Dengue virus infections, Dengue",,-
WEST SOUTH CENTRAL,2023,24,"Dengue virus infections, Dengue",,-
ARKANSAS,2023,24,"Dengue virus infections, Dengue",,-
LOUISIANA,2023,24,"Dengue virus infections, Dengue",,-
OKLAHOMA,2023,24,"Dengue virus infections, Dengue",,-
TEXAS,2023,24,"Dengue virus infections, Dengue",,-
MOUNTAIN,2023,24,"Dengue virus infections, Dengue",,-
ARIZONA,2023,24,"Dengue virus infections, Dengue",,-
COLORADO,2023,24,"Dengue virus infections, Dengue",,-
IDAHO,2023,24,"Dengue virus infections, Dengue",,-
MONTANA,2023,24,"Dengue virus infections, Dengue",,-
NEVADA,2023,24,"Dengue virus infections, Dengue",,-
NEW MEXICO,2023,24,"Dengue virus infections, Dengue",,-
UTAH,2023,24,"Dengue virus infections, Dengue",,-
WYOMING,2023,24,"Dengue virus infections, Dengue",,-
PACIFIC,2023,24,"Dengue virus infections, Dengue",,-
ALASKA,2023,24,"Dengue virus infections, Dengue",,-
CALIFORNIA,2023,24,"Dengue virus infections, Dengue",,-
HAWAII,2023,24,"Dengue virus infections, Dengue",,-
OREGON,2023,24,"Dengue virus infections, Dengue",,-
WASHINGTON,2023,24,"Dengue virus infections, Dengue",,-
US TERRITORIES,2023,24,"Dengue virus infections, Dengue",,-
AMERICAN SAMOA,2023,24,"Dengue virus infections, Dengue",,-
NORTHERN MARIANA ISLANDS,2023,24,"Dengue virus infections, Dengue",,-
GUAM,2023,24,"Dengue virus infections, Dengue",,-
PUERTO RICO,2023,24,"Dengue virus infections, Dengue",,-
U.S. VIRGIN ISLANDS,2023,24,"Dengue virus infections, Dengue",,-
NON-US RESIDENTS,2023,24,"Dengue virus infections, Dengue",,-
TOTAL,2023,24,"Dengue virus infections, Dengue",1,-
US RESIDENTS,2023,25,"Dengue virus infections, Dengue",,-
NEW ENGLAND,2023,25,"Dengue virus infections, Dengue",,-
CONNECTICUT,2023,25,"Dengue virus infections, Dengue",,-
MAINE,2023,25,"Dengue virus infections, Dengue",,-
MASSACHUSETTS,2023,25,"Dengue virus infections, Dengue",,-
NEW HAMPSHIRE,2023,25,"Dengue virus infections, Dengue",,-
RHODE ISLAND,2023,25,"Dengue virus infections, Dengue",,-
VERMONT,2023,25,"Dengue virus infections, Dengue",,-
MIDDLE ATLANTIC,2023,25,"Dengue virus infections, Dengue",,-
NEW JERSEY,2023,25,"Dengue virus infections, Dengue",,-
NEW YORK,2023,25,"Dengue virus infections, Dengue",,-
NEW YORK CITY,2023,25,"Dengue virus infections, Dengue",,-
PENNSYLVANIA,2023,25,"Dengue virus infections, Dengue",,-
EAST NORTH CENTRAL,2023,25,"Dengue virus infections, Dengue",,-
ILLINOIS,2023,25,"Dengue virus infections, Dengue",,-
INDIANA,2023,25,"Dengue virus infections, Dengue",,-
MICHIGAN,2023,25,"Dengue virus infections, Dengue",,-
OHIO,2023,25,"Dengue virus infections, Dengue",,-
WISCONSIN,2023,25,"Dengue virus infections, Dengue",,-
WEST NORTH CENTRAL,2023,25,"Dengue virus infections, Dengue",,-
IOWA,2023,25,"Dengue virus infections, Dengue",,-
KANSAS,2023,25,"Dengue virus infections, Dengue",,-
MINNESOTA,2023,25,"Dengue virus infections, Dengue",,-
MISSOURI,2023,25,"Dengue virus infections, Dengue",,-
NEBRASKA,2023,25,"Dengue virus infections, Dengue",,-
NORTH DAKOTA,2023,25,"Dengue virus infections, Dengue",,-
SOUTH DAKOTA,2023,25,"Dengue virus infections, Dengue",,-
SOUTH ATLANTIC,2023,25,"Dengue virus infections, Dengue",,-
DELAWARE,2023,25,"Dengue virus infections, Dengue",,-
DISTRICT OF COLUMBIA,2023,25,"Dengue virus infections, Dengue",,-
FLORIDA,2023,25,"Dengue virus infections, Dengue",,-
GEORGIA,2023,25,"Dengue virus infections, Dengue",,-
MARYLAND,2023,25,"Dengue virus infections, Dengue",,-
NORTH CAROLINA,2023,25,"Dengue virus infections, Dengue",,-
SOUTH CAROLINA,2023,25,"Dengue virus infections, Dengue",,-
VIRGINIA,2023,25,"Dengue virus infections, Dengue",,-
WEST VIRGINIA,2023,25,"Dengue virus infections, Dengue",,-
EAST SOUTH CENTRAL,2023,25,"Dengue virus infections, Dengue",,-
ALABAMA,2023,25,"Dengue virus infections, Dengue",,-
KENTUCKY,2023,25,"Dengue virus infections, Dengue",,-
MISSISSIPPI,2023,25,"Dengue virus infections, Dengue",,-
TENNESSEE,2023,25,"Dengue virus infections, Dengue",,-
WEST SOUTH CENTRAL,2023,25,"Dengue virus infections, Dengue",,-
ARKANSAS,2023,25,"Dengue virus infections, Dengue",,-
LOUISIANA,2023,25,"Dengue virus infections, Dengue",,-
OKLAHOMA,2023,25,"Dengue virus infections, Dengue",,-
TEXAS,2023,25,"Dengue virus infections, Dengue",,-
MOUNTAIN,2023,25,"Dengue virus infections, Dengue",,-
ARIZONA,2023,25,"Dengue virus infections, Dengue",,-
COLORADO,2023,25,"Dengue virus infections, Dengue",,-
IDAHO,2023,25,"Dengue virus infections, Dengue",,-
MONTANA,2023,25,"Dengue virus infections, Dengue",,-
NEVADA,2023,25,"Dengue virus infections, Dengue",,-
NEW MEXICO,2023,25,"Dengue virus infections, Dengue",,-
UTAH,2023,25,"Dengue virus infections, Dengue",,-
WYOMING,2023,25,"Dengue virus infections, Dengue",,-
PACIFIC,2023,25,"Dengue virus infections, Dengue",,-
ALASKA,2023,25,"Dengue virus infections, Dengue",,-
CALIFORNIA,2023,25,"Dengue virus infections, Dengue",,-
HAWAII,2023,25,"Dengue virus infections, Dengue",,-
OREGON,2023,25,"Dengue virus infections, Dengue",,-
WASHINGTON,2023,25,"Dengue virus infections, Dengue",,-
US TERRITORIES,2023,25,"Dengue virus infections, Dengue",,-
AMERICAN SAMOA,2023,25,"Dengue virus infections, Dengue",,-
NORTHERN MARIANA ISLANDS,2023,25,"Dengue virus infections, Dengue",,-
GUAM,2023,25,"Dengue virus infections, Dengue",,-
PUERTO RICO,2023,25,"Dengue virus infections, Dengue",,-
U.S. VIRGIN ISLANDS,2023,25,"Dengue virus infections, Dengue",,-
NON-US RESIDENTS,2023,25,"Dengue virus infections, Dengue",,-
TOTAL,2023,25,"Dengue virus infections, Dengue",,-
US RESIDENTS,2023,26,"Dengue virus infections, Dengue",1,-
NEW ENGLAND,2023,26,"Dengue virus infections, Dengue",,-
CONNECTICUT,2023,26,"Dengue virus infections, Dengue",,-
MAINE,2023,26,"Dengue virus infections, Dengue",,-
MASSACHUSETTS,2023,26,"Dengue virus infections, Dengue",,-
NEW HAMPSHIRE,2023,26,"Dengue virus infections, Dengue",,-
RHODE ISLAND,2023,26,"Dengue virus infections, Dengue",,-
VERMONT,2023,26,"Dengue virus infections, Dengue",,-
MIDDLE ATLANTIC,2023,26,"Dengue virus infections, Dengue",,-
NEW JERSEY,2023,26,"Dengue virus infections, Dengue",,-
NEW YORK,2023,26,"Dengue virus infections, Dengue",,-
NEW YORK CITY,2023,26,"Dengue virus infections, Dengue",,-
PENNSYLVANIA,2023,26,"Dengue virus infections, Dengue",,-
EAST NORTH CENTRAL,2023,26,"Dengue virus infections, Dengue",,-
ILLINOIS,2023,26,"Dengue virus infections, Dengue",,-
INDIANA,2023,26,"Dengue virus infections, Dengue",,-
MICHIGAN,2023,26,"Dengue virus infections, Dengue",,-
OHIO,2023,26,"Dengue virus infections, Dengue",,-
WISCONSIN,2023,26,"Dengue virus infections, Dengue",,-
WEST NORTH CENTRAL,2023,26,"Dengue virus infections, Dengue",,-
IOWA,2023,26,"Dengue virus infections, Dengue",,-
KANSAS,2023,26,"Dengue virus infections, Dengue",,-
MINNESOTA,2023,26,"Dengue virus infections, Dengue",,-
MISSOURI,2023,26,"Dengue virus infections, Dengue",,-
NEBRASKA,2023,26,"Dengue virus infections, Dengue",,-
NORTH DAKOTA,2023,26,"Dengue virus infections, Dengue",,-
SOUTH DAKOTA,2023,26,"Dengue virus infections, Dengue",,-
SOUTH ATLANTIC,2023,26,"Dengue virus infections, Dengue",1,-
DELAWARE,2023,26,"Dengue virus infections, Dengue",,-
DISTRICT OF COLUMBIA,2023,26,"Dengue virus infections, Dengue",,-
FLORIDA,2023,26,"Dengue virus infections, Dengue",,-
GEORGIA,2023,26,"Dengue virus infections, Dengue",,-
MARYLAND,2023,26,"Dengue virus infections, Dengue",,-
NORTH CAROLINA,2023,26,"Dengue virus infections, Dengue",,-
SOUTH CAROLINA,2023,26,"Dengue virus infections, Dengue",,-
VIRGINIA,2023,26,"Dengue virus infections, Dengue",1,-
WEST VIRGINIA,2023,26,"Dengue virus infections, Dengue",,-
EAST SOUTH CENTRAL,2023,26,"Dengue virus infections, Dengue",,-
ALABAMA,2023,26,"Dengue virus infections, Dengue",,-
KENTUCKY,2023,26,"Dengue virus infections, Dengue",,-
MISSISSIPPI,2023,26,"Dengue virus infections, Dengue",,-
TENNESSEE,2023,26,"Dengue virus infections, Dengue",,-
WEST SOUTH CENTRAL,2023,26,"Dengue virus infections, Dengue",,-
ARKANSAS,2023,26,"Dengue virus infections, Dengue",,-
LOUISIANA,2023,26,"Dengue virus infections, Dengue",,-
OKLAHOMA,2023,26,"Dengue virus infections, Dengue",,-
TEXAS,2023,26,"Dengue virus infections, Dengue",,-
MOUNTAIN,2023,26,"Dengue virus infections, Dengue",,-
ARIZONA,2023,26,"Dengue virus infections, Dengue",,-
COLORADO,2023,26,"Dengue virus infections, Dengue",,-
IDAHO,2023,26,"Dengue virus infections, Dengue",,-
MONTANA,2023,26,"Dengue virus infections, Dengue",,-
NEVADA,2023,26,"Dengue virus infections, Dengue",,-
NEW MEXICO,2023,26,"Dengue virus infections, Dengue",,-
UTAH,2023,26,"Dengue virus infections, Dengue",,-
WYOMING,2023,26,"Dengue virus infections, Dengue",,-
PACIFIC,2023,26,"Dengue virus infections, Dengue",,-
ALASKA,2023,26,"Dengue virus infections, Dengue",,-
CALIFORNIA,2023,26,"Dengue virus infections, Dengue",,-
HAWAII,2023,26,"Dengue virus infections, Dengue",,-
OREGON,2023,26,"Dengue virus infections, Dengue",,-
WASHINGTON,2023,26,"Dengue virus infections, Dengue",,-
US TERRITORIES,2023,26,"Dengue virus infections, Dengue",,-
AMERICAN SAMOA,2023,26,"Dengue virus infections, Dengue",,-
NORTHERN MARIANA ISLANDS,2023,26,"Dengue virus infections, Dengue",,-
GUAM,2023,26,"Dengue virus infections, Dengue",,-
PUERTO RICO,2023,26,"Dengue virus infections, Dengue",,-
U.S. VIRGIN ISLANDS,2023,26,"Dengue virus infections, Dengue",,-
NON-US RESIDENTS,2023,26,"Dengue virus infections, Dengue",,-
TOTAL,2023,26,"Dengue virus infections, Dengue",1,-
US RESIDENTS,2023,27,"Dengue virus infections, Dengue",2,-
NEW ENGLAND,2023,27,"Dengue virus infections, Dengue",,-
CONNECTICUT,2023,27,"Dengue virus infections, Dengue",,-
MAINE,2023,27,"Dengue virus infections, Dengue",,-
MASSACHUSETTS,2023,27,"Dengue virus infections, Dengue",,-
NEW HAMPSHIRE,2023,27,"Dengue virus infections, Dengue",,-
RHODE ISLAND,2023,27,"Dengue virus infections, Dengue",,-
VERMONT,2023,27,"Dengue virus infections, Dengue",,-
MIDDLE ATLANTIC,2023,27,"Dengue virus infections, Dengue",,-
NEW JERSEY,2023,27,"Dengue virus infections, Dengue",,-
NEW YORK,2023,27,"Dengue virus infections, Dengue",,-
NEW YORK CITY,2023,27,"Dengue virus infections, Dengue",,-
PENNSYLVANIA,2023,27,"Dengue virus infections, Dengue",,-
EAST NORTH CENTRAL,2023,27,"Dengue virus infections, Dengue",,-
ILLINOIS,2023,27,"Dengue virus infections, Dengue",,-
INDIANA,2023,27,"Dengue virus infections, Dengue",,-
MICHIGAN,2023,27,"Dengue virus infections, Dengue",,-
OHIO,2023,27,"Dengue virus infections, Dengue",,-
WISCONSIN,2023,27,"Dengue virus infections, Dengue",,-
WEST NORTH CENTRAL,2023,27,"Dengue virus infections, Dengue",,-
IOWA,2023,27,"Dengue virus infections, Dengue",,-
KANSAS,2023,27,"Dengue virus infections, Dengue",,-
MINNESOTA,2023,27,"Dengue virus infections, Dengue",,-
MISSOURI,2023,27,"Dengue virus infections, Dengue",,-
NEBRASKA,2023,27,"Dengue virus infections, Dengue",,-
NORTH DAKOTA,2023,27,"Dengue virus infections, Dengue",,-
SOUTH DAKOTA,2023,27,"Dengue virus infections, Dengue",,-
SOUTH ATLANTIC,2023,27,"Dengue virus infections, Dengue",1,-
DELAWARE,2023,27,"Dengue virus infections, Dengue",1,-
DISTRICT OF COLUMBIA,2023,27,"Dengue virus infections, Dengue",,-
FLORIDA,2023,27,"Dengue virus infections, Dengue",,-
GEORGIA,2023,27,"Dengue virus infections, Dengue",,-
MARYLAND,2023,27,"Dengue virus infections, Dengue",,-
NORTH CAROLINA,2023,27,"Dengue virus infections, Dengue",,-
SOUTH CAROLINA,2023,27,"Dengue virus infections, Dengue",,-
VIRGINIA,2023,27,"Dengue virus infections, Dengue",,-
WEST VIRGINIA,2023,27,"Dengue virus infections, Dengue",,-
EAST SOUTH CENTRAL,2023,27,"Dengue virus infections, Dengue",1,-
ALABAMA,2023,27,"Dengue virus infections, Dengue",,-
KENTUCKY,2023,27,"Dengue virus infections, Dengue",,-
MISSISSIPPI,2023,27,"Dengue virus infections, Dengue",,-
TENNESSEE,2023,27,"Dengue virus infections, Dengue",1,-
WEST SOUTH CENTRAL,2023,27,"Dengue virus infections, Dengue",,-
ARKANSAS,2023,27,"Dengue virus infections, Dengue",,-
LOUISIANA,2023,27,"Dengue virus infections, Dengue",,-
OKLAHOMA,2023,27,"Dengue virus infections, Dengue",,-
TEXAS,2023,27,"Dengue virus infections, Dengue",,-
MOUNTAIN,2023,27,"Dengue virus infections, Dengue",,-
ARIZONA,2023,27,"Dengue virus infections, Dengue",,-
COLORADO,2023,27,"Dengue virus infections, Dengue",,-
IDAHO,2023,27,"Dengue virus infections, Dengue",,-
MONTANA,2023,27,"Dengue virus infections, Dengue",,-
NEVADA,2023,27,"Dengue virus infections, Dengue",,-
NEW MEXICO,2023,27,"Dengue virus infections, Dengue",,-
UTAH,2023,27,"Dengue virus infections, Dengue",,-
WYOMING,2023,27,"Dengue virus infections, Dengue",,-
PACIFIC,2023,27,"Dengue virus infections, Dengue",,-
ALASKA,2023,27,"Dengue virus infections, Dengue",,-
CALIFORNIA,2023,27,"Dengue virus infections, Dengue",,-
HAWAII,2023,27,"Dengue virus infections, Dengue",,-
OREGON,2023,27,"Dengue virus infections, Dengue",,-
WASHINGTON,2023,27,"Dengue virus infections, Dengue",,-
US TERRITORIES,2023,27,"Dengue virus infections, Dengue",,-
AMERICAN SAMOA,2023,27,"Dengue virus infections, Dengue",,-
NORTHERN MARIANA ISLANDS,2023,27,"Dengue virus infections, Dengue",,-
GUAM,2023,27,"Dengue virus infections, Dengue",,-
PUERTO RICO,2023,27,"Dengue virus infections, Dengue",,-
U.S. VIRGIN ISLANDS,2023,27,"Dengue virus infections, Dengue",,-
NON-US RESIDENTS,2023,27,"Dengue virus infections, Dengue",,-
TOTAL,2023,27,"Dengue virus infections, Dengue",2,-
US RESIDENTS,2023,28,"Dengue virus infections, Dengue",1,-
NEW ENGLAND,2023,28,"Dengue virus infections, Dengue",,-
CONNECTICUT,2023,28,"Dengue virus infections, Dengue",,-
MAINE,2023,28,"Dengue virus infections, Dengue",,-
MASSACHUSETTS,2023,28,"Dengue virus infections, Dengue",,-
NEW HAMPSHIRE,2023,28,"Dengue virus infections, Dengue",,-
RHODE ISLAND,2023,28,"Dengue virus infections, Dengue",,-
VERMONT,2023,28,"Dengue virus infections, Dengue",,-
MIDDLE ATLANTIC,2023,28,"Dengue virus infections, Dengue",,-
NEW JERSEY,2023,28,"Dengue virus infections, Dengue",,-
NEW YORK,2023,28,"Dengue virus infections, Dengue",,-
NEW YORK CITY,2023,28,"Dengue virus infections, Dengue",,-
PENNSYLVANIA,2023,28,"Dengue virus infections, Dengue",,-
EAST NORTH CENTRAL,2023,28,"Dengue virus infections, Dengue",,-
ILLINOIS,2023,28,"Dengue virus infections, Dengue",,-
INDIANA,2023,28,"Dengue virus infections, Dengue",,-
MICHIGAN,2023,28,"Dengue virus infections, Dengue",,-
OHIO,2023,28,"Dengue virus infections, Dengue",,-
WISCONSIN,2023,28,"Dengue virus infections, Dengue",,-
WEST NORTH CENTRAL,2023,28,"Dengue virus infections, Dengue",,-
IOWA,2023,28,"Dengue virus infections, Dengue",,-
KANSAS,2023,28,"Dengue virus infections, Dengue",,-
MINNESOTA,2023,28,"Dengue virus infections, Dengue",,-
MISSOURI,2023,28,"Dengue virus infections, Dengue",,-
NEBRASKA,2023,28,"Dengue virus infections, Dengue",,-
NORTH DAKOTA,2023,28,"Dengue virus infections, Dengue",,-
SOUTH DAKOTA,2023,28,"Dengue virus infections, Dengue",,-
SOUTH ATLANTIC,2023,28,"Dengue virus infections, Dengue",,-
DELAWARE,2023,28,"Dengue virus infections, Dengue",,-
DISTRICT OF COLUMBIA,2023,28,"Dengue virus infections, Dengue",,-
FLORIDA,2023,28,"Dengue virus infections, Dengue",,-
GEORGIA,2023,28,"Dengue virus infections, Dengue",,-
MARYLAND,2023,28,"Dengue virus infections, Dengue",,-
NORTH CAROLINA,2023,28,"Dengue virus infections, Dengue",,-
SOUTH CAROLINA,2023,28,"Dengue virus infections, Dengue",,-
VIRGINIA,2023,28,"Dengue virus infections, Dengue",,-
WEST VIRGINIA,2023,28,"Dengue virus infections, Dengue",,-
EAST SOUTH CENTRAL,2023,28,"Dengue virus infections, Dengue",,-
ALABAMA,2023,28,"Dengue virus infections, Dengue",,-
KENTUCKY,2023,28,"Dengue virus infections, Dengue",,-
MISSISSIPPI,2023,28,"Dengue virus infections, Dengue",,-
TENNESSEE,2023,28,"Dengue virus infections, Dengue",,-
WEST SOUTH CENTRAL,2023,28,"Dengue virus infections, Dengue",,-
ARKANSAS,2023,28,"Dengue virus infections, Dengue",,-
LOUISIANA,2023,28,"Dengue virus infections, Dengue",,-
OKLAHOMA,2023,28,"Dengue virus infections, Dengue",,-
TEXAS,2023,28,"Dengue virus infections, Dengue",,-
MOUNTAIN,2023,28,"Dengue virus infections, Dengue",1,-
ARIZONA,2023,28,"Dengue virus infections, Dengue",1,-
COLORADO,2023,28,"Dengue virus infections, Dengue",,-
IDAHO,2023,28,"Dengue virus infections, Dengue",,-
MONTANA,2023,28,"Dengue virus infections, Dengue",,-
NEVADA,2023,28,"Dengue virus infections, Dengue",,-
NEW MEXICO,2023,28,"Dengue virus infections, Dengue",,-
UTAH,2023,28,"Dengue virus infections, Dengue",,-
WYOMING,2023,28,"Dengue virus infections, Dengue",,-
PACIFIC,2023,28,"Dengue virus infections, Dengue",,-
ALASKA,2023,28,"Dengue virus infections, Dengue",,-
CALIFORNIA,2023,28,"Dengue virus infections, Dengue",,-
HAWAII,2023,28,"Dengue virus infections, Dengue",,-
OREGON,2023,28,"Dengue virus infections, Dengue",,-
WASHINGTON,2023,28,"Dengue virus infections, Dengue",,-
US TERRITORIES,2023,28,"Dengue virus infections, Dengue",,-
AMERICAN SAMOA,2023,28,"Dengue virus infections, Dengue",,-
NORTHERN MARIANA ISLANDS,2023,28,"Dengue virus infections, Dengue",,-
GUAM,2023,28,"Dengue virus infections, Dengue",,-
PUERTO RICO,2023,28,"Dengue virus infections, Dengue",,-
U.S. VIRGIN ISLANDS,2023,28,"Dengue virus infections, Dengue",,-
NON-US RESIDENTS,2023,28,"Dengue virus infections, Dengue",,-
TOTAL,2023,28,"Dengue virus infections, Dengue",1,-
US RESIDENTS,2023,29,"Dengue virus infections, Dengue",2,-
NEW ENGLAND,2023,29,"Dengue virus infections, Dengue",,-
CONNECTICUT,2023,29,"Dengue virus infections, Dengue",,-
MAINE,2023,29,"Dengue virus infections, Dengue",,-
MASSACHUSETTS,2023,29,"Dengue virus infections, Dengue",,-
NEW HAMPSHIRE,2023,29,"Dengue virus infections, Dengue",,-
RHODE ISLAND,2023,29,"Dengue virus infections, Dengue",,-
VERMONT,2023,29,"Dengue virus infections, Dengue",,-
MIDDLE ATLANTIC,2023,29,"Dengue virus infections, Dengue",,-
NEW JERSEY,2023,29,"Dengue virus infections, Dengue",,-
NEW YORK,2023,29,"Dengue virus infections, Dengue",,-
NEW YORK CITY,2023,29,"Dengue virus infections, Dengue",,-
PENNSYLVANIA,2023,29,"Dengue virus infections, Dengue",,-
EAST NORTH CENTRAL,2023,29,"Dengue virus infections, Dengue",,-
ILLINOIS,2023,29,"Dengue virus infections, Dengue",,-
INDIANA,2023,29,"Dengue virus infections, Dengue",,-
MICHIGAN,2023,29,"Dengue virus infections, Dengue",,-
OHIO,2023,29,"Dengue virus infections, Dengue",,-
WISCONSIN,2023,29,"Dengue virus infections, Dengue",,-
WEST NORTH CENTRAL,2023,29,"Dengue virus infections, Dengue",,-
IOWA,2023,29,"Dengue virus infections, Dengue",,-
KANSAS,2023,29,"Dengue virus infections, Dengue",,-
MINNESOTA,2023,29,"Dengue virus infections, Dengue",,-
MISSOURI,2023,29,"Dengue virus infections, Dengue",,-
NEBRASKA,2023,29,"Dengue virus infections, Dengue",,-
NORTH DAKOTA,2023,29,"Dengue virus infections, Dengue",,-
SOUTH DAKOTA,2023,29,"Dengue virus infections, Dengue",,-
SOUTH ATLANTIC,2023,29,"Dengue virus infections, Dengue",,-
DELAWARE,2023,29,"Dengue virus infections, Dengue",,-
DISTRICT OF COLUMBIA,2023,29,"Dengue virus infections, Dengue",,-
FLORIDA,2023,29,"Dengue virus infections, Dengue",,-
GEORGIA,2023,29,"Dengue virus infections, Dengue",,-
MARYLAND,2023,29,"Dengue virus infections, Dengue",,-
NORTH CAROLINA,2023,29,"Dengue virus infections, Dengue",,-
SOUTH CAROLINA,2023,29,"Dengue virus infections, Dengue",,-
VIRGINIA,2023,29,"Dengue virus infections, Dengue",,-
WEST VIRGINIA,2023,29,"Dengue virus infections, Dengue",,-
EAST SOUTH CENTRAL,2023,29,"Dengue virus infections, Dengue",,-
ALABAMA,2023,29,"Dengue virus infections, Dengue",,-
KENTUCKY,2023,29,"Dengue virus infections, Dengue",,-
MISSISSIPPI,2023,29,"Dengue virus infections, Dengue",,-
TENNESSEE,2023,29,"Dengue virus infections, Dengue",,-
WEST SOUTH CENTRAL,2023,29,"Dengue virus infections, Dengue",,-
ARKANSAS,2023,29,"Dengue virus infections, Dengue",,-
LOUISIANA,2023,29,"Dengue virus infections, Dengue",,-
OKLAHOMA,2023,29,"Dengue virus infections, Dengue",,-
TEXAS,2023,29,"Dengue virus infections, Dengue",,-
MOUNTAIN,2023,29,"Dengue virus infections, Dengue",2,-
ARIZONA,2023,29,"Dengue virus infections, Dengue",2,-
COLORADO,2023,29,"Dengue virus infections, Dengue",,-
IDAHO,2023,29,"Dengue virus infections, Dengue",,-
MONTANA,2023,29,"Dengue virus infections, Dengue",,-
NEVADA,2023,29,"Dengue virus infections, Dengue",,-
NEW MEXICO,2023,29,"Dengue virus infections, Dengue",,-
UTAH,2023,29,"Dengue virus infections, Dengue",,-
WYOMING,2023,29,"Dengue virus infections, Dengue",,-
PACIFIC,2023,29,"Dengue virus infections, Dengue",,-
ALASKA,2023,29,"Dengue virus infections, Dengue",,-
CALIFORNIA,2023,29,"Dengue virus infections, Dengue",,-
HAWAII,2023,29,"Dengue virus infections, Dengue",,-
OREGON,2023,29,"Dengue virus infections, Dengue",,-
WASHINGTON,2023,29,"Dengue virus infections, Dengue",,-
US TERRITORIES,2023,29,"Dengue virus infections, Dengue",,-
AMERICAN SAMOA,2023,29,"Dengue virus infections, Dengue",,-
NORTHERN MARIANA ISLANDS,2023,29,"Dengue virus infections, Dengue",,-
GUAM,2023,29,"Dengue virus infections, Dengue",,-
PUERTO RICO,2023,29,"Dengue virus infections, Dengue",,-
U.S. VIRGIN ISLANDS,2023,29,"Dengue virus infections, Dengue",,-
NON-US RESIDENTS,2023,29,"Dengue virus infections, Dengue",,-
TOTAL,2023,29,"Dengue virus infections, Dengue",2,-
US RESIDENTS,2023,30,"Dengue virus infections, Dengue",2,-
NEW ENGLAND,2023,30,"Dengue virus infections, Dengue",,-
CONNECTICUT,2023,30,"Dengue virus infections, Dengue",,-
MAINE,2023,30,"Dengue virus infections, Dengue",,-
MASSACHUSETTS,2023,30,"Dengue virus infections, Dengue",,-
NEW HAMPSHIRE,2023,30,"Dengue virus infections, Dengue",,-
RHODE ISLAND,2023,30,"Dengue virus infections, Dengue",,-
VERMONT,2023,30,"Dengue virus infections, Dengue",,-
MIDDLE ATLANTIC,2023,30,"Dengue virus infections, Dengue",1,-
NEW JERSEY,2023,30,"Dengue virus infections, Dengue",,-
NEW YORK,2023,30,"Dengue virus infections, Dengue",1,-
NEW YORK CITY,2023,30,"Dengue virus infections, Dengue",,-
PENNSYLVANIA,2023,30,"Dengue virus infections, Dengue",,-
EAST NORTH CENTRAL,2023,30,"Dengue virus infections, Dengue",,-
ILLINOIS,2023,30,"Dengue virus infections, Dengue",,-
INDIANA,2023,30,"Dengue virus infections, Dengue",,-
MICHIGAN,2023,30,"Dengue virus infections, Dengue",,-
OHIO,2023,30,"Dengue virus infections, Dengue",,-
WISCONSIN,2023,30,"Dengue virus infections, Dengue",,-
WEST NORTH CENTRAL,2023,30,"Dengue virus infections, Dengue",,-
IOWA,2023,30,"Dengue virus infections, Dengue",,-
KANSAS,2023,30,"Dengue virus infections, Dengue",,-
MINNESOTA,2023,30,"Dengue virus infections, Dengue",,-
MISSOURI,2023,30,"Dengue virus infections, Dengue",,-
NEBRASKA,2023,30,"Dengue virus infections, Dengue",,-
NORTH DAKOTA,2023,30,"Dengue virus infections, Dengue",,-
SOUTH DAKOTA,2023,30,"Dengue virus infections, Dengue",,-
SOUTH ATLANTIC,2023,30,"Dengue virus infections, Dengue",,-
DELAWARE,2023,30,"Dengue virus infections, Dengue",,-
DISTRICT OF COLUMBIA,2023,30,"Dengue virus infections, Dengue",,-
FLORIDA,2023,30,"Dengue virus infections, Dengue",,-
GEORGIA,2023,30,"Dengue virus infections, Dengue",,-
MARYLAND,2023,30,"Dengue virus infections, Dengue",,-
NORTH CAROLINA,2023,30,"Dengue virus infections, Dengue",,-
SOUTH CAROLINA,2023,30,"Dengue virus infections, Dengue",,-
VIRGINIA,2023,30,"Dengue virus infections, Dengue",,-
WEST VIRGINIA,2023,30,"Dengue virus infections, Dengue",,-
EAST SOUTH CENTRAL,2023,30,"Dengue virus infections, Dengue",,-
ALABAMA,2023,30,"Dengue virus infections, Dengue",,-
KENTUCKY,2023,30,"Dengue virus infections, Dengue",,-
MISSISSIPPI,2023,30,"Dengue virus infections, Dengue",,-
TENNESSEE,2023,30,"Dengue virus infections, Dengue",,-
WEST SOUTH CENTRAL,2023,30,"Dengue virus infections, Dengue",,-
ARKANSAS,2023,30,"Dengue virus infections, Dengue",,-
LOUISIANA,2023,30,"Dengue virus infections, Dengue",,-
OKLAHOMA,2023,30,"Dengue virus infections, Dengue",,-
TEXAS,2023,30,"Dengue virus infections, Dengue",,-
MOUNTAIN,2023,30,"Dengue virus infections, Dengue",1,-
ARIZONA,2023,30,"Dengue virus infections, Dengue",1,-
COLORADO,2023,30,"Dengue virus infections, Dengue",,-
IDAHO,2023,30,"Dengue virus infections, Dengue",,-
MONTANA,2023,30,"Dengue virus infections, Dengue",,-
NEVADA,2023,30,"Dengue virus infections, Dengue",,-
NEW MEXICO,2023,30,"Dengue virus infections, Dengue",,-
UTAH,2023,30,"Dengue virus infections, Dengue",,-
WYOMING,2023,30,"Dengue virus infections, Dengue",,-
PACIFIC,2023,30,"Dengue virus infections, Dengue",,-
ALASKA,2023,30,"Dengue virus infections, Dengue",,-
CALIFORNIA,2023,30,"Dengue virus infections, Dengue",,-
HAWAII,2023,30,"Dengue virus infections, Dengue",,-
OREGON,2023,30,"Dengue virus infections, Dengue",,-
WASHINGTON,2023,30,"Dengue virus infections, Dengue",,-
US TERRITORIES,2023,30,"Dengue virus infections, Dengue",,-
AMERICAN SAMOA,2023,30,"Dengue virus infections, Dengue",,-
NORTHERN MARIANA ISLANDS,2023,30,"Dengue virus infections, Dengue",,-
GUAM,2023,30,"Dengue virus infections, Dengue",,-
PUERTO RICO,2023,30,"Dengue virus infections, Dengue",,-
U.S. VIRGIN ISLANDS,2023,30,"Dengue virus infections, Dengue",,-
NON-US RESIDENTS,2023,30,"Dengue virus infections, Dengue",,-
TOTAL,2023,30,"Dengue virus infections, Dengue",2,-
US RESIDENTS,2023,31,"Dengue virus infections, Dengue",2,-
NEW ENGLAND,2023,31,"Dengue virus infections, Dengue",,-
CONNECTICUT,2023,31,"Dengue virus infections, Dengue",,-
MAINE,2023,31,"Dengue virus infections, Dengue",,-
MASSACHUSETTS,2023,31,"Dengue virus infections, Dengue",,-
NEW HAMPSHIRE,2023,31,"Dengue virus infections, Dengue",,-
RHODE ISLAND,2023,31,"Dengue virus infections, Dengue",,-
VERMONT,2023,31,"Dengue virus infections, Dengue",,-
MIDDLE ATLANTIC,2023,31,"Dengue virus infections, Dengue",,-
NEW JERSEY,2023,31,"Dengue virus infections, Dengue",,-
NEW YORK,2023,31,"Dengue virus infections, Dengue",,-
NEW YORK CITY,2023,31,"Dengue virus infections, Dengue",,-
PENNSYLVANIA,2023,31,"Dengue virus infections, Dengue",,-
EAST NORTH CENTRAL,2023,31,"Dengue virus infections, Dengue",,-
ILLINOIS,2023,31,"Dengue virus infections, Dengue",,-
INDIANA,2023,31,"Dengue virus infections, Dengue",,-
MICHIGAN,2023,31,"Dengue virus infections, Dengue",,-
OHIO,2023,31,"Dengue virus infections, Dengue",,-
WISCONSIN,2023,31,"Dengue virus infections, Dengue",,-
WEST NORTH CENTRAL,2023,31,"Dengue virus infections, Dengue",,-
IOWA,2023,31,"Dengue virus infections, Dengue",,-
KANSAS,2023,31,"Dengue virus infections, Dengue",,-
MINNESOTA,2023,31,"Dengue virus infections, Dengue",,-
MISSOURI,2023,31,"Dengue virus infections, Dengue",,-
NEBRASKA,2023,31,"Dengue virus infections, Dengue",,-
NORTH DAKOTA,2023,31,"Dengue virus infections, Dengue",,-
SOUTH DAKOTA,2023,31,"Dengue virus infections, Dengue",,-
SOUTH ATLANTIC,2023,31,"Dengue virus infections, Dengue",2,-
DELAWARE,2023,31,"Dengue virus infections, Dengue",,-
DISTRICT OF COLUMBIA,2023,31,"Dengue virus infections, Dengue",,-
FLORIDA,2023,31,"Dengue virus infections, Dengue",,-
GEORGIA,2023,31,"Dengue virus infections, Dengue",,-
MARYLAND,2023,31,"Dengue virus infections, Dengue",,-
NORTH CAROLINA,2023,31,"Dengue virus infections, Dengue",,-
SOUTH CAROLINA,2023,31,"Dengue virus infections, Dengue",,-
VIRGINIA,2023,31,"Dengue virus infections, Dengue",2,-
WEST VIRGINIA,2023,31,"Dengue virus infections, Dengue",,-
EAST SOUTH CENTRAL,2023,31,"Dengue virus infections, Dengue",,-
ALABAMA,2023,31,"Dengue virus infections, Dengue",,-
KENTUCKY,2023,31,"Dengue virus infections, Dengue",,-
MISSISSIPPI,2023,31,"Dengue virus infections, Dengue",,-
TENNESSEE,2023,31,"Dengue virus infections, Dengue",,-
WEST SOUTH CENTRAL,2023,31,"Dengue virus infections, Dengue",,-
ARKANSAS,2023,31,"Dengue virus infections, Dengue",,-
LOUISIANA,2023,31,"Dengue virus infections, Dengue",,-
OKLAHOMA,2023,31,"Dengue virus infections, Dengue",,-
TEXAS,2023,31,"Dengue virus infections, Dengue",,-
MOUNTAIN,2023,31,"Dengue virus infections, Dengue",,-
ARIZONA,2023,31,"Dengue virus infections, Dengue",,-
COLORADO,2023,31,"Dengue virus infections, Dengue",,-
IDAHO,2023,31,"Dengue virus infections, Dengue",,-
MONTANA,2023,31,"Dengue virus infections, Dengue",,-
NEVADA,2023,31,"Dengue virus infections, Dengue",,-
NEW MEXICO,2023,31,"Dengue virus infections, Dengue",,-
UTAH,2023,31,"Dengue virus infections, Dengue",,-
WYOMING,2023,31,"Dengue virus infections, Dengue",,-
PACIFIC,2023,31,"Dengue virus infections, Dengue",,-
ALASKA,2023,31,"Dengue virus infections, Dengue",,-
CALIFORNIA,2023,31,"Dengue virus infections, Dengue",,-
HAWAII,2023,31,"Dengue virus infections, Dengue",,-
OREGON,2023,31,"Dengue virus infections, Dengue",,-
WASHINGTON,2023,31,"Dengue virus infections, Dengue",,-
US TERRITORIES,2023,31,"Dengue virus infections, Dengue",,-
AMERICAN SAMOA,2023,31,"Dengue virus infections, Dengue",,-
NORTHERN MARIANA ISLANDS,2023,31,"Dengue virus infections, Dengue",,-
GUAM,2023,31,"Dengue virus infections, Dengue",,-
PUERTO RICO,2023,31,"Dengue virus infections, Dengue",,-
U.S. VIRGIN ISLANDS,2023,31,"Dengue virus infections, Dengue",,-
NON-US RESIDENTS,2023,31,"Dengue virus infections, Dengue",,-
TOTAL,2023,31,"Dengue virus infections, Dengue",2,-
US RESIDENTS,2023,32,"Dengue virus infections, Dengue",,-
NEW ENGLAND,2023,32,"Dengue virus infections, Dengue",,-
CONNECTICUT,2023,32,"Dengue virus infections, Dengue",,-
MAINE,2023,32,"Dengue virus infections, Dengue",,-
MASSACHUSETTS,2023,32,"Dengue virus infections, Dengue",,-
NEW HAMPSHIRE,2023,32,"Dengue virus infections, Dengue",,-
RHODE ISLAND,2023,32,"Dengue virus infections, Dengue",,-
VERMONT,2023,32,"Dengue virus infections, Dengue",,-
MIDDLE ATLANTIC,2023,32,"Dengue virus infections, Dengue",,-
NEW JERSEY,2023,32,"Dengue virus infections, Dengue",,-
NEW YORK,2023,32,"Dengue virus infections, Dengue",,-
NEW YORK CITY,2023,32,"Dengue virus infections, Dengue",,-
PENNSYLVANIA,2023,32,"Dengue virus infections, Dengue",,-
EAST NORTH CENTRAL,2023,32,"Dengue virus infections, Dengue",,-
ILLINOIS,2023,32,"Dengue virus infections, Dengue",,-
INDIANA,2023,32,"Dengue virus infections, Dengue",,-
MICHIGAN,2023,32,"Dengue virus infections, Dengue",,-
OHIO,2023,32,"Dengue virus infections, Dengue",,-
WISCONSIN,2023,32,"Dengue virus infections, Dengue",,-
WEST NORTH CENTRAL,2023,32,"Dengue virus infections, Dengue",,-
IOWA,2023,32,"Dengue virus infections, Dengue",,-
KANSAS,2023,32,"Dengue virus infections, Dengue",,-
MINNESOTA,2023,32,"Dengue virus infections, Dengue",,-
MISSOURI,2023,32,"Dengue virus infections, Dengue",,-
NEBRASKA,2023,32,"Dengue virus infections, Dengue",,-
NORTH DAKOTA,2023,32,"Dengue virus infections, Dengue",,-
SOUTH DAKOTA,2023,32,"Dengue virus infections, Dengue",,-
SOUTH ATLANTIC,2023,32,"Dengue virus infections, Dengue",,-
DELAWARE,2023,32,"Dengue virus infections, Dengue",,-
DISTRICT OF COLUMBIA,2023,32,"Dengue virus infections, Dengue",,-
FLORIDA,2023,32,"Dengue virus infections, Dengue",,-
GEORGIA,2023,32,"Dengue virus infections, Dengue",,-
MARYLAND,2023,32,"Dengue virus infections, Dengue",,-
NORTH CAROLINA,2023,32,"Dengue virus infections, Dengue",,-
SOUTH CAROLINA,2023,32,"Dengue virus infections, Dengue",,-
VIRGINIA,2023,32,"Dengue virus infections, Dengue",,-
WEST VIRGINIA,2023,32,"Dengue virus infections, Dengue",,-
EAST SOUTH CENTRAL,2023,32,"Dengue virus infections, Dengue",,-
ALABAMA,2023,32,"Dengue virus infections, Dengue",,-
KENTUCKY,2023,32,"Dengue virus infections, Dengue",,-
MISSISSIPPI,2023,32,"Dengue virus infections, Dengue",,-
TENNESSEE,2023,32,"Dengue virus infections, Dengue",,-
WEST SOUTH CENTRAL,2023,32,"Dengue virus infections, Dengue",,-
ARKANSAS,2023,32,"Dengue virus infections, Dengue",,-
LOUISIANA,2023,32,"Dengue virus infections, Dengue",,-
OKLAHOMA,2023,32,"Dengue virus infections, Dengue",,-
TEXAS,2023,32,"Dengue virus infections, Dengue",,-
MOUNTAIN,2023,32,"Dengue virus infections, Dengue",,-
ARIZONA,2023,32,"Dengue virus infections, Dengue",,-
COLORADO,2023,32,"Dengue virus infections, Dengue",,-
IDAHO,2023,32,"Dengue virus infections, Dengue",,-
MONTANA,2023,32,"Dengue virus infections, Dengue",,-
NEVADA,2023,32,"Dengue virus infections, Dengue",,-
NEW MEXICO,2023,32,"Dengue virus infections, Dengue",,-
UTAH,2023,32,"Dengue virus infections, Dengue",,-
WYOMING,2023,32,"Dengue virus infections, Dengue",,-
PACIFIC,2023,32,"Dengue virus infections, Dengue",,-
ALASKA,2023,32,"Dengue virus infections, Dengue",,-
CALIFORNIA,2023,32,"Dengue virus infections, Dengue",,-
HAWAII,2023,32,"Dengue virus infections, Dengue",,-
OREGON,2023,32,"Dengue virus infections, Dengue",,-
WASHINGTON,2023,32,"Dengue virus infections, Dengue",,-
US TERRITORIES,2023,32,"Dengue virus infections, Dengue",,-
AMERICAN SAMOA,2023,32,"Dengue virus infections, Dengue",,-
NORTHERN MARIANA ISLANDS,2023,32,"Dengue virus infections, Dengue",,-
GUAM,2023,32,"Dengue virus infections, Dengue",,-
PUERTO RICO,2023,32,"Dengue virus infections, Dengue",,-
U.S. VIRGIN ISLANDS,2023,32,"Dengue virus infections, Dengue",,-
NON-US RESIDENTS,2023,32,"Dengue virus infections, Dengue",,-
TOTAL,2023,32,"Dengue virus infections, Dengue",,-
US RESIDENTS,2023,33,"Dengue virus infections, Dengue",5,-
NEW ENGLAND,2023,33,"Dengue virus infections, Dengue",,-
CONNECTICUT,2023,33,"Dengue virus infections, Dengue",,-
MAINE,2023,33,"Dengue virus infections, Dengue",,-
MASSACHUSETTS,2023,33,"Dengue virus infections, Dengue",,-
NEW HAMPSHIRE,2023,33,"Dengue virus infections, Dengue",,-
RHODE ISLAND,2023,33,"Dengue virus infections, Dengue",,-
VERMONT,2023,33,"Dengue virus infections, Dengue",,-
MIDDLE ATLANTIC,2023,33,"Dengue virus infections, Dengue",4,-
NEW JERSEY,2023,33,"Dengue virus infections, Dengue",,-
NEW YORK,2023,33,"Dengue virus infections, Dengue",4,-
NEW YORK CITY,2023,33,"Dengue virus infections, Dengue",,-
PENNSYLVANIA,2023,33,"Dengue virus infections, Dengue",,-
EAST NORTH CENTRAL,2023,33,"Dengue virus infections, Dengue",,-
ILLINOIS,2023,33,"Dengue virus infections, Dengue",,-
INDIANA,2023,33,"Dengue virus infections, Dengue",,-
MICHIGAN,2023,33,"Dengue virus infections, Dengue",,-
OHIO,2023,33,"Dengue virus infections, Dengue",,-
WISCONSIN,2023,33,"Dengue virus infections, Dengue",,-
WEST NORTH CENTRAL,2023,33,"Dengue virus infections, Dengue",,-
IOWA,2023,33,"Dengue virus infections, Dengue",,-
KANSAS,2023,33,"Dengue virus infections, Dengue",,-
MINNESOTA,2023,33,"Dengue virus infections, Dengue",,-
MISSOURI,2023,33,"Dengue virus infections, Dengue",,-
NEBRASKA,2023,33,"Dengue virus infections, Dengue",,-
NORTH DAKOTA,2023,33,"Dengue virus infections, Dengue",,-
SOUTH DAKOTA,2023,33,"Dengue virus infections, Dengue",,-
SOUTH ATLANTIC,2023,33,"Dengue virus infections, Dengue",1,-
DELAWARE,2023,33,"Dengue virus infections, Dengue",,-
DISTRICT OF COLUMBIA,2023,33,"Dengue virus infections, Dengue",,-
FLORIDA,2023,33,"Dengue virus infections, Dengue",,-
GEORGIA,2023,33,"Dengue virus infections, Dengue",,-
MARYLAND,2023,33,"Dengue virus infections, Dengue",,-
NORTH CAROLINA,2023,33,"Dengue virus infections, Dengue",,-
SOUTH CAROLINA,2023,33,"Dengue virus infections, Dengue",,-
VIRGINIA,2023,33,"Dengue virus infections, Dengue",1,-
WEST VIRGINIA,2023,33,"Dengue virus infections, Dengue",,-
EAST SOUTH CENTRAL,2023,33,"Dengue virus infections, Dengue",,-
ALABAMA,2023,33,"Dengue virus infections, Dengue",,-
KENTUCKY,2023,33,"Dengue virus infections, Dengue",,-
MISSISSIPPI,2023,33,"Dengue virus infections, Dengue",,-
TENNESSEE,2023,33,"Dengue virus infections, Dengue",,-
WEST SOUTH CENTRAL,2023,33,"Dengue virus infections, Dengue",,-
ARKANSAS,2023,33,"Dengue virus infections, Dengue",,-
LOUISIANA,2023,33,"Dengue virus infections, Dengue",,-
OKLAHOMA,2023,33,"Dengue virus infections, Dengue",,-
TEXAS,2023,33,"Dengue virus infections, Dengue",,-
MOUNTAIN,2023,33,"Dengue virus infections, Dengue",,-
ARIZONA,2023,33,"Dengue virus infections, Dengue",,-
COLORADO,2023,33,"Dengue virus infections, Dengue",,-
IDAHO,2023,33,"Dengue virus infections, Dengue",,-
MONTANA,2023,33,"Dengue virus infections, Dengue",,-
NEVADA,2023,33,"Dengue virus infections, Dengue",,-
NEW MEXICO,2023,33,"Dengue virus infections, Dengue",,-
UTAH,2023,33,"Dengue virus infections, Dengue",,-
WYOMING,2023,33,"Dengue virus infections, Dengue",,-
PACIFIC,2023,33,"Dengue virus infections, Dengue",,-
ALASKA,2023,33,"Dengue virus infections, Dengue",,-
CALIFORNIA,2023,33,"Dengue virus infections, Dengue",,-
HAWAII,2023,33,"Dengue virus infections, Dengue",,-
OREGON,2023,33,"Dengue virus infections, Dengue",,-
WASHINGTON,2023,33,"Dengue virus infections, Dengue",,-
US TERRITORIES,2023,33,"Dengue virus infections, Dengue",,-
AMERICAN SAMOA,2023,33,"Dengue virus infections, Dengue",,-
NORTHERN MARIANA ISLANDS,2023,33,"Dengue virus infections, Dengue",,-
GUAM,2023,33,"Dengue virus infections, Dengue",,-
PUERTO RICO,2023,33,"Dengue virus infections, Dengue",,-
U.S. VIRGIN ISLANDS,2023,33,"Dengue virus infections, Dengue",,-
NON-US RESIDENTS,2023,33,"Dengue virus infections, Dengue",,-
TOTAL,2023,33,"Dengue virus infections, Dengue",5,-
US RESIDENTS,2023,34,"Dengue virus infections, Dengue",4,-
NEW ENGLAND,2023,34,"Dengue virus infections, Dengue",,-
CONNECTICUT,2023,34,"Dengue virus infections, Dengue",,-
MAINE,2023,34,"Dengue virus infections, Dengue",,-
MASSACHUSETTS,2023,34,"Dengue virus infections, Dengue",,-
NEW HAMPSHIRE,2023,34,"Dengue virus infections, Dengue",,-
RHODE ISLAND,2023,34,"Dengue virus infections, Dengue",,-
VERMONT,2023,34,"Dengue virus infections, Dengue",,-
MIDDLE ATLANTIC,2023,34,"Dengue virus infections, Dengue",1,-
NEW JERSEY,2023,34,"Dengue virus infections, Dengue",,-
NEW YORK,2023,34,"Dengue virus infections, Dengue",1,-
NEW YORK CITY,2023,34,"Dengue virus infections, Dengue",,-
PENNSYLVANIA,2023,34,"Dengue virus infections, Dengue",,-
EAST NORTH CENTRAL,2023,34,"Dengue virus infections, Dengue",,-
ILLINOIS,2023,34,"Dengue virus infections, Dengue",,-
INDIANA,2023,34,"Dengue virus infections, Dengue",,-
MICHIGAN,2023,34,"Dengue virus infections, Dengue",,-
OHIO,2023,34,"Dengue virus infections, Dengue",,-
WISCONSIN,2023,34,"Dengue virus infections, Dengue",,-
WEST NORTH CENTRAL,2023,34,"Dengue virus infections, Dengue",,-
IOWA,2023,34,"Dengue virus infections, Dengue",,-
KANSAS,2023,34,"Dengue virus infections, Dengue",,-
MINNESOTA,2023,34,"Dengue virus infections, Dengue",,-
MISSOURI,2023,34,"Dengue virus infections, Dengue",,-
NEBRASKA,2023,34,"Dengue virus infections, Dengue",,-
NORTH DAKOTA,2023,34,"Dengue virus infections, Dengue",,-
SOUTH DAKOTA,2023,34,"Dengue virus infections, Dengue",,-
SOUTH ATLANTIC,2023,34,"Dengue virus infections, Dengue",3,-
DELAWARE,2023,34,"Dengue virus infections, Dengue",,-
DISTRICT OF COLUMBIA,2023,34,"Dengue virus infections, Dengue",,-
FLORIDA,2023,34,"Dengue virus infections, Dengue",3,-
GEORGIA,2023,34,"Dengue virus infections, Dengue",,-
MARYLAND,2023,34,"Dengue virus infections, Dengue",,-
NORTH CAROLINA,2023,34,"Dengue virus infections, Dengue",,-
SOUTH CAROLINA,2023,34,"Dengue virus infections, Dengue",,-
VIRGINIA,2023,34,"Dengue virus infections, Dengue",,-
WEST VIRGINIA,2023,34,"Dengue virus infections, Dengue",,-
EAST SOUTH CENTRAL,2023,34,"Dengue virus infections, Dengue",,-
ALABAMA,2023,34,"Dengue virus infections, Dengue",,-
KENTUCKY,2023,34,"Dengue virus infections, Dengue",,-
MISSISSIPPI,2023,34,"Dengue virus infections, Dengue",,-
TENNESSEE,2023,34,"Dengue virus infections, Dengue",,-
WEST SOUTH CENTRAL,2023,34,"Dengue virus infections, Dengue",,-
ARKANSAS,2023,34,"Dengue virus infections, Dengue",,-
LOUISIANA,2023,34,"Dengue virus infections, Dengue",,-
OKLAHOMA,2023,34,"Dengue virus infections, Dengue",,-
TEXAS,2023,34,"Dengue virus infections, Dengue",,-
MOUNTAIN,2023,34,"Dengue virus infections, Dengue",,-
ARIZONA,2023,34,"Dengue virus infections, Dengue",,-
COLORADO,2023,34,"Dengue virus infections, Dengue",,-
IDAHO,2023,34,"Dengue virus infections, Dengue",,-
MONTANA,2023,34,"Dengue virus infections, Dengue",,-
NEVADA,2023,34,"Dengue virus infections, Dengue",,-
NEW MEXICO,2023,34,"Dengue virus infections, Dengue",,-
UTAH,2023,34,"Dengue virus infections, Dengue",,-
WYOMING,2023,34,"Dengue virus infections, Dengue",,-
PACIFIC,2023,34,"Dengue virus infections, Dengue",,-
ALASKA,2023,34,"Dengue virus infections, Dengue",,-
CALIFORNIA,2023,34,"Dengue virus infections, Dengue",,-
HAWAII,2023,34,"Dengue virus infections, Dengue",,-
OREGON,2023,34,"Dengue virus infections, Dengue",,-
WASHINGTON,2023,34,"Dengue virus infections, Dengue",,-
US TERRITORIES,2023,34,"Dengue virus infections, Dengue",,-
AMERICAN SAMOA,2023,34,"Dengue virus infections, Dengue",,-
NORTHERN MARIANA ISLANDS,2023,34,"Dengue virus infections, Dengue",,-
GUAM,2023,34,"Dengue virus infections, Dengue",,-
PUERTO RICO,2023,34,"Dengue virus infections, Dengue",,-
U.S. VIRGIN ISLANDS,2023,34,"Dengue virus infections, Dengue",,-
NON-US RESIDENTS,2023,34,"Dengue virus infections, Dengue",,-
TOTAL,2023,34,"Dengue virus infections, Dengue",4,-
US RESIDENTS,2023,35,"Dengue virus infections, Dengue",2,-
NEW ENGLAND,2023,35,"Dengue virus infections, Dengue",,-
CONNECTICUT,2023,35,"Dengue virus infections, Dengue",,-
MAINE,2023,35,"Dengue virus infections, Dengue",,-
MASSACHUSETTS,2023,35,"Dengue virus infections, Dengue",,-
NEW HAMPSHIRE,2023,35,"Dengue virus infections, Dengue",,-
RHODE ISLAND,2023,35,"Dengue virus infections, Dengue",,-
VERMONT,2023,35,"Dengue virus infections, Dengue",,-
MIDDLE ATLANTIC,2023,35,"Dengue virus infections, Dengue",,-
NEW JERSEY,2023,35,"Dengue virus infections, Dengue",,-
NEW YORK,2023,35,"Dengue virus infections, Dengue",,-
NEW YORK CITY,2023,35,"Dengue virus infections, Dengue",,-
PENNSYLVANIA,2023,35,"Dengue virus infections, Dengue",,-
EAST NORTH CENTRAL,2023,35,"Dengue virus infections, Dengue",,-
ILLINOIS,2023,35,"Dengue virus infections, Dengue",,-
INDIANA,2023,35,"Dengue virus infections, Dengue",,-
MICHIGAN,2023,35,"Dengue virus infections, Dengue",,-
OHIO,2023,35,"Dengue virus infections, Dengue",,-
WISCONSIN,2023,35,"Dengue virus infections, Dengue",,-
WEST NORTH CENTRAL,2023,35,"Dengue virus infections, Dengue",,-
IOWA,2023,35,"Dengue virus infections, Dengue",,-
KANSAS,2023,35,"Dengue virus infections, Dengue",,-
MINNESOTA,2023,35,"Dengue virus infections, Dengue",,-
MISSOURI,2023,35,"Dengue virus infections, Dengue",,-
NEBRASKA,2023,35,"Dengue virus infections, Dengue",,-
NORTH DAKOTA,2023,35,"Dengue virus infections, Dengue",,-
SOUTH DAKOTA,2023,35,"Dengue virus infections, Dengue",,-
SOUTH ATLANTIC,2023,35,"Dengue virus infections, Dengue",2,-
DELAWARE,2023,35,"Dengue virus infections, Dengue",,-
DISTRICT OF COLUMBIA,2023,35,"Dengue virus infections, Dengue",,-
FLORIDA,2023,35,"Dengue virus infections, Dengue",,-
GEORGIA,2023,35,"Dengue virus infections, Dengue",,-
MARYLAND,2023,35,"Dengue virus infections, Dengue",1,-
NORTH CAROLINA,2023,35,"Dengue virus infections, Dengue",,-
SOUTH CAROLINA,2023,35,"Dengue virus infections, Dengue",,-
VIRGINIA,2023,35,"Dengue virus infections, Dengue",1,-
WEST VIRGINIA,2023,35,"Dengue virus infections, Dengue",,-
EAST SOUTH CENTRAL,2023,35,"Dengue virus infections, Dengue",,-
ALABAMA,2023,35,"Dengue virus infections, Dengue",,-
KENTUCKY,2023,35,"Dengue virus infections, Dengue",,-
MISSISSIPPI,2023,35,"Dengue virus infections, Dengue",,-
TENNESSEE,2023,35,"Dengue virus infections, Dengue",,-
WEST SOUTH CENTRAL,2023,35,"Dengue virus infections, Dengue",,-
ARKANSAS,2023,35,"Dengue virus infections, Dengue",,-
LOUISIANA,2023,35,"Dengue virus infections, Dengue",,-
OKLAHOMA,2023,35,"Dengue virus infections, Dengue",,-
TEXAS,2023,35,"Dengue virus infections, Dengue",,-
MOUNTAIN,2023,35,"Dengue virus infections, Dengue",,-
ARIZONA,2023,35,"Dengue virus infections, Dengue",,-
COLORADO,2023,35,"Dengue virus infections, Dengue",,-
IDAHO,2023,35,"Dengue virus infections, Dengue",,-
MONTANA,2023,35,"Dengue virus infections, Dengue",,-
NEVADA,2023,35,"Dengue virus infections, Dengue",,-
NEW MEXICO,2023,35,"Dengue virus infections, Dengue",,-
UTAH,2023,35,"Dengue virus infections, Dengue",,-
WYOMING,2023,35,"Dengue virus infections, Dengue",,-
PACIFIC,2023,35,"Dengue virus infections, Dengue",,-
ALASKA,2023,35,"Dengue virus infections, Dengue",,-
CALIFORNIA,2023,35,"Dengue virus infections, Dengue",,-
HAWAII,2023,35,"Dengue virus infections, Dengue",,-
OREGON,2023,35,"Dengue virus infections, Dengue",,-
WASHINGTON,2023,35,"Dengue virus infections, Dengue",,-
US TERRITORIES,2023,35,"Dengue virus infections, Dengue",,-
AMERICAN SAMOA,2023,35,"Dengue virus infections, Dengue",,-
NORTHERN MARIANA ISLANDS,2023,35,"Dengue virus infections, Dengue",,-
GUAM,2023,35,"Dengue virus infections, Dengue",,-
PUERTO RICO,2023,35,"Dengue virus infections, Dengue",,-
U.S. VIRGIN ISLANDS,2023,35,"Dengue virus infections, Dengue",,-
NON-US RESIDENTS,2023,35,"Dengue virus infections, Dengue",,-
TOTAL,2023,35,"Dengue virus infections, Dengue",2,-
US RESIDENTS,2023,36,"Dengue virus infections, Dengue",3,-
NEW ENGLAND,2023,36,"Dengue virus infections, Dengue",,-
CONNECTICUT,2023,36,"Dengue virus infections, Dengue",,-
MAINE,2023,36,"Dengue virus infections, Dengue",,-
MASSACHUSETTS,2023,36,"Dengue virus infections, Dengue",,-
NEW HAMPSHIRE,2023,36,"Dengue virus infections, Dengue",,-
RHODE ISLAND,2023,36,"Dengue virus infections, Dengue",,-
VERMONT,2023,36,"Dengue virus infections, Dengue",,-
MIDDLE ATLANTIC,2023,36,"Dengue virus infections, Dengue",,-
NEW JERSEY,2023,36,"Dengue virus infections, Dengue",,-
NEW YORK,2023,36,"Dengue virus infections, Dengue",,-
NEW YORK CITY,2023,36,"Dengue virus infections, Dengue",,-
PENNSYLVANIA,2023,36,"Dengue virus infections, Dengue",,-
EAST NORTH CENTRAL,2023,36,"Dengue virus infections, Dengue",,-
ILLINOIS,2023,36,"Dengue virus infections, Dengue",,-
INDIANA,2023,36,"Dengue virus infections, Dengue",,-
MICHIGAN,2023,36,"Dengue virus infections, Dengue",,-
OHIO,2023,36,"Dengue virus infections, Dengue",,-
WISCONSIN,2023,36,"Dengue virus infections, Dengue",,-
WEST NORTH CENTRAL,2023,36,"Dengue virus infections, Dengue",,-
IOWA,2023,36,"Dengue virus infections, Dengue",,-
KANSAS,2023,36,"Dengue virus infections, Dengue",,-
MINNESOTA,2023,36,"Dengue virus infections, Dengue",,-
MISSOURI,2023,36,"Dengue virus infections, Dengue",,-
NEBRASKA,2023,36,"Dengue virus infections, Dengue",,-
NORTH DAKOTA,2023,36,"Dengue virus infections, Dengue",,-
SOUTH DAKOTA,2023,36,"Dengue virus infections, Dengue",,-
SOUTH ATLANTIC,2023,36,"Dengue virus infections, Dengue",,-
DELAWARE,2023,36,"Dengue virus infections, Dengue",,-
DISTRICT OF COLUMBIA,2023,36,"Dengue virus infections, Dengue",,-
FLORIDA,2023,36,"Dengue virus infections, Dengue",,-
GEORGIA,2023,36,"Dengue virus infections, Dengue",,-
MARYLAND,2023,36,"Dengue virus infections, Dengue",,-
NORTH CAROLINA,2023,36,"Dengue virus infections, Dengue",,-
SOUTH CAROLINA,2023,36,"Dengue virus infections, Dengue",,-
VIRGINIA,2023,36,"Dengue virus infections, Dengue",,-
WEST VIRGINIA,2023,36,"Dengue virus infections, Dengue",,-
EAST SOUTH CENTRAL,2023,36,"Dengue virus infections, Dengue",,-
ALABAMA,2023,36,"Dengue virus infections, Dengue",,-
KENTUCKY,2023,36,"Dengue virus infections, Dengue",,-
MISSISSIPPI,2023,36,"Dengue virus infections, Dengue",,-
TENNESSEE,2023,36,"Dengue virus infections, Dengue",,-
WEST SOUTH CENTRAL,2023,36,"Dengue virus infections, Dengue",2,-
ARKANSAS,2023,36,"Dengue virus infections, Dengue",2,-
LOUISIANA,2023,36,"Dengue virus infections, Dengue",,-
OKLAHOMA,2023,36,"Dengue virus infections, Dengue",,-
TEXAS,2023,36,"Dengue virus infections, Dengue",,-
MOUNTAIN,2023,36,"Dengue virus infections, Dengue",1,-
ARIZONA,2023,36,"Dengue virus infections, Dengue",1,-
COLORADO,2023,36,"Dengue virus infections, Dengue",,-
IDAHO,2023,36,"Dengue virus infections, Dengue",,-
MONTANA,2023,36,"Dengue virus infections, Dengue",,-
NEVADA,2023,36,"Dengue virus infections, Dengue",,-
NEW MEXICO,2023,36,"Dengue virus infections, Dengue",,-
UTAH,2023,36,"Dengue virus infections, Dengue",,-
WYOMING,2023,36,"Dengue virus infections, Dengue",,-
PACIFIC,2023,36,"Dengue virus infections, Dengue",,-
ALASKA,2023,36,"Dengue virus infections, Dengue",,-
CALIFORNIA,2023,36,"Dengue virus infections, Dengue",,-
HAWAII,2023,36,"Dengue virus infections, Dengue",,-
OREGON,2023,36,"Dengue virus infections, Dengue",,-
WASHINGTON,2023,36,"Dengue virus infections, Dengue",,-
US TERRITORIES,2023,36,"Dengue virus infections, Dengue",,-
AMERICAN SAMOA,2023,36,"Dengue virus infections, Dengue",,-
NORTHERN MARIANA ISLANDS,2023,36,"Dengue virus infections, Dengue",,-
GUAM,2023,36,"Dengue virus infections, Dengue",,-
PUERTO RICO,2023,36,"Dengue virus infections, Dengue",,-
U.S. VIRGIN ISLANDS,2023,36,"Dengue virus infections, Dengue",,-
NON-US RESIDENTS,2023,36,"Dengue virus infections, Dengue",,-
TOTAL,2023,36,"Dengue virus infections, Dengue",3,-
US RESIDENTS,2023,37,"Dengue virus infections, Dengue",12,-
NEW ENGLAND,2023,37,"Dengue virus infections, Dengue",,-
CONNECTICUT,2023,37,"Dengue virus infections, Dengue",,-
MAINE,2023,37,"Dengue virus infections, Dengue",,-
MASSACHUSETTS,2023,37,"Dengue virus infections, Dengue",,-
NEW HAMPSHIRE,2023,37,"Dengue virus infections, Dengue",,-
RHODE ISLAND,2023,37,"Dengue virus infections, Dengue",,-
VERMONT,2023,37,"Dengue virus infections, Dengue",,-
MIDDLE ATLANTIC,2023,37,"Dengue virus infections, Dengue",,-
NEW JERSEY,2023,37,"Dengue virus infections, Dengue",,-
NEW YORK,2023,37,"Dengue virus infections, Dengue",,-
NEW YORK CITY,2023,37,"Dengue virus infections, Dengue",,-
PENNSYLVANIA,2023,37,"Dengue virus infections, Dengue",,-
EAST NORTH CENTRAL,2023,37,"Dengue virus infections, Dengue",,-
ILLINOIS,2023,37,"Dengue virus infections, Dengue",,-
INDIANA,2023,37,"Dengue virus infections, Dengue",,-
MICHIGAN,2023,37,"Dengue virus infections, Dengue",,-
OHIO,2023,37,"Dengue virus infections, Dengue",,-
WISCONSIN,2023,37,"Dengue virus infections, Dengue",,-
WEST NORTH CENTRAL,2023,37,"Dengue virus infections, Dengue",,-
IOWA,2023,37,"Dengue virus infections, Dengue",,-
KANSAS,2023,37,"Dengue virus infections, Dengue",,-
MINNESOTA,2023,37,"Dengue virus infections, Dengue",,-
MISSOURI,2023,37,"Dengue virus infections, Dengue",,-
NEBRASKA,2023,37,"Dengue virus infections, Dengue",,-
NORTH DAKOTA,2023,37,"Dengue virus infections, Dengue",,-
SOUTH DAKOTA,2023,37,"Dengue virus infections, Dengue",,-
SOUTH ATLANTIC,2023,37,"Dengue virus infections, Dengue",9,-
DELAWARE,2023,37,"Dengue virus infections, Dengue",2,-
DISTRICT OF COLUMBIA,2023,37,"Dengue virus infections, Dengue",,-
FLORIDA,2023,37,"Dengue virus infections, Dengue",,-
GEORGIA,2023,37,"Dengue virus infections, Dengue",,-
MARYLAND,2023,37,"Dengue virus infections, Dengue",5,-
NORTH CAROLINA,2023,37,"Dengue virus infections, Dengue",,-
SOUTH CAROLINA,2023,37,"Dengue virus infections, Dengue",,-
VIRGINIA,2023,37,"Dengue virus infections, Dengue",2,-
WEST VIRGINIA,2023,37,"Dengue virus infections, Dengue",,-
EAST SOUTH CENTRAL,2023,37,"Dengue virus infections, Dengue",1,-
ALABAMA,2023,37,"Dengue virus infections, Dengue",1,-
KENTUCKY,2023,37,"Dengue virus infections, Dengue",,-
MISSISSIPPI,2023,37,"Dengue virus infections, Dengue",,-
TENNESSEE,2023,37,"Dengue virus infections, Dengue",,-
WEST SOUTH CENTRAL,2023,37,"Dengue virus infections, Dengue",,-
ARKANSAS,2023,37,"Dengue virus infections, Dengue",,-
LOUISIANA,2023,37,"Dengue virus infections, Dengue",,-
OKLAHOMA,2023,37,"Dengue virus infections, Dengue",,-
TEXAS,2023,37,"Dengue virus infections, Dengue",,-
MOUNTAIN,2023,37,"Dengue virus infections, Dengue",1,-
ARIZONA,2023,37,"Dengue virus infections, Dengue",1,-
COLORADO,2023,37,"Dengue virus infections, Dengue",,-
IDAHO,2023,37,"Dengue virus infections, Dengue",,-
MONTANA,2023,37,"Dengue virus infections, Dengue",,-
NEVADA,2023,37,"Dengue virus infections, Dengue",,-
NEW MEXICO,2023,37,"Dengue virus infections, Dengue",,-
UTAH,2023,37,"Dengue virus infections, Dengue",,-
WYOMING,2023,37,"Dengue virus infections, Dengue",,-
PACIFIC,2023,37,"Dengue virus infections, Dengue",1,-
ALASKA,2023,37,"Dengue virus infections, Dengue",,-
CALIFORNIA,2023,37,"Dengue virus infections, Dengue",,-
HAWAII,2023,37,"Dengue virus infections, Dengue",,-
OREGON,2023,37,"Dengue virus infections, Dengue",1,-
WASHINGTON,2023,37,"Dengue virus infections, Dengue",,-
US TERRITORIES,2023,37,"Dengue virus infections, Dengue",,-
AMERICAN SAMOA,2023,37,"Dengue virus infections, Dengue",,-
NORTHERN MARIANA ISLANDS,2023,37,"Dengue virus infections, Dengue",,-
GUAM,2023,37,"Dengue virus infections, Dengue",,-
PUERTO RICO,2023,37,"Dengue virus infections, Dengue",,-
U.S. VIRGIN ISLANDS,2023,37,"Dengue virus infections, Dengue",,-
NON-US RESIDENTS,2023,37,"Dengue virus infections, Dengue",,-
TOTAL,2023,37,"Dengue virus infections, Dengue",12,-
US RESIDENTS,2023,38,"Dengue virus infections, Dengue",6,-
NEW ENGLAND,2023,38,"Dengue virus infections, Dengue",,-
CONNECTICUT,2023,38,"Dengue virus infections, Dengue",,-
MAINE,2023,38,"Dengue virus infections, Dengue",,-
MASSACHUSETTS,2023,38,"Dengue virus infections, Dengue",,-
NEW HAMPSHIRE,2023,38,"Dengue virus infections, Dengue",,-
RHODE ISLAND,2023,38,"Dengue virus infections, Dengue",,-
VERMONT,2023,38,"Dengue virus infections, Dengue",,-
MIDDLE ATLANTIC,2023,38,"Dengue virus infections, Dengue",4,-
NEW JERSEY,2023,38,"Dengue virus infections, Dengue",,-
NEW YORK,2023,38,"Dengue virus infections, Dengue",4,-
NEW YORK CITY,2023,38,"Dengue virus infections, Dengue",,-
PENNSYLVANIA,2023,38,"Dengue virus infections, Dengue",,-
EAST NORTH CENTRAL,2023,38,"Dengue virus infections, Dengue",,-
ILLINOIS,2023,38,"Dengue virus infections, Dengue",,-
INDIANA,2023,38,"Dengue virus infections, Dengue",,-
MICHIGAN,2023,38,"Dengue virus infections, Dengue",,-
OHIO,2023,38,"Dengue virus infections, Dengue",,-
WISCONSIN,2023,38,"Dengue virus infections, Dengue",,-
WEST NORTH CENTRAL,2023,38,"Dengue virus infections, Dengue",,-
IOWA,2023,38,"Dengue virus infections, Dengue",,-
KANSAS,2023,38,"Dengue virus infections, Dengue",,-
MINNESOTA,2023,38,"Dengue virus infections, Dengue",,-
MISSOURI,2023,38,"Dengue virus infections, Dengue",,-
NEBRASKA,2023,38,"Dengue virus infections, Dengue",,-
NORTH DAKOTA,2023,38,"Dengue virus infections, Dengue",,-
SOUTH DAKOTA,2023,38,"Dengue virus infections, Dengue",,-
SOUTH ATLANTIC,2023,38,"Dengue virus infections, Dengue",2,-
DELAWARE,2023,38,"Dengue virus infections, Dengue",,-
DISTRICT OF COLUMBIA,2023,38,"Dengue virus infections, Dengue",,-
FLORIDA,2023,38,"Dengue virus infections, Dengue",,-
GEORGIA,2023,38,"Dengue virus infections, Dengue",,-
MARYLAND,2023,38,"Dengue virus infections, Dengue",1,-
NORTH CAROLINA,2023,38,"Dengue virus infections, Dengue",,-
SOUTH CAROLINA,2023,38,"Dengue virus infections, Dengue",,-
VIRGINIA,2023,38,"Dengue virus infections, Dengue",1,-
WEST VIRGINIA,2023,38,"Dengue virus infections, Dengue",,-
EAST SOUTH CENTRAL,2023,38,"Dengue virus infections, Dengue",,-
ALABAMA,2023,38,"Dengue virus infections, Dengue",,-
KENTUCKY,2023,38,"Dengue virus infections, Dengue",,-
MISSISSIPPI,2023,38,"Dengue virus infections, Dengue",,-
TENNESSEE,2023,38,"Dengue virus infections, Dengue",,-
WEST SOUTH CENTRAL,2023,38,"Dengue virus infections, Dengue",,-
ARKANSAS,2023,38,"Dengue virus infections, Dengue",,-
LOUISIANA,2023,38,"Dengue virus infections, Dengue",,-
OKLAHOMA,2023,38,"Dengue virus infections, Dengue",,-
TEXAS,2023,38,"Dengue virus infections, Dengue",,-
MOUNTAIN,2023,38,"Dengue virus infections, Dengue",,-
ARIZONA,2023,38,"Dengue virus infections, Dengue",,-
COLORADO,2023,38,"Dengue virus infections, Dengue",,-
IDAHO,2023,38,"Dengue virus infections, Dengue",,-
MONTANA,2023,38,"Dengue virus infections, Dengue",,-
NEVADA,2023,38,"Dengue virus infections, Dengue",,-
NEW MEXICO,2023,38,"Dengue virus infections, Dengue",,-
UTAH,2023,38,"Dengue virus infections, Dengue",,-
WYOMING,2023,38,"Dengue virus infections, Dengue",,-
PACIFIC,2023,38,"Dengue virus infections, Dengue",,-
ALASKA,2023,38,"Dengue virus infections, Dengue",,-
CALIFORNIA,2023,38,"Dengue virus infections, Dengue",,-
HAWAII,2023,38,"Dengue virus infections, Dengue",,-
OREGON,2023,38,"Dengue virus infections, Dengue",,-
WASHINGTON,2023,38,"Dengue virus infections, Dengue",,-
US TERRITORIES,2023,38,"Dengue virus infections, Dengue",,-
AMERICAN SAMOA,2023,38,"Dengue virus infections, Dengue",,-
NORTHERN MARIANA ISLANDS,2023,38,"Dengue virus infections, Dengue",,-
GUAM,2023,38,"Dengue virus infections, Dengue",,-
PUERTO RICO,2023,38,"Dengue virus infections, Dengue",,-
U.S. VIRGIN ISLANDS,2023,38,"Dengue virus infections, Dengue",,-
NON-US RESIDENTS,2023,38,"Dengue virus infections, Dengue",,-
TOTAL,2023,38,"Dengue virus infections, Dengue",6,-
US RESIDENTS,2023,39,"Dengue virus infections, Dengue",2,-
NEW ENGLAND,2023,39,"Dengue virus infections, Dengue",,-
CONNECTICUT,2023,39,"Dengue virus infections, Dengue",,-
MAINE,2023,39,"Dengue virus infections, Dengue",,-
MASSACHUSETTS,2023,39,"Dengue virus infections, Dengue",,-
NEW HAMPSHIRE,2023,39,"Dengue virus infections, Dengue",,-
RHODE ISLAND,2023,39,"Dengue virus infections, Dengue",,-
VERMONT,2023,39,"Dengue virus infections, Dengue",,-
MIDDLE ATLANTIC,2023,39,"Dengue virus infections, Dengue",1,-
NEW JERSEY,2023,39,"Dengue virus infections, Dengue",,-
NEW YORK,2023,39,"Dengue virus infections, Dengue",1,-
NEW YORK CITY,2023,39,"Dengue virus infections, Dengue",,-
PENNSYLVANIA,2023,39,"Dengue virus infections, Dengue",,-
EAST NORTH CENTRAL,2023,39,"Dengue virus infections, Dengue",,-
ILLINOIS,2023,39,"Dengue virus infections, Dengue",,-
INDIANA,2023,39,"Dengue virus infections, Dengue",,-
MICHIGAN,2023,39,"Dengue virus infections, Dengue",,-
OHIO,2023,39,"Dengue virus infections, Dengue",,-
WISCONSIN,2023,39,"Dengue virus infections, Dengue",,-
WEST NORTH CENTRAL,2023,39,"Dengue virus infections, Dengue",,-
IOWA,2023,39,"Dengue virus infections, Dengue",,-
KANSAS,2023,39,"Dengue virus infections, Dengue",,-
MINNESOTA,2023,39,"Dengue virus infections, Dengue",,-
MISSOURI,2023,39,"Dengue virus infections, Dengue",,-
NEBRASKA,2023,39,"Dengue virus infections, Dengue",,-
NORTH DAKOTA,2023,39,"Dengue virus infections, Dengue",,-
SOUTH DAKOTA,2023,39,"Dengue virus infections, Dengue",,-
SOUTH ATLANTIC,2023,39,"Dengue virus infections, Dengue",1,-
DELAWARE,2023,39,"Dengue virus infections, Dengue",,-
DISTRICT OF COLUMBIA,2023,39,"Dengue virus infections, Dengue",,-
FLORIDA,2023,39,"Dengue virus infections, Dengue",1,-
GEORGIA,2023,39,"Dengue virus infections, Dengue",,-
MARYLAND,2023,39,"Dengue virus infections, Dengue",,-
NORTH CAROLINA,2023,39,"Dengue virus infections, Dengue",,-
SOUTH CAROLINA,2023,39,"Dengue virus infections, Dengue",,-
VIRGINIA,2023,39,"Dengue virus infections, Dengue",,-
WEST VIRGINIA,2023,39,"Dengue virus infections, Dengue",,-
EAST SOUTH CENTRAL,2023,39,"Dengue virus infections, Dengue",,-
ALABAMA,2023,39,"Dengue virus infections, Dengue",,-
KENTUCKY,2023,39,"Dengue virus infections, Dengue",,-
MISSISSIPPI,2023,39,"Dengue virus infections, Dengue",,-
TENNESSEE,2023,39,"Dengue virus infections, Dengue",,-
WEST SOUTH CENTRAL,2023,39,"Dengue virus infections, Dengue",,-
ARKANSAS,2023,39,"Dengue virus infections, Dengue",,-
LOUISIANA,2023,39,"Dengue virus infections, Dengue",,-
OKLAHOMA,2023,39,"Dengue virus infections, Dengue",,-
TEXAS,2023,39,"Dengue virus infections, Dengue",,-
MOUNTAIN,2023,39,"Dengue virus infections, Dengue",,-
ARIZONA,2023,39,"Dengue virus infections, Dengue",,-
COLORADO,2023,39,"Dengue virus infections, Dengue",,-
IDAHO,2023,39,"Dengue virus infections, Dengue",,-
MONTANA,2023,39,"Dengue virus infections, Dengue",,-
NEVADA,2023,39,"Dengue virus infections, Dengue",,-
NEW MEXICO,2023,39,"Dengue virus infections, Dengue",,-
UTAH,2023,39,"Dengue virus infections, Dengue",,-
WYOMING,2023,39,"Dengue virus infections, Dengue",,-
PACIFIC,2023,39,"Dengue virus infections, Dengue",,-
ALASKA,2023,39,"Dengue virus infections, Dengue",,-
CALIFORNIA,2023,39,"Dengue virus infections, Dengue",,-
HAWAII,2023,39,"Dengue virus infections, Dengue",,-
OREGON,2023,39,"Dengue virus infections, Dengue",,-
WASHINGTON,2023,39,"Dengue virus infections, Dengue",,-
US TERRITORIES,2023,39,"Dengue virus infections, Dengue",,-
AMERICAN SAMOA,2023,39,"Dengue virus infections, Dengue",,-
NORTHERN MARIANA ISLANDS,2023,39,"Dengue virus infections, Dengue",,-
GUAM,2023,39,"Dengue virus infections, Dengue",,-
PUERTO RICO,2023,39,"Dengue virus infections, Dengue",,-
U.S. VIRGIN ISLANDS,2023,39,"Dengue virus infections, Dengue",,-
NON-US RESIDENTS,2023,39,"Dengue virus infections, Dengue",,-
TOTAL,2023,39,"Dengue virus infections, Dengue",2,-
US RESIDENTS,2023,40,"Dengue virus infections, Dengue",11,-
NEW ENGLAND,2023,40,"Dengue virus infections, Dengue",,-
CONNECTICUT,2023,40,"Dengue virus infections, Dengue",,-
MAINE,2023,40,"Dengue virus infections, Dengue",,-
MASSACHUSETTS,2023,40,"Dengue virus infections, Dengue",,-
NEW HAMPSHIRE,2023,40,"Dengue virus infections, Dengue",,-
RHODE ISLAND,2023,40,"Dengue virus infections, Dengue",,-
VERMONT,2023,40,"Dengue virus infections, Dengue",,-
MIDDLE ATLANTIC,2023,40,"Dengue virus infections, Dengue",,-
NEW JERSEY,2023,40,"Dengue virus infections, Dengue",,-
NEW YORK,2023,40,"Dengue virus infections, Dengue",,-
NEW YORK CITY,2023,40,"Dengue virus infections, Dengue",,-
PENNSYLVANIA,2023,40,"Dengue virus infections, Dengue",,-
EAST NORTH CENTRAL,2023,40,"Dengue virus infections, Dengue",,-
ILLINOIS,2023,40,"Dengue virus infections, Dengue",,-
INDIANA,2023,40,"Dengue virus infections, Dengue",,-
MICHIGAN,2023,40,"Dengue virus infections, Dengue",,-
OHIO,2023,40,"Dengue virus infections, Dengue",,-
WISCONSIN,2023,40,"Dengue virus infections, Dengue",,-
WEST NORTH CENTRAL,2023,40,"Dengue virus infections, Dengue",,-
IOWA,2023,40,"Dengue virus infections, Dengue",,-
KANSAS,2023,40,"Dengue virus infections, Dengue",,-
MINNESOTA,2023,40,"Dengue virus infections, Dengue",,-
MISSOURI,2023,40,"Dengue virus infections, Dengue",,-
NEBRASKA,2023,40,"Dengue virus infections, Dengue",,-
NORTH DAKOTA,2023,40,"Dengue virus infections, Dengue",,-
SOUTH DAKOTA,2023,40,"Dengue virus infections, Dengue",,-
SOUTH ATLANTIC,2023,40,"Dengue virus infections, Dengue",10,-
DELAWARE,2023,40,"Dengue virus infections, Dengue",,-
DISTRICT OF COLUMBIA,2023,40,"Dengue virus infections, Dengue",,-
FLORIDA,2023,40,"Dengue virus infections, Dengue",10,-
GEORGIA,2023,40,"Dengue virus infections, Dengue",,-
MARYLAND,2023,40,"Dengue virus infections, Dengue",,-
NORTH CAROLINA,2023,40,"Dengue virus infections, Dengue",,-
SOUTH CAROLINA,2023,40,"Dengue virus infections, Dengue",,-
VIRGINIA,2023,40,"Dengue virus infections, Dengue",,-
WEST VIRGINIA,2023,40,"Dengue virus infections, Dengue",,-
EAST SOUTH CENTRAL,2023,40,"Dengue virus infections, Dengue",,-
ALABAMA,2023,40,"Dengue virus infections, Dengue",,-
KENTUCKY,2023,40,"Dengue virus infections, Dengue",,-
MISSISSIPPI,2023,40,"Dengue virus infections, Dengue",,-
TENNESSEE,2023,40,"Dengue virus infections, Dengue",,-
WEST SOUTH CENTRAL,2023,40,"Dengue virus infections, Dengue",,-
ARKANSAS,2023,40,"Dengue virus infections, Dengue",,-
LOUISIANA,2023,40,"Dengue virus infections, Dengue",,-
OKLAHOMA,2023,40,"Dengue virus infections, Dengue",,-
TEXAS,2023,40,"Dengue virus infections, Dengue",,-
MOUNTAIN,2023,40,"Dengue virus infections, Dengue",1,-
ARIZONA,2023,40,"Dengue virus infections, Dengue",1,-
COLORADO,2023,40,"Dengue virus infections, Dengue",,-
IDAHO,2023,40,"Dengue virus infections, Dengue",,-
MONTANA,2023,40,"Dengue virus infections, Dengue",,-
NEVADA,2023,40,"Dengue virus infections, Dengue",,-
NEW MEXICO,2023,40,"Dengue virus infections, Dengue",,-
UTAH,2023,40,"Dengue virus infections, Dengue",,-
WYOMING,2023,40,"Dengue virus infections, Dengue",,-
PACIFIC,2023,40,"Dengue virus infections, Dengue",,-
ALASKA,2023,40,"Dengue virus infections, Dengue",,-
CALIFORNIA,2023,40,"Dengue virus infections, Dengue",,-
HAWAII,2023,40,"Dengue virus infections, Dengue",,-
OREGON,2023,40,"Dengue virus infections, Dengue",,-
WASHINGTON,2023,40,"Dengue virus infections, Dengue",,-
US TERRITORIES,2023,40,"Dengue virus infections, Dengue",,-
AMERICAN SAMOA,2023,40,"Dengue virus infections, Dengue",,-
NORTHERN MARIANA ISLANDS,2023,40,"Dengue virus infections, Dengue",,-
GUAM,2023,40,"Dengue virus infections, Dengue",,-
PUERTO RICO,2023,40,"Dengue virus infections, Dengue",,-
U.S. VIRGIN ISLANDS,2023,40,"Dengue virus infections, Dengue",,-
NON-US RESIDENTS,2023,40,"Dengue virus infections, Dengue",,-
TOTAL,2023,40,"Dengue virus infections, Dengue",11,-
US RESIDENTS,2023,41,"Dengue virus infections, Dengue",1,-
NEW ENGLAND,2023,41,"Dengue virus infections, Dengue",,-
CONNECTICUT,2023,41,"Dengue virus infections, Dengue",,-
MAINE,2023,41,"Dengue virus infections, Dengue",,-
MASSACHUSETTS,2023,41,"Dengue virus infections, Dengue",,-
NEW HAMPSHIRE,2023,41,"Dengue virus infections, Dengue",,-
RHODE ISLAND,2023,41,"Dengue virus infections, Dengue",,-
VERMONT,2023,41,"Dengue virus infections, Dengue",,-
MIDDLE ATLANTIC,2023,41,"Dengue virus infections, Dengue",,-
NEW JERSEY,2023,41,"Dengue virus infections, Dengue",,-
NEW YORK,2023,41,"Dengue virus infections, Dengue",,-
NEW YORK CITY,2023,41,"Dengue virus infections, Dengue",,-
PENNSYLVANIA,2023,41,"Dengue virus infections, Dengue",,-
EAST NORTH CENTRAL,2023,41,"Dengue virus infections, Dengue",,-
ILLINOIS,2023,41,"Dengue virus infections, Dengue",,-
INDIANA,2023,41,"Dengue virus infections, Dengue",,-
MICHIGAN,2023,41,"Dengue virus infections, Dengue",,-
OHIO,2023,41,"Dengue virus infections, Dengue",,-
WISCONSIN,2023,41,"Dengue virus infections, Dengue",,-
WEST NORTH CENTRAL,2023,41,"Dengue virus infections, Dengue",,-
IOWA,2023,41,"Dengue virus infections, Dengue",,-
KANSAS,2023,41,"Dengue virus infections, Dengue",,-
MINNESOTA,2023,41,"Dengue virus infections, Dengue",,-
MISSOURI,2023,41,"Dengue virus infections, Dengue",,-
NEBRASKA,2023,41,"Dengue virus infections, Dengue",,-
NORTH DAKOTA,2023,41,"Dengue virus infections, Dengue",,-
SOUTH DAKOTA,2023,41,"Dengue virus infections, Dengue",,-
SOUTH ATLANTIC,2023,41,"Dengue virus infections, Dengue",1,-
DELAWARE,2023,41,"Dengue virus infections, Dengue",,-
DISTRICT OF COLUMBIA,2023,41,"Dengue virus infections, Dengue",,-
FLORIDA,2023,41,"Dengue virus infections, Dengue",1,-
GEORGIA,2023,41,"Dengue virus infections, Dengue",,-
MARYLAND,2023,41,"Dengue virus infections, Dengue",,-
NORTH CAROLINA,2023,41,"Dengue virus infections, Dengue",,-
SOUTH CAROLINA,2023,41,"Dengue virus infections, Dengue",,-
VIRGINIA,2023,41,"Dengue virus infections, Dengue",,-
WEST VIRGINIA,2023,41,"Dengue virus infections, Dengue",,-
EAST SOUTH CENTRAL,2023,41,"Dengue virus infections, Dengue",,-
ALABAMA,2023,41,"Dengue virus infections, Dengue",,-
KENTUCKY,2023,41,"Dengue virus infections, Dengue",,-
MISSISSIPPI,2023,41,"Dengue virus infections, Dengue",,-
TENNESSEE,2023,41,"Dengue virus infections, Dengue",,-
WEST SOUTH CENTRAL,2023,41,"Dengue virus infections, Dengue",,-
ARKANSAS,2023,41,"Dengue virus infections, Dengue",,-
LOUISIANA,2023,41,"Dengue virus infections, Dengue",,-
OKLAHOMA,2023,41,"Dengue virus infections, Dengue",,-
TEXAS,2023,41,"Dengue virus infections, Dengue",,-
MOUNTAIN,2023,41,"Dengue virus infections, Dengue",,-
ARIZONA,2023,41,"Dengue virus infections, Dengue",,-
COLORADO,2023,41,"Dengue virus infections, Dengue",,-
IDAHO,2023,41,"Dengue virus infections, Dengue",,-
MONTANA,2023,41,"Dengue virus infections, Dengue",,-
NEVADA,2023,41,"Dengue virus infections, Dengue",,-
NEW MEXICO,2023,41,"Dengue virus infections, Dengue",,-
UTAH,2023,41,"Dengue virus infections, Dengue",,-
WYOMING,2023,41,"Dengue virus infections, Dengue",,-
PACIFIC,2023,41,"Dengue virus infections, Dengue",,-
ALASKA,2023,41,"Dengue virus infections, Dengue",,-
CALIFORNIA,2023,41,"Dengue virus infections, Dengue",,-
HAWAII,2023,41,"Dengue virus infections, Dengue",,-
OREGON,2023,41,"Dengue virus infections, Dengue",,-
WASHINGTON,2023,41,"Dengue virus infections, Dengue",,-
US TERRITORIES,2023,41,"Dengue virus infections, Dengue",,-
AMERICAN SAMOA,2023,41,"Dengue virus infections, Dengue",,-
NORTHERN MARIANA ISLANDS,2023,41,"Dengue virus infections, Dengue",,-
GUAM,2023,41,"Dengue virus infections, Dengue",,-
PUERTO RICO,2023,41,"Dengue virus infections, Dengue",,-
U.S. VIRGIN ISLANDS,2023,41,"Dengue virus infections, Dengue",,-
NON-US RESIDENTS,2023,41,"Dengue virus infections, Dengue",,-
TOTAL,2023,41,"Dengue virus infections, Dengue",1,-
US RESIDENTS,2023,42,"Dengue virus infections, Dengue",5,-
NEW ENGLAND,2023,42,"Dengue virus infections, Dengue",,-
CONNECTICUT,2023,42,"Dengue virus infections, Dengue",,-
MAINE,2023,42,"Dengue virus infections, Dengue",,-
MASSACHUSETTS,2023,42,"Dengue virus infections, Dengue",,-
NEW HAMPSHIRE,2023,42,"Dengue virus infections, Dengue",,-
RHODE ISLAND,2023,42,"Dengue virus infections, Dengue",,-
VERMONT,2023,42,"Dengue virus infections, Dengue",,-
MIDDLE ATLANTIC,2023,42,"Dengue virus infections, Dengue",1,-
NEW JERSEY,2023,42,"Dengue virus infections, Dengue",,-
NEW YORK,2023,42,"Dengue virus infections, Dengue",1,-
NEW YORK CITY,2023,42,"Dengue virus infections, Dengue",,-
PENNSYLVANIA,2023,42,"Dengue virus infections, Dengue",,-
EAST NORTH CENTRAL,2023,42,"Dengue virus infections, Dengue",,-
ILLINOIS,2023,42,"Dengue virus infections, Dengue",,-
INDIANA,2023,42,"Dengue virus infections, Dengue",,-
MICHIGAN,2023,42,"Dengue virus infections, Dengue",,-
OHIO,2023,42,"Dengue virus infections, Dengue",,-
WISCONSIN,2023,42,"Dengue virus infections, Dengue",,-
WEST NORTH CENTRAL,2023,42,"Dengue virus infections, Dengue",,-
IOWA,2023,42,"Dengue virus infections, Dengue",,-
KANSAS,2023,42,"Dengue virus infections, Dengue",,-
MINNESOTA,2023,42,"Dengue virus infections, Dengue",,-
MISSOURI,2023,42,"Dengue virus infections, Dengue",,-
NEBRASKA,2023,42,"Dengue virus infections, Dengue",,-
NORTH DAKOTA,2023,42,"Dengue virus infections, Dengue",,-
SOUTH DAKOTA,2023,42,"Dengue virus infections, Dengue",,-
SOUTH ATLANTIC,2023,42,"Dengue virus infections, Dengue",2,-
DELAWARE,2023,42,"Dengue virus infections, Dengue",,-
DISTRICT OF COLUMBIA,2023,42,"Dengue virus infections, Dengue",,-
FLORIDA,2023,42,"Dengue virus infections, Dengue",1,-
GEORGIA,2023,42,"Dengue virus infections, Dengue",,-
MARYLAND,2023,42,"Dengue virus infections, Dengue",1,-
NORTH CAROLINA,2023,42,"Dengue virus infections, Dengue",,-
SOUTH CAROLINA,2023,42,"Dengue virus infections, Dengue",,-
VIRGINIA,2023,42,"Dengue virus infections, Dengue",,-
WEST VIRGINIA,2023,42,"Dengue virus infections, Dengue",,-
EAST SOUTH CENTRAL,2023,42,"Dengue virus infections, Dengue",,-
ALABAMA,2023,42,"Dengue virus infections, Dengue",,-
KENTUCKY,2023,42,"Dengue virus infections, Dengue",,-
MISSISSIPPI,2023,42,"Dengue virus infections, Dengue",,-
TENNESSEE,2023,42,"Dengue virus infections, Dengue",,-
WEST SOUTH CENTRAL,2023,42,"Dengue virus infections, Dengue",,-
ARKANSAS,2023,42,"Dengue virus infections, Dengue",,-
LOUISIANA,2023,42,"Dengue virus infections, Dengue",,-
OKLAHOMA,2023,42,"Dengue virus infections, Dengue",,-
TEXAS,2023,42,"Dengue virus infections, Dengue",,-
MOUNTAIN,2023,42,"Dengue virus infections, Dengue",2,-
ARIZONA,2023,42,"Dengue virus infections, Dengue",2,-
COLORADO,2023,42,"Dengue virus infections, Dengue",,-
IDAHO,2023,42,"Dengue virus infections, Dengue",,-
MONTANA,2023,42,"Dengue virus infections, Dengue",,-
NEVADA,2023,42,"Dengue virus infections, Dengue",,-
NEW MEXICO,2023,42,"Dengue virus infections, Dengue",,-
UTAH,2023,42,"Dengue virus infections, Dengue",,-
WYOMING,2023,42,"Dengue virus infections, Dengue",,-
PACIFIC,2023,42,"Dengue virus infections, Dengue",,-
ALASKA,2023,42,"Dengue virus infections, Dengue",,-
CALIFORNIA,2023,42,"Dengue virus infections, Dengue",,-
HAWAII,2023,42,"Dengue virus infections, Dengue",,-
OREGON,2023,42,"Dengue virus infections, Dengue",,-
WASHINGTON,2023,42,"Dengue virus infections, Dengue",,-
US TERRITORIES,2023,42,"Dengue virus infections, Dengue",,-
AMERICAN SAMOA,2023,42,"Dengue virus infections, Dengue",,-
NORTHERN MARIANA ISLANDS,2023,42,"Dengue virus infections, Dengue",,-
GUAM,2023,42,"Dengue virus infections, Dengue",,-
PUERTO RICO,2023,42,"Dengue virus infections, Dengue",,-
U.S. VIRGIN ISLANDS,2023,42,"Dengue virus infections, Dengue",,-
NON-US RESIDENTS,2023,42,"Dengue virus infections, Dengue",,-
TOTAL,2023,42,"Dengue virus infections, Dengue",5,-
US RESIDENTS,2023,43,"Dengue virus infections, Dengue",5,-
NEW ENGLAND,2023,43,"Dengue virus infections, Dengue",,-
CONNECTICUT,2023,43,"Dengue virus infections, Dengue",,-
MAINE,2023,43,"Dengue virus infections, Dengue",,-
MASSACHUSETTS,2023,43,"Dengue virus infections, Dengue",,-
NEW HAMPSHIRE,2023,43,"Dengue virus infections, Dengue",,-
RHODE ISLAND,2023,43,"Dengue virus infections, Dengue",,-
VERMONT,2023,43,"Dengue virus infections, Dengue",,-
MIDDLE ATLANTIC,2023,43,"Dengue virus infections, Dengue",4,-
NEW JERSEY,2023,43,"Dengue virus infections, Dengue",,-
NEW YORK,2023,43,"Dengue virus infections, Dengue",4,-
NEW YORK CITY,2023,43,"Dengue virus infections, Dengue",,-
PENNSYLVANIA,2023,43,"Dengue virus infections, Dengue",,-
EAST NORTH CENTRAL,2023,43,"Dengue virus infections, Dengue",,-
ILLINOIS,2023,43,"Dengue virus infections, Dengue",,-
INDIANA,2023,43,"Dengue virus infections, Dengue",,-
MICHIGAN,2023,43,"Dengue virus infections, Dengue",,-
OHIO,2023,43,"Dengue virus infections, Dengue",,-
WISCONSIN,2023,43,"Dengue virus infections, Dengue",,-
WEST NORTH CENTRAL,2023,43,"Dengue virus infections, Dengue",,-
IOWA,2023,43,"Dengue virus infections, Dengue",,-
KANSAS,2023,43,"Dengue virus infections, Dengue",,-
MINNESOTA,2023,43,"Dengue virus infections, Dengue",,-
MISSOURI,2023,43,"Dengue virus infections, Dengue",,-
NEBRASKA,2023,43,"Dengue virus infections, Dengue",,-
NORTH DAKOTA,2023,43,"Dengue virus infections, Dengue",,-
SOUTH DAKOTA,2023,43,"Dengue virus infections, Dengue",,-
SOUTH ATLANTIC,2023,43,"Dengue virus infections, Dengue",,-
DELAWARE,2023,43,"Dengue virus infections, Dengue",,-
DISTRICT OF COLUMBIA,2023,43,"Dengue virus infections, Dengue",,-
FLORIDA,2023,43,"Dengue virus infections, Dengue",,-
GEORGIA,2023,43,"Dengue virus infections, Dengue",,-
MARYLAND,2023,43,"Dengue virus infections, Dengue",,-
NORTH CAROLINA,2023,43,"Dengue virus infections, Dengue",,-
SOUTH CAROLINA,2023,43,"Dengue virus infections, Dengue",,-
VIRGINIA,2023,43,"Dengue virus infections, Dengue",,-
WEST VIRGINIA,2023,43,"Dengue virus infections, Dengue",,-
EAST SOUTH CENTRAL,2023,43,"Dengue virus infections, Dengue",,-
ALABAMA,2023,43,"Dengue virus infections, Dengue",,-
KENTUCKY,2023,43,"Dengue virus infections, Dengue",,-
MISSISSIPPI,2023,43,"Dengue virus infections, Dengue",,-
TENNESSEE,2023,43,"Dengue virus infections, Dengue",,-
WEST SOUTH CENTRAL,2023,43,"Dengue virus infections, Dengue",,-
ARKANSAS,2023,43,"Dengue virus infections, Dengue",,-
LOUISIANA,2023,43,"Dengue virus infections, Dengue",,-
OKLAHOMA,2023,43,"Dengue virus infections, Dengue",,-
TEXAS,2023,43,"Dengue virus infections, Dengue",,-
MOUNTAIN,2023,43,"Dengue virus infections, Dengue",,-
ARIZONA,2023,43,"Dengue virus infections, Dengue",,-
COLORADO,2023,43,"Dengue virus infections, Dengue",,-
IDAHO,2023,43,"Dengue virus infections, Dengue",,-
MONTANA,2023,43,"Dengue virus infections, Dengue",,-
NEVADA,2023,43,"Dengue virus infections, Dengue",,-
NEW MEXICO,2023,43,"Dengue virus infections, Dengue",,-
UTAH,2023,43,"Dengue virus infections, Dengue",,-
WYOMING,2023,43,"Dengue virus infections, Dengue",,-
PACIFIC,2023,43,"Dengue virus infections, Dengue",1,-
ALASKA,2023,43,"Dengue virus infections, Dengue",,-
CALIFORNIA,2023,43,"Dengue virus infections, Dengue",,-
HAWAII,2023,43,"Dengue virus infections, Dengue",,-
OREGON,2023,43,"Dengue virus infections, Dengue",1,-
WASHINGTON,2023,43,"Dengue virus infections, Dengue",,-
US TERRITORIES,2023,43,"Dengue virus infections, Dengue",,-
AMERICAN SAMOA,2023,43,"Dengue virus infections, Dengue",,-
NORTHERN MARIANA ISLANDS,2023,43,"Dengue virus infections, Dengue",,-
GUAM,2023,43,"Dengue virus infections, Dengue",,-
PUERTO RICO,2023,43,"Dengue virus infections, Dengue",,-
U.S. VIRGIN ISLANDS,2023,43,"Dengue virus infections, Dengue",,-
NON-US RESIDENTS,2023,43,"Dengue virus infections, Dengue",,-
TOTAL,2023,43,"Dengue virus infections, Dengue",5,-
US RESIDENTS,2023,44,"Dengue virus infections, Dengue",13,-
NEW ENGLAND,2023,44,"Dengue virus infections, Dengue",,-
CONNECTICUT,2023,44,"Dengue virus infections, Dengue",,-
MAINE,2023,44,"Dengue virus infections, Dengue",,-
MASSACHUSETTS,2023,44,"Dengue virus infections, Dengue",,-
NEW HAMPSHIRE,2023,44,"Dengue virus infections, Dengue",,-
RHODE ISLAND,2023,44,"Dengue virus infections, Dengue",,-
VERMONT,2023,44,"Dengue virus infections, Dengue",,-
MIDDLE ATLANTIC,2023,44,"Dengue virus infections, Dengue",5,-
NEW JERSEY,2023,44,"Dengue virus infections, Dengue",,-
NEW YORK,2023,44,"Dengue virus infections, Dengue",5,-
NEW YORK CITY,2023,44,"Dengue virus infections, Dengue",,-
PENNSYLVANIA,2023,44,"Dengue virus infections, Dengue",,-
EAST NORTH CENTRAL,2023,44,"Dengue virus infections, Dengue",,-
ILLINOIS,2023,44,"Dengue virus infections, Dengue",,-
INDIANA,2023,44,"Dengue virus infections, Dengue",,-
MICHIGAN,2023,44,"Dengue virus infections, Dengue",,-
OHIO,2023,44,"Dengue virus infections, Dengue",,-
WISCONSIN,2023,44,"Dengue virus infections, Dengue",,-
WEST NORTH CENTRAL,2023,44,"Dengue virus infections, Dengue",,-
IOWA,2023,44,"Dengue virus infections, Dengue",,-
KANSAS,2023,44,"Dengue virus infections, Dengue",,-
MINNESOTA,2023,44,"Dengue virus infections, Dengue",,-
MISSOURI,2023,44,"Dengue virus infections, Dengue",,-
NEBRASKA,2023,44,"Dengue virus infections, Dengue",,-
NORTH DAKOTA,2023,44,"Dengue virus infections, Dengue",,-
SOUTH DAKOTA,2023,44,"Dengue virus infections, Dengue",,-
SOUTH ATLANTIC,2023,44,"Dengue virus infections, Dengue",5,-
DELAWARE,2023,44,"Dengue virus infections, Dengue",,-
DISTRICT OF COLUMBIA,2023,44,"Dengue virus infections, Dengue",,-
FLORIDA,2023,44,"Dengue virus infections, Dengue",3,-
GEORGIA,2023,44,"Dengue virus infections, Dengue",,-
MARYLAND,2023,44,"Dengue virus infections, Dengue",1,-
NORTH CAROLINA,2023,44,"Dengue virus infections, Dengue",,-
SOUTH CAROLINA,2023,44,"Dengue virus infections, Dengue",,-
VIRGINIA,2023,44,"Dengue virus infections, Dengue",1,-
WEST VIRGINIA,2023,44,"Dengue virus infections, Dengue",,-
EAST SOUTH CENTRAL,2023,44,"Dengue virus infections, Dengue",1,-
ALABAMA,2023,44,"Dengue virus infections, Dengue",,-
KENTUCKY,2023,44,"Dengue virus infections, Dengue",,-
MISSISSIPPI,2023,44,"Dengue virus infections, Dengue",,-
TENNESSEE,2023,44,"Dengue virus infections, Dengue",1,-
WEST SOUTH CENTRAL,2023,44,"Dengue virus infections, Dengue",,-
ARKANSAS,2023,44,"Dengue virus infections, Dengue",,-
LOUISIANA,2023,44,"Dengue virus infections, Dengue",,-
OKLAHOMA,2023,44,"Dengue virus infections, Dengue",,-
TEXAS,2023,44,"Dengue virus infections, Dengue",,-
MOUNTAIN,2023,44,"Dengue virus infections, Dengue",2,-
ARIZONA,2023,44,"Dengue virus infections, Dengue",2,-
COLORADO,2023,44,"Dengue virus infections, Dengue",,-
IDAHO,2023,44,"Dengue virus infections, Dengue",,-
MONTANA,2023,44,"Dengue virus infections, Dengue",,-
NEVADA,2023,44,"Dengue virus infections, Dengue",,-
NEW MEXICO,2023,44,"Dengue virus infections, Dengue",,-
UTAH,2023,44,"Dengue virus infections, Dengue",,-
WYOMING,2023,44,"Dengue virus infections, Dengue",,-
PACIFIC,2023,44,"Dengue virus infections, Dengue",,-
ALASKA,2023,44,"Dengue virus infections, Dengue",,-
CALIFORNIA,2023,44,"Dengue virus infections, Dengue",,-
HAWAII,2023,44,"Dengue virus infections, Dengue",,-
OREGON,2023,44,"Dengue virus infections, Dengue",,-
WASHINGTON,2023,44,"Dengue virus infections, Dengue",,-
US TERRITORIES,2023,44,"Dengue virus infections, Dengue",,-
AMERICAN SAMOA,2023,44,"Dengue virus infections, Dengue",,-
NORTHERN MARIANA ISLANDS,2023,44,"Dengue virus infections, Dengue",,-
GUAM,2023,44,"Dengue virus infections, Dengue",,-
PUERTO RICO,2023,44,"Dengue virus infections, Dengue",,-
U.S. VIRGIN ISLANDS,2023,44,"Dengue virus infections, Dengue",,-
NON-US RESIDENTS,2023,44,"Dengue virus infections, Dengue",,-
TOTAL,2023,44,"Dengue virus infections, Dengue",13,-
US RESIDENTS,2023,45,"Dengue virus infections, Dengue",3,-
NEW ENGLAND,2023,45,"Dengue virus infections, Dengue",,-
CONNECTICUT,2023,45,"Dengue virus infections, Dengue",,-
MAINE,2023,45,"Dengue virus infections, Dengue",,-
MASSACHUSETTS,2023,45,"Dengue virus infections, Dengue",,-
NEW HAMPSHIRE,2023,45,"Dengue virus infections, Dengue",,-
RHODE ISLAND,2023,45,"Dengue virus infections, Dengue",,-
VERMONT,2023,45,"Dengue virus infections, Dengue",,-
MIDDLE ATLANTIC,2023,45,"Dengue virus infections, Dengue",2,-
NEW JERSEY,2023,45,"Dengue virus infections, Dengue",,-
NEW YORK,2023,45,"Dengue virus infections, Dengue",2,-
NEW YORK CITY,2023,45,"Dengue virus infections, Dengue",,-
PENNSYLVANIA,2023,45,"Dengue virus infections, Dengue",,-
EAST NORTH CENTRAL,2023,45,"Dengue virus infections, Dengue",,-
ILLINOIS,2023,45,"Dengue virus infections, Dengue",,-
INDIANA,2023,45,"Dengue virus infections, Dengue",,-
MICHIGAN,2023,45,"Dengue virus infections, Dengue",,-
OHIO,2023,45,"Dengue virus infections, Dengue",,-
WISCONSIN,2023,45,"Dengue virus infections, Dengue",,-
WEST NORTH CENTRAL,2023,45,"Dengue virus infections, Dengue",,-
IOWA,2023,45,"Dengue virus infections, Dengue",,-
KANSAS,2023,45,"Dengue virus infections, Dengue",,-
MINNESOTA,2023,45,"Dengue virus infections, Dengue",,-
MISSOURI,2023,45,"Dengue virus infections, Dengue",,-
NEBRASKA,2023,45,"Dengue virus infections, Dengue",,-
NORTH DAKOTA,2023,45,"Dengue virus infections, Dengue",,-
SOUTH DAKOTA,2023,45,"Dengue virus infections, Dengue",,-
SOUTH ATLANTIC,2023,45,"Dengue virus infections, Dengue",,-
DELAWARE,2023,45,"Dengue virus infections, Dengue",,-
DISTRICT OF COLUMBIA,2023,45,"Dengue virus infections, Dengue",,-
FLORIDA,2023,45,"Dengue virus infections, Dengue",,-
GEORGIA,2023,45,"Dengue virus infections, Dengue",,-
MARYLAND,2023,45,"Dengue virus infections, Dengue",,-
NORTH CAROLINA,2023,45,"Dengue virus infections, Dengue",,-
SOUTH CAROLINA,2023,45,"Dengue virus infections, Dengue",,-
VIRGINIA,2023,45,"Dengue virus infections, Dengue",,-
WEST VIRGINIA,2023,45,"Dengue virus infections, Dengue",,-
EAST SOUTH CENTRAL,2023,45,"Dengue virus infections, Dengue",,-
ALABAMA,2023,45,"Dengue virus infections, Dengue",,-
KENTUCKY,2023,45,"Dengue virus infections, Dengue",,-
MISSISSIPPI,2023,45,"Dengue virus infections, Dengue",,-
TENNESSEE,2023,45,"Dengue virus infections, Dengue",,-
WEST SOUTH CENTRAL,2023,45,"Dengue virus infections, Dengue",,-
ARKANSAS,2023,45,"Dengue virus infections, Dengue",,-
LOUISIANA,2023,45,"Dengue virus infections, Dengue",,-
OKLAHOMA,2023,45,"Dengue virus infections, Dengue",,-
TEXAS,2023,45,"Dengue virus infections, Dengue",,-
MOUNTAIN,2023,45,"Dengue virus infections, Dengue",1,-
ARIZONA,2023,45,"Dengue virus infections, Dengue",1,-
COLORADO,2023,45,"Dengue virus infections, Dengue",,-
IDAHO,2023,45,"Dengue virus infections, Dengue",,-
MONTANA,2023,45,"Dengue virus infections, Dengue",,-
NEVADA,2023,45,"Dengue virus infections, Dengue",,-
NEW MEXICO,2023,45,"Dengue virus infections, Dengue",,-
UTAH,2023,45,"Dengue virus infections, Dengue",,-
WYOMING,2023,45,"Dengue virus infections, Dengue",,-
PACIFIC,2023,45,"Dengue virus infections, Dengue",,-
ALASKA,2023,45,"Dengue virus infections, Dengue",,-
CALIFORNIA,2023,45,"Dengue virus infections, Dengue",,-
HAWAII,2023,45,"Dengue virus infections, Dengue",,-
OREGON,2023,45,"Dengue virus infections, Dengue",,-
WASHINGTON,2023,45,"Dengue virus infections, Dengue",,-
US TERRITORIES,2023,45,"Dengue virus infections, Dengue",,-
AMERICAN SAMOA,2023,45,"Dengue virus infections, Dengue",,-
NORTHERN MARIANA ISLANDS,2023,45,"Dengue virus infections, Dengue",,-
GUAM,2023,45,"Dengue virus infections, Dengue",,-
PUERTO RICO,2023,45,"Dengue virus infections, Dengue",,-
U.S. VIRGIN ISLANDS,2023,45,"Dengue virus infections, Dengue",,-
NON-US RESIDENTS,2023,45,"Dengue virus infections, Dengue",,-
TOTAL,2023,45,"Dengue virus infections, Dengue",3,-
US RESIDENTS,2023,46,"Dengue virus infections, Dengue",3,-
NEW ENGLAND,2023,46,"Dengue virus infections, Dengue",,-
CONNECTICUT,2023,46,"Dengue virus infections, Dengue",,-
MAINE,2023,46,"Dengue virus infections, Dengue",,-
MASSACHUSETTS,2023,46,"Dengue virus infections, Dengue",,-
NEW HAMPSHIRE,2023,46,"Dengue virus infections, Dengue",,-
RHODE ISLAND,2023,46,"Dengue virus infections, Dengue",,-
VERMONT,2023,46,"Dengue virus infections, Dengue",,-
MIDDLE ATLANTIC,2023,46,"Dengue virus infections, Dengue",1,-
NEW JERSEY,2023,46,"Dengue virus infections, Dengue",,-
NEW YORK,2023,46,"Dengue virus infections, Dengue",1,-
NEW YORK CITY,2023,46,"Dengue virus infections, Dengue",,-
PENNSYLVANIA,2023,46,"Dengue virus infections, Dengue",,-
EAST NORTH CENTRAL,2023,46,"Dengue virus infections, Dengue",,-
ILLINOIS,2023,46,"Dengue virus infections, Dengue",,-
INDIANA,2023,46,"Dengue virus infections, Dengue",,-
MICHIGAN,2023,46,"Dengue virus infections, Dengue",,-
OHIO,2023,46,"Dengue virus infections, Dengue",,-
WISCONSIN,2023,46,"Dengue virus infections, Dengue",,-
WEST NORTH CENTRAL,2023,46,"Dengue virus infections, Dengue",,-
IOWA,2023,46,"Dengue virus infections, Dengue",,-
KANSAS,2023,46,"Dengue virus infections, Dengue",,-
MINNESOTA,2023,46,"Dengue virus infections, Dengue",,-
MISSOURI,2023,46,"Dengue virus infections, Dengue",,-
NEBRASKA,2023,46,"Dengue virus infections, Dengue",,-
NORTH DAKOTA,2023,46,"Dengue virus infections, Dengue",,-
SOUTH DAKOTA,2023,46,"Dengue virus infections, Dengue",,-
SOUTH ATLANTIC,2023,46,"Dengue virus infections, Dengue",1,-
DELAWARE,2023,46,"Dengue virus infections, Dengue",,-
DISTRICT OF COLUMBIA,2023,46,"Dengue virus infections, Dengue",,-
FLORIDA,2023,46,"Dengue virus infections, Dengue",1,-
GEORGIA,2023,46,"Dengue virus infections, Dengue",,-
MARYLAND,2023,46,"Dengue virus infections, Dengue",,-
NORTH CAROLINA,2023,46,"Dengue virus infections, Dengue",,-
SOUTH CAROLINA,2023,46,"Dengue virus infections, Dengue",,-
VIRGINIA,2023,46,"Dengue virus infections, Dengue",,-
WEST VIRGINIA,2023,46,"Dengue virus infections, Dengue",,-
EAST SOUTH CENTRAL,2023,46,"Dengue virus infections, Dengue",,-
ALABAMA,2023,46,"Dengue virus infections, Dengue",,-
KENTUCKY,2023,46,"Dengue virus infections, Dengue",,-
MISSISSIPPI,2023,46,"Dengue virus infections, Dengue",,-
TENNESSEE,2023,46,"Dengue virus infections, Dengue",,-
WEST SOUTH CENTRAL,2023,46,"Dengue virus infections, Dengue",,-
ARKANSAS,2023,46,"Dengue virus infections, Dengue",,-
LOUISIANA,2023,46,"Dengue virus infections, Dengue",,-
OKLAHOMA,2023,46,"Dengue virus infections, Dengue",,-
TEXAS,2023,46,"Dengue virus infections, Dengue",,-
MOUNTAIN,2023,46,"Dengue virus infections, Dengue",1,-
ARIZONA,2023,46,"Dengue virus infections, Dengue",1,-
COLORADO,2023,46,"Dengue virus infections, Dengue",,-
IDAHO,2023,46,"Dengue virus infections, Dengue",,-
MONTANA,2023,46,"Dengue virus infections, Dengue",,-
NEVADA,2023,46,"Dengue virus infections, Dengue",,-
NEW MEXICO,2023,46,"Dengue virus infections, Dengue",,-
UTAH,2023,46,"Dengue virus infections, Dengue",,-
WYOMING,2023,46,"Dengue virus infections, Dengue",,-
PACIFIC,2023,46,"Dengue virus infections, Dengue",,-
ALASKA,2023,46,"Dengue virus infections, Dengue",,-
CALIFORNIA,2023,46,"Dengue virus infections, Dengue",,-
HAWAII,2023,46,"Dengue virus infections, Dengue",,-
OREGON,2023,46,"Dengue virus infections, Dengue",,-
WASHINGTON,2023,46,"Dengue virus infections, Dengue",,-
US TERRITORIES,2023,46,"Dengue virus infections, Dengue",,-
AMERICAN SAMOA,2023,46,"Dengue virus infections, Dengue",,-
NORTHERN MARIANA ISLANDS,2023,46,"Dengue virus infections, Dengue",,-
GUAM,2023,46,"Dengue virus infections, Dengue",,-
PUERTO RICO,2023,46,"Dengue virus infections, Dengue",,-
U.S. VIRGIN ISLANDS,2023,46,"Dengue virus infections, Dengue",,-
NON-US RESIDENTS,2023,46,"Dengue virus infections, Dengue",,-
TOTAL,2023,46,"Dengue virus infections, Dengue",3,-
US RESIDENTS,2023,47,"Dengue virus infections, Dengue",6,-
NEW ENGLAND,2023,47,"Dengue virus infections, Dengue",,-
CONNECTICUT,2023,47,"Dengue virus infections, Dengue",,-
MAINE,2023,47,"Dengue virus infections, Dengue",,-
MASSACHUSETTS,2023,47,"Dengue virus infections, Dengue",,-
NEW HAMPSHIRE,2023,47,"Dengue virus infections, Dengue",,-
RHODE ISLAND,2023,47,"Dengue virus infections, Dengue",,-
VERMONT,2023,47,"Dengue virus infections, Dengue",,-
MIDDLE ATLANTIC,2023,47,"Dengue virus infections, Dengue",,-
NEW JERSEY,2023,47,"Dengue virus infections, Dengue",,-
NEW YORK,2023,47,"Dengue virus infections, Dengue",,-
NEW YORK CITY,2023,47,"Dengue virus infections, Dengue",,-
PENNSYLVANIA,2023,47,"Dengue virus infections, Dengue",,-
EAST NORTH CENTRAL,2023,47,"Dengue virus infections, Dengue",,-
ILLINOIS,2023,47,"Dengue virus infections, Dengue",,-
INDIANA,2023,47,"Dengue virus infections, Dengue",,-
MICHIGAN,2023,47,"Dengue virus infections, Dengue",,-
OHIO,2023,47,"Dengue virus infections, Dengue",,-
WISCONSIN,2023,47,"Dengue virus infections, Dengue",,-
WEST NORTH CENTRAL,2023,47,"Dengue virus infections, Dengue",,-
IOWA,2023,47,"Dengue virus infections, Dengue",,-
KANSAS,2023,47,"Dengue virus infections, Dengue",,-
MINNESOTA,2023,47,"Dengue virus infections, Dengue",,-
MISSOURI,2023,47,"Dengue virus infections, Dengue",,-
NEBRASKA,2023,47,"Dengue virus infections, Dengue",,-
NORTH DAKOTA,2023,47,"Dengue virus infections, Dengue",,-
SOUTH DAKOTA,2023,47,"Dengue virus infections, Dengue",,-
SOUTH ATLANTIC,2023,47,"Dengue virus infections, Dengue",6,-
DELAWARE,2023,47,"Dengue virus infections, Dengue",,-
DISTRICT OF COLUMBIA,2023,47,"Dengue virus infections, Dengue",,-
FLORIDA,2023,47,"Dengue virus infections, Dengue",6,-
GEORGIA,2023,47,"Dengue virus infections, Dengue",,-
MARYLAND,2023,47,"Dengue virus infections, Dengue",,-
NORTH CAROLINA,2023,47,"Dengue virus infections, Dengue",,-
SOUTH CAROLINA,2023,47,"Dengue virus infections, Dengue",,-
VIRGINIA,2023,47,"Dengue virus infections, Dengue",,-
WEST VIRGINIA,2023,47,"Dengue virus infections, Dengue",,-
EAST SOUTH CENTRAL,2023,47,"Dengue virus infections, Dengue",,-
ALABAMA,2023,47,"Dengue virus infections, Dengue",,-
KENTUCKY,2023,47,"Dengue virus infections, Dengue",,-
MISSISSIPPI,2023,47,"Dengue virus infections, Dengue",,-
TENNESSEE,2023,47,"Dengue virus infections, Dengue",,-
WEST SOUTH CENTRAL,2023,47,"Dengue virus infections, Dengue",,-
ARKANSAS,2023,47,"Dengue virus infections, Dengue",,-
LOUISIANA,2023,47,"Dengue virus infections, Dengue",,-
OKLAHOMA,2023,47,"Dengue virus infections, Dengue",,-
TEXAS,2023,47,"Dengue virus infections, Dengue",,-
MOUNTAIN,2023,47,"Dengue virus infections, Dengue",,-
ARIZONA,2023,47,"Dengue virus infections, Dengue",,-
COLORADO,2023,47,"Dengue virus infections, Dengue",,-
IDAHO,2023,47,"Dengue virus infections, Dengue",,-
MONTANA,2023,47,"Dengue virus infections, Dengue",,-
NEVADA,2023,47,"Dengue virus infections, Dengue",,-
NEW MEXICO,2023,47,"Dengue virus infections, Dengue",,-
UTAH,2023,47,"Dengue virus infections, Dengue",,-
WYOMING,2023,47,"Dengue virus infections, Dengue",,-
PACIFIC,2023,47,"Dengue virus infections, Dengue",,-
ALASKA,2023,47,"Dengue virus infections, Dengue",,-
CALIFORNIA,2023,47,"Dengue virus infections, Dengue",,-
HAWAII,2023,47,"Dengue virus infections, Dengue",,-
OREGON,2023,47,"Dengue virus infections, Dengue",,-
WASHINGTON,2023,47,"Dengue virus infections, Dengue",,-
US TERRITORIES,2023,47,"Dengue virus infections, Dengue",,-
AMERICAN SAMOA,2023,47,"Dengue virus infections, Dengue",,-
NORTHERN MARIANA ISLANDS,2023,47,"Dengue virus infections, Dengue",,-
GUAM,2023,47,"Dengue virus infections, Dengue",,-
PUERTO RICO,2023,47,"Dengue virus infections, Dengue",,-
U.S. VIRGIN ISLANDS,2023,47,"Dengue virus infections, Dengue",,-
NON-US RESIDENTS,2023,47,"Dengue virus infections, Dengue",,-
TOTAL,2023,47,"Dengue virus infections, Dengue",6,-
US RESIDENTS,2023,48,"Dengue virus infections, Dengue",3,-
NEW ENGLAND,2023,48,"Dengue virus infections, Dengue",,-
CONNECTICUT,2023,48,"Dengue virus infections, Dengue",,-
MAINE,2023,48,"Dengue virus infections, Dengue",,-
MASSACHUSETTS,2023,48,"Dengue virus infections, Dengue",,-
NEW HAMPSHIRE,2023,48,"Dengue virus infections, Dengue",,-
RHODE ISLAND,2023,48,"Dengue virus infections, Dengue",,-
VERMONT,2023,48,"Dengue virus infections, Dengue",,-
MIDDLE ATLANTIC,2023,48,"Dengue virus infections, Dengue",,-
NEW JERSEY,2023,48,"Dengue virus infections, Dengue",,-
NEW YORK,2023,48,"Dengue virus infections, Dengue",,-
NEW YORK CITY,2023,48,"Dengue virus infections, Dengue",,-
PENNSYLVANIA,2023,48,"Dengue virus infections, Dengue",,-
EAST NORTH CENTRAL,2023,48,"Dengue virus infections, Dengue",,-
ILLINOIS,2023,48,"Dengue virus infections, Dengue",,-
INDIANA,2023,48,"Dengue virus infections, Dengue",,-
MICHIGAN,2023,48,"Dengue virus infections, Dengue",,-
OHIO,2023,48,"Dengue virus infections, Dengue",,-
WISCONSIN,2023,48,"Dengue virus infections, Dengue",,-
WEST NORTH CENTRAL,2023,48,"Dengue virus infections, Dengue",,-
IOWA,2023,48,"Dengue virus infections, Dengue",,-
KANSAS,2023,48,"Dengue virus infections, Dengue",,-
MINNESOTA,2023,48,"Dengue virus infections, Dengue",,-
MISSOURI,2023,48,"Dengue virus infections, Dengue",,-
NEBRASKA,2023,48,"Dengue virus infections, Dengue",,-
NORTH DAKOTA,2023,48,"Dengue virus infections, Dengue",,-
SOUTH DAKOTA,2023,48,"Dengue virus infections, Dengue",,-
SOUTH ATLANTIC,2023,48,"Dengue virus infections, Dengue",1,-
DELAWARE,2023,48,"Dengue virus infections, Dengue",,-
DISTRICT OF COLUMBIA,2023,48,"Dengue virus infections, Dengue",,-
FLORIDA,2023,48,"Dengue virus infections, Dengue",1,-
GEORGIA,2023,48,"Dengue virus infections, Dengue",,-
MARYLAND,2023,48,"Dengue virus infections, Dengue",,-
NORTH CAROLINA,2023,48,"Dengue virus infections, Dengue",,-
SOUTH CAROLINA,2023,48,"Dengue virus infections, Dengue",,-
VIRGINIA,2023,48,"Dengue virus infections, Dengue",,-
WEST VIRGINIA,2023,48,"Dengue virus infections, Dengue",,-
EAST SOUTH CENTRAL,2023,48,"Dengue virus infections, Dengue",,-
ALABAMA,2023,48,"Dengue virus infections, Dengue",,-
KENTUCKY,2023,48,"Dengue virus infections, Dengue",,-
MISSISSIPPI,2023,48,"Dengue virus infections, Dengue",,-
TENNESSEE,2023,48,"Dengue virus infections, Dengue",,-
WEST SOUTH CENTRAL,2023,48,"Dengue virus infections, Dengue",,-
ARKANSAS,2023,48,"Dengue virus infections, Dengue",,-
LOUISIANA,2023,48,"Dengue virus infections, Dengue",,-
OKLAHOMA,2023,48,"Dengue virus infections, Dengue",,-
TEXAS,2023,48,"Dengue virus infections, Dengue",,-
MOUNTAIN,2023,48,"Dengue virus infections, Dengue",1,-
ARIZONA,2023,48,"Dengue virus infections, Dengue",1,-
COLORADO,2023,48,"Dengue virus infections, Dengue",,-
IDAHO,2023,48,"Dengue virus infections, Dengue",,-
MONTANA,2023,48,"Dengue virus infections, Dengue",,-
NEVADA,2023,48,"Dengue virus infections, Dengue",,-
NEW MEXICO,2023,48,"Dengue virus infections, Dengue",,-
UTAH,2023,48,"Dengue virus infections, Dengue",,-
WYOMING,2023,48,"Dengue virus infections, Dengue",,-
PACIFIC,2023,48,"Dengue virus infections, Dengue",1,-
ALASKA,2023,48,"Dengue virus infections, Dengue",,-
CALIFORNIA,2023,48,"Dengue virus infections, Dengue",,-
HAWAII,2023,48,"Dengue virus infections, Dengue",,-
OREGON,2023,48,"Dengue virus infections, Dengue",1,-
WASHINGTON,2023,48,"Dengue virus infections, Dengue",,-
US TERRITORIES,2023,48,"Dengue virus infections, Dengue",,-
AMERICAN SAMOA,2023,48,"Dengue virus infections, Dengue",,-
NORTHERN MARIANA ISLANDS,2023,48,"Dengue virus infections, Dengue",,-
GUAM,2023,48,"Dengue virus infections, Dengue",,-
PUERTO RICO,2023,48,"Dengue virus infections, Dengue",,-
U.S. VIRGIN ISLANDS,2023,48,"Dengue virus infections, Dengue",,-
NON-US RESIDENTS,2023,48,"Dengue virus infections, Dengue",,-
TOTAL,2023,48,"Dengue virus infections, Dengue",3,-
US RESIDENTS,2023,49,"Dengue virus infections, Dengue",14,-
NEW ENGLAND,2023,49,"Dengue virus infections, Dengue",,-
CONNECTICUT,2023,49,"Dengue virus infections, Dengue",,-
MAINE,2023,49,"Dengue virus infections, Dengue",,-
MASSACHUSETTS,2023,49,"Dengue virus infections, Dengue",,-
NEW HAMPSHIRE,2023,49,"Dengue virus infections, Dengue",,-
RHODE ISLAND,2023,49,"Dengue virus infections, Dengue",,-
VERMONT,2023,49,"Dengue virus infections, Dengue",,-
MIDDLE ATLANTIC,2023,49,"Dengue virus infections, Dengue",,-
NEW JERSEY,2023,49,"Dengue virus infections, Dengue",,-
NEW YORK,2023,49,"Dengue virus infections, Dengue",,-
NEW YORK CITY,2023,49,"Dengue virus infections, Dengue",,-
PENNSYLVANIA,2023,49,"Dengue virus infections, Dengue",,-
EAST NORTH CENTRAL,2023,49,"Dengue virus infections, Dengue",,-
ILLINOIS,2023,49,"Dengue virus infections, Dengue",,-
INDIANA,2023,49,"Dengue virus infections, Dengue",,-
MICHIGAN,2023,49,"Dengue virus infections, Dengue",,-
OHIO,2023,49,"Dengue virus infections, Dengue",,-
WISCONSIN,2023,49,"Dengue virus infections, Dengue",,-
WEST NORTH CENTRAL,2023,49,"Dengue virus infections, Dengue",,-
IOWA,2023,49,"Dengue virus infections, Dengue",,-
KANSAS,2023,49,"Dengue virus infections, Dengue",,-
MINNESOTA,2023,49,"Dengue virus infections, Dengue",,-
MISSOURI,2023,49,"Dengue virus infections, Dengue",,-
NEBRASKA,2023,49,"Dengue virus infections, Dengue",,-
NORTH DAKOTA,2023,49,"Dengue virus infections, Dengue",,-
SOUTH DAKOTA,2023,49,"Dengue virus infections, Dengue",,-
SOUTH ATLANTIC,2023,49,"Dengue virus infections, Dengue",13,-
DELAWARE,2023,49,"Dengue virus infections, Dengue",,-
DISTRICT OF COLUMBIA,2023,49,"Dengue virus infections, Dengue",,-
FLORIDA,2023,49,"Dengue virus infections, Dengue",13,-
GEORGIA,2023,49,"Dengue virus infections, Dengue",,-
MARYLAND,2023,49,"Dengue virus infections, Dengue",,-
NORTH CAROLINA,2023,49,"Dengue virus infections, Dengue",,-
SOUTH CAROLINA,2023,49,"Dengue virus infections, Dengue",,-
VIRGINIA,2023,49,"Dengue virus infections, Dengue",,-
WEST VIRGINIA,2023,49,"Dengue virus infections, Dengue",,-
EAST SOUTH CENTRAL,2023,49,"Dengue virus infections, Dengue",,-
ALABAMA,2023,49,"Dengue virus infections, Dengue",,-
KENTUCKY,2023,49,"Dengue virus infections, Dengue",,-
MISSISSIPPI,2023,49,"Dengue virus infections, Dengue",,-
TENNESSEE,2023,49,"Dengue virus infections, Dengue",,-
WEST SOUTH CENTRAL,2023,49,"Dengue virus infections, Dengue",,-
ARKANSAS,2023,49,"Dengue virus infections, Dengue",,-
LOUISIANA,2023,49,"Dengue virus infections, Dengue",,-
OKLAHOMA,2023,49,"Dengue virus infections, Dengue",,-
TEXAS,2023,49,"Dengue virus infections, Dengue",,-
MOUNTAIN,2023,49,"Dengue virus infections, Dengue",1,-
ARIZONA,2023,49,"Dengue virus infections, Dengue",1,-
COLORADO,2023,49,"Dengue virus infections, Dengue",,-
IDAHO,2023,49,"Dengue virus infections, Dengue",,-
MONTANA,2023,49,"Dengue virus infections, Dengue",,-
NEVADA,2023,49,"Dengue virus infections, Dengue",,-
NEW MEXICO,2023,49,"Dengue virus infections, Dengue",,-
UTAH,2023,49,"Dengue virus infections, Dengue",,-
WYOMING,2023,49,"Dengue virus infections, Dengue",,-
PACIFIC,2023,49,"Dengue virus infections, Dengue",,-
ALASKA,2023,49,"Dengue virus infections, Dengue",,-
CALIFORNIA,2023,49,"Dengue virus infections, Dengue",,-
HAWAII,2023,49,"Dengue virus infections, Dengue",,-
OREGON,2023,49,"Dengue virus infections, Dengue",,-
WASHINGTON,2023,49,"Dengue virus infections, Dengue",,-
US TERRITORIES,2023,49,"Dengue virus infections, Dengue",,-
AMERICAN SAMOA,2023,49,"Dengue virus infections, Dengue",,-
NORTHERN MARIANA ISLANDS,2023,49,"Dengue virus infections, Dengue",,-
GUAM,2023,49,"Dengue virus infections, Dengue",,-
PUERTO RICO,2023,49,"Dengue virus infections, Dengue",,-
U.S. VIRGIN ISLANDS,2023,49,"Dengue virus infections, Dengue",,-
NON-US RESIDENTS,2023,49,"Dengue virus infections, Dengue",,-
TOTAL,2023,49,"Dengue virus infections, Dengue",14,-
US RESIDENTS,2023,50,"Dengue virus infections, Dengue",1,-
NEW ENGLAND,2023,50,"Dengue virus infections, Dengue",,-
CONNECTICUT,2023,50,"Dengue virus infections, Dengue",,-
MAINE,2023,50,"Dengue virus infections, Dengue",,-
MASSACHUSETTS,2023,50,"Dengue virus infections, Dengue",,-
NEW HAMPSHIRE,2023,50,"Dengue virus infections, Dengue",,-
RHODE ISLAND,2023,50,"Dengue virus infections, Dengue",,-
VERMONT,2023,50,"Dengue virus infections, Dengue",,-
MIDDLE ATLANTIC,2023,50,"Dengue virus infections, Dengue",,-
NEW JERSEY,2023,50,"Dengue virus infections, Dengue",,-
NEW YORK,2023,50,"Dengue virus infections, Dengue",,-
NEW YORK CITY,2023,50,"Dengue virus infections, Dengue",,-
PENNSYLVANIA,2023,50,"Dengue virus infections, Dengue",,-
EAST NORTH CENTRAL,2023,50,"Dengue virus infections, Dengue",,-
ILLINOIS,2023,50,"Dengue virus infections, Dengue",,-
INDIANA,2023,50,"Dengue virus infections, Dengue",,-
MICHIGAN,2023,50,"Dengue virus infections, Dengue",,-
OHIO,2023,50,"Dengue virus infections, Dengue",,-
WISCONSIN,2023,50,"Dengue virus infections, Dengue",,-
WEST NORTH CENTRAL,2023,50,"Dengue virus infections, Dengue",,-
IOWA,2023,50,"Dengue virus infections, Dengue",,-
KANSAS,2023,50,"Dengue virus infections, Dengue",,-
MINNESOTA,2023,50,"Dengue virus infections, Dengue",,-
MISSOURI,2023,50,"Dengue virus infections, Dengue",,-
NEBRASKA,2023,50,"Dengue virus infections, Dengue",,-
NORTH DAKOTA,2023,50,"Dengue virus infections, Dengue",,-
SOUTH DAKOTA,2023,50,"Dengue virus infections, Dengue",,-
SOUTH ATLANTIC,2023,50,"Dengue virus infections, Dengue",,-
DELAWARE,2023,50,"Dengue virus infections, Dengue",,-
DISTRICT OF COLUMBIA,2023,50,"Dengue virus infections, Dengue",,-
FLORIDA,2023,50,"Dengue virus infections, Dengue",,-
GEORGIA,2023,50,"Dengue virus infections, Dengue",,-
MARYLAND,2023,50,"Dengue virus infections, Dengue",,-
NORTH CAROLINA,2023,50,"Dengue virus infections, Dengue",,-
SOUTH CAROLINA,2023,50,"Dengue virus infections, Dengue",,-
VIRGINIA,2023,50,"Dengue virus infections, Dengue",,-
WEST VIRGINIA,2023,50,"Dengue virus infections, Dengue",,-
EAST SOUTH CENTRAL,2023,50,"Dengue virus infections, Dengue",,-
ALABAMA,2023,50,"Dengue virus infections, Dengue",,-
KENTUCKY,2023,50,"Dengue virus infections, Dengue",,-
MISSISSIPPI,2023,50,"Dengue virus infections, Dengue",,-
TENNESSEE,2023,50,"Dengue virus infections, Dengue",,-
WEST SOUTH CENTRAL,2023,50,"Dengue virus infections, Dengue",,-
ARKANSAS,2023,50,"Dengue virus infections, Dengue",,-
LOUISIANA,2023,50,"Dengue virus infections, Dengue",,-
OKLAHOMA,2023,50,"Dengue virus infections, Dengue",,-
TEXAS,2023,50,"Dengue virus infections, Dengue",,-
MOUNTAIN,2023,50,"Dengue virus infections, Dengue",1,-
ARIZONA,2023,50,"Dengue virus infections, Dengue",1,-
COLORADO,2023,50,"Dengue virus infections, Dengue",,-
IDAHO,2023,50,"Dengue virus infections, Dengue",,-
MONTANA,2023,50,"Dengue virus infections, Dengue",,-
NEVADA,2023,50,"Dengue virus infections, Dengue",,-
NEW MEXICO,2023,50,"Dengue virus infections, Dengue",,-
UTAH,2023,50,"Dengue virus infections, Dengue",,-
WYOMING,2023,50,"Dengue virus infections, Dengue",,-
PACIFIC,2023,50,"Dengue virus infections, Dengue",,-
ALASKA,2023,50,"Dengue virus infections, Dengue",,-
CALIFORNIA,2023,50,"Dengue virus infections, Dengue",,-
HAWAII,2023,50,"Dengue virus infections, Dengue",,-
OREGON,2023,50,"Dengue virus infections, Dengue",,-
WASHINGTON,2023,50,"Dengue virus infections, Dengue",,-
US TERRITORIES,2023,50,"Dengue virus infections, Dengue",,-
AMERICAN SAMOA,2023,50,"Dengue virus infections, Dengue",,-
NORTHERN MARIANA ISLANDS,2023,50,"Dengue virus infections, Dengue",,-
GUAM,2023,50,"Dengue virus infections, Dengue",,-
PUERTO RICO,2023,50,"Dengue virus infections, Dengue",,-
U.S. VIRGIN ISLANDS,2023,50,"Dengue virus infections, Dengue",,-
NON-US RESIDENTS,2023,50,"Dengue virus infections, Dengue",,-
TOTAL,2023,50,"Dengue virus infections, Dengue",1,-
US RESIDENTS,2023,51,"Dengue virus infections, Dengue",,-
NEW ENGLAND,2023,51,"Dengue virus infections, Dengue",,-
CONNECTICUT,2023,51,"Dengue virus infections, Dengue",,-
MAINE,2023,51,"Dengue virus infections, Dengue",,-
MASSACHUSETTS,2023,51,"Dengue virus infections, Dengue",,-
NEW HAMPSHIRE,2023,51,"Dengue virus infections, Dengue",,-
RHODE ISLAND,2023,51,"Dengue virus infections, Dengue",,-
VERMONT,2023,51,"Dengue virus infections, Dengue",,-
MIDDLE ATLANTIC,2023,51,"Dengue virus infections, Dengue",,-
NEW JERSEY,2023,51,"Dengue virus infections, Dengue",,-
NEW YORK,2023,51,"Dengue virus infections, Dengue",,-
NEW YORK CITY,2023,51,"Dengue virus infections, Dengue",,-
PENNSYLVANIA,2023,51,"Dengue virus infections, Dengue",,-
EAST NORTH CENTRAL,2023,51,"Dengue virus infections, Dengue",,-
ILLINOIS,2023,51,"Dengue virus infections, Dengue",,-
INDIANA,2023,51,"Dengue virus infections, Dengue",,-
MICHIGAN,2023,51,"Dengue virus infections, Dengue",,-
OHIO,2023,51,"Dengue virus infections, Dengue",,-
WISCONSIN,2023,51,"Dengue virus infections, Dengue",,-
WEST NORTH CENTRAL,2023,51,"Dengue virus infections, Dengue",,-
IOWA,2023,51,"Dengue virus infections, Dengue",,-
KANSAS,2023,51,"Dengue virus infections, Dengue",,-
MINNESOTA,2023,51,"Dengue virus infections, Dengue",,-
MISSOURI,2023,51,"Dengue virus infections, Dengue",,-
NEBRASKA,2023,51,"Dengue virus infections, Dengue",,-
NORTH DAKOTA,2023,51,"Dengue virus infections, Dengue",,-
SOUTH DAKOTA,2023,51,"Dengue virus infections, Dengue",,-
SOUTH ATLANTIC,2023,51,"Dengue virus infections, Dengue",,-
DELAWARE,2023,51,"Dengue virus infections, Dengue",,-
DISTRICT OF COLUMBIA,2023,51,"Dengue virus infections, Dengue",,-
FLORIDA,2023,51,"Dengue virus infections, Dengue",,-
GEORGIA,2023,51,"Dengue virus infections, Dengue",,-
MARYLAND,2023,51,"Dengue virus infections, Dengue",,-
NORTH CAROLINA,2023,51,"Dengue virus infections, Dengue",,-
SOUTH CAROLINA,2023,51,"Dengue virus infections, Dengue",,-
VIRGINIA,2023,51,"Dengue virus infections, Dengue",,-
WEST VIRGINIA,2023,51,"Dengue virus infections, Dengue",,-
EAST SOUTH CENTRAL,2023,51,"Dengue virus infections, Dengue",,-
ALABAMA,2023,51,"Dengue virus infections, Dengue",,-
KENTUCKY,2023,51,"Dengue virus infections, Dengue",,-
MISSISSIPPI,2023,51,"Dengue virus infections, Dengue",,-
TENNESSEE,2023,51,"Dengue virus infections, Dengue",,-
WEST SOUTH CENTRAL,2023,51,"Dengue virus infections, Dengue",,-
ARKANSAS,2023,51,"Dengue virus infections, Dengue",,-
LOUISIANA,2023,51,"Dengue virus infections, Dengue",,-
OKLAHOMA,2023,51,"Dengue virus infections, Dengue",,-
TEXAS,2023,51,"Dengue virus infections, Dengue",,-
MOUNTAIN,2023,51,"Dengue virus infections, Dengue",,-
ARIZONA,2023,51,"Dengue virus infections, Dengue",,-
COLORADO,2023,51,"Dengue virus infections, Dengue",,-
IDAHO,2023,51,"Dengue virus infections, Dengue",,-
MONTANA,2023,51,"Dengue virus infections, Dengue",,-
NEVADA,2023,51,"Dengue virus infections, Dengue",,-
NEW MEXICO,2023,51,"Dengue virus infections, Dengue",,-
UTAH,2023,51,"Dengue virus infections, Dengue",,-
WYOMING,2023,51,"Dengue virus infections, Dengue",,-
PACIFIC,2023,51,"Dengue virus infections, Dengue",,-
ALASKA,2023,51,"Dengue virus infections, Dengue",,-
CALIFORNIA,2023,51,"Dengue virus infections, Dengue",,-
HAWAII,2023,51,"Dengue virus infections, Dengue",,-
OREGON,2023,51,"Dengue virus infections, Dengue",,-
WASHINGTON,2023,51,"Dengue virus infections, Dengue",,-
US TERRITORIES,2023,51,"Dengue virus infections, Dengue",,-
AMERICAN SAMOA,2023,51,"Dengue virus infections, Dengue",,-
NORTHERN MARIANA ISLANDS,2023,51,"Dengue virus infections, Dengue",,-
GUAM,2023,51,"Dengue virus infections, Dengue",,-
PUERTO RICO,2023,51,"Dengue virus infections, Dengue",,-
U.S. VIRGIN ISLANDS,2023,51,"Dengue virus infections, Dengue",,-
NON-US RESIDENTS,2023,51,"Dengue virus infections, Dengue",,-
TOTAL,2023,51,"Dengue virus infections, Dengue",,-
US RESIDENTS,2023,52,"Dengue virus infections, Dengue",,-
NEW ENGLAND,2023,52,"Dengue virus infections, Dengue",,-
CONNECTICUT,2023,52,"Dengue virus infections, Dengue",,-
MAINE,2023,52,"Dengue virus infections, Dengue",,-
MASSACHUSETTS,2023,52,"Dengue virus infections, Dengue",,-
NEW HAMPSHIRE,2023,52,"Dengue virus infections, Dengue",,-
RHODE ISLAND,2023,52,"Dengue virus infections, Dengue",,-
VERMONT,2023,52,"Dengue virus infections, Dengue",,-
MIDDLE ATLANTIC,2023,52,"Dengue virus infections, Dengue",,-
NEW JERSEY,2023,52,"Dengue virus infections, Dengue",,-
NEW YORK,2023,52,"Dengue virus infections, Dengue",,-
NEW YORK CITY,2023,52,"Dengue virus infections, Dengue",,-
PENNSYLVANIA,2023,52,"Dengue virus infections, Dengue",,-
EAST NORTH CENTRAL,2023,52,"Dengue virus infections, Dengue",,-
ILLINOIS,2023,52,"Dengue virus infections, Dengue",,-
INDIANA,2023,52,"Dengue virus infections, Dengue",,-
MICHIGAN,2023,52,"Dengue virus infections, Dengue",,-
OHIO,2023,52,"Dengue virus infections, Dengue",,-
WISCONSIN,2023,52,"Dengue virus infections, Dengue",,-
WEST NORTH CENTRAL,2023,52,"Dengue virus infections, Dengue",,-
IOWA,2023,52,"Dengue virus infections, Dengue",,-
KANSAS,2023,52,"Dengue virus infections, Dengue",,-
MINNESOTA,2023,52,"Dengue virus infections, Dengue",,-
MISSOURI,2023,52,"Dengue virus infections, Dengue",,-
NEBRASKA,2023,52,"Dengue virus infections, Dengue",,-
NORTH DAKOTA,2023,52,"Dengue virus infections, Dengue",,-
SOUTH DAKOTA,2023,52,"Dengue virus infections, Dengue",,-
SOUTH ATLANTIC,2023,52,"Dengue virus infections, Dengue",,-
DELAWARE,2023,52,"Dengue virus infections, Dengue",,-
DISTRICT OF COLUMBIA,2023,52,"Dengue virus infections, Dengue",,-
FLORIDA,2023,52,"Dengue virus infections, Dengue",,-
GEORGIA,2023,52,"Dengue virus infections, Dengue",,-
MARYLAND,2023,52,"Dengue virus infections, Dengue",,-
NORTH CAROLINA,2023,52,"Dengue virus infections, Dengue",,-
SOUTH CAROLINA,2023,52,"Dengue virus infections, Dengue",,-
VIRGINIA,2023,52,"Dengue virus infections, Dengue",,-
WEST VIRGINIA,2023,52,"Dengue virus infections, Dengue",,-
EAST SOUTH CENTRAL,2023,52,"Dengue virus infections, Dengue",,-
ALABAMA,2023,52,"Dengue virus infections, Dengue",,-
KENTUCKY,2023,52,"Dengue virus infections, Dengue",,-
MISSISSIPPI,2023,52,"Dengue virus infections, Dengue",,-
TENNESSEE,2023,52,"Dengue virus infections, Dengue",,-
WEST SOUTH CENTRAL,2023,52,"Dengue virus infections, Dengue",,-
ARKANSAS,2023,52,"Dengue virus infections, Dengue",,-
LOUISIANA,2023,52,"Dengue virus infections, Dengue",,-
OKLAHOMA,2023,52,"Dengue virus infections, Dengue",,-
TEXAS,2023,52,"Dengue virus infections, Dengue",,-
MOUNTAIN,2023,52,"Dengue virus infections, Dengue",,-
ARIZONA,2023,52,"Dengue virus infections, Dengue",,-
COLORADO,2023,52,"Dengue virus infections, Dengue",,-
IDAHO,2023,52,"Dengue virus infections, Dengue",,-
MONTANA,2023,52,"Dengue virus infections, Dengue",,-
NEVADA,2023,52,"Dengue virus infections, Dengue",,-
NEW MEXICO,2023,52,"Dengue virus infections, Dengue",,-
UTAH,2023,52,"Dengue virus infections, Dengue",,-
WYOMING,2023,52,"Dengue virus infections, Dengue",,-
PACIFIC,2023,52,"Dengue virus infections, Dengue",,-
ALASKA,2023,52,"Dengue virus infections, Dengue",,-
CALIFORNIA,2023,52,"Dengue virus infections, Dengue",,-
HAWAII,2023,52,"Dengue virus infections, Dengue",,-
OREGON,2023,52,"Dengue virus infections, Dengue",,-
WASHINGTON,2023,52,"Dengue virus infections, Dengue",,-
US TERRITORIES,2023,52,"Dengue virus infections, Dengue",,-
AMERICAN SAMOA,2023,52,"Dengue virus infections, Dengue",,-
NORTHERN MARIANA ISLANDS,2023,52,"Dengue virus infections, Dengue",,-
GUAM,2023,52,"Dengue virus infections, Dengue",,-
PUERTO RICO,2023,52,"Dengue virus infections, Dengue",,-
U.S. VIRGIN ISLANDS,2023,52,"Dengue virus infections, Dengue",,-
NON-US RESIDENTS,2023,52,"Dengue virus infections, Dengue",,-
TOTAL,2023,52,"Dengue virus infections, Dengue",,-
US RESIDENTS,2024,1,"Dengue virus infections, Dengue",,-
NEW ENGLAND,2024,1,"Dengue virus infections, Dengue",,-
CONNECTICUT,2024,1,"Dengue virus infections, Dengue",,-
MAINE,2024,1,"Dengue virus infections, Dengue",,-
MASSACHUSETTS,2024,1,"Dengue virus infections, Dengue",,-
NEW HAMPSHIRE,2024,1,"Dengue virus infections, Dengue",,-
RHODE ISLAND,2024,1,"Dengue virus infections, Dengue",,-
VERMONT,2024,1,"Dengue virus infections, Dengue",,-
MIDDLE ATLANTIC,2024,1,"Dengue virus infections, Dengue",,-
NEW JERSEY,2024,1,"Dengue virus infections, Dengue",,-
NEW YORK,2024,1,"Dengue virus infections, Dengue",,-
NEW YORK CITY,2024,1,"Dengue virus infections, Dengue",,-
PENNSYLVANIA,2024,1,"Dengue virus infections, Dengue",,-
EAST NORTH CENTRAL,2024,1,"Dengue virus infections, Dengue",,-
ILLINOIS,2024,1,"Dengue virus infections, Dengue",,-
INDIANA,2024,1,"Dengue virus infections, Dengue",,-
MICHIGAN,2024,1,"Dengue virus infections, Dengue",,-
OHIO,2024,1,"Dengue virus infections, Dengue",,-
WISCONSIN,2024,1,"Dengue virus infections, Dengue",,-
WEST NORTH CENTRAL,2024,1,"Dengue virus infections, Dengue",,-
IOWA,2024,1,"Dengue virus infections, Dengue",,-
KANSAS,2024,1,"Dengue virus infections, Dengue",,-
MINNESOTA,2024,1,"Dengue virus infections, Dengue",,-
MISSOURI,2024,1,"Dengue virus infections, Dengue",,-
NEBRASKA,2024,1,"Dengue virus infections, Dengue",,-
NORTH DAKOTA,2024,1,"Dengue virus infections, Dengue",,-
SOUTH DAKOTA,2024,1,"Dengue virus infections, Dengue",,-
SOUTH ATLANTIC,2024,1,"Dengue virus infections, Dengue",,-
DELAWARE,2024,1,"Dengue virus infections, Dengue",,-
DISTRICT OF COLUMBIA,2024,1,"Dengue virus infections, Dengue",,-
FLORIDA,2024,1,"Dengue virus infections, Dengue",,-
GEORGIA,2024,1,"Dengue virus infections, Dengue",,-
MARYLAND,2024,1,"Dengue virus infections, Dengue",,-
NORTH CAROLINA,2024,1,"Dengue virus infections, Dengue",,-
SOUTH CAROLINA,2024,1,"Dengue virus infections, Dengue",,-
VIRGINIA,2024,1,"Dengue virus infections, Dengue",,-
WEST VIRGINIA,2024,1,"Dengue virus infections, Dengue",,-
EAST SOUTH CENTRAL,2024,1,"Dengue virus infections, Dengue",,-
ALABAMA,2024,1,"Dengue virus infections, Dengue",,-
KENTUCKY,2024,1,"Dengue virus infections, Dengue",,-
MISSISSIPPI,2024,1,"Dengue virus infections, Dengue",,-
TENNESSEE,2024,1,"Dengue virus infections, Dengue",,-
WEST SOUTH CENTRAL,2024,1,"Dengue virus infections, Dengue",,-
ARKANSAS,2024,1,"Dengue virus infections, Dengue",,-
LOUISIANA,2024,1,"Dengue virus infections, Dengue",,-
OKLAHOMA,2024,1,"Dengue virus infections, Dengue",,-
TEXAS,2024,1,"Dengue virus infections, Dengue",,-
MOUNTAIN,2024,1,"Dengue virus infections, Dengue",,-
ARIZONA,2024,1,"Dengue virus infections, Dengue",,-
COLORADO,2024,1,"Dengue virus infections, Dengue",,-
IDAHO,2024,1,"Dengue virus infections, Dengue",,-
MONTANA,2024,1,"Dengue virus infections, Dengue",,-
NEVADA,2024,1,"Dengue virus infections, Dengue",,-
NEW MEXICO,2024,1,"Dengue virus infections, Dengue",,-
UTAH,2024,1,"Dengue virus infections, Dengue",,-
WYOMING,2024,1,"Dengue virus infections, Dengue",,-
PACIFIC,2024,1,"Dengue virus infections, Dengue",,-
ALASKA,2024,1,"Dengue virus infections, Dengue",,-
CALIFORNIA,2024,1,"Dengue virus infections, Dengue",,-
HAWAII,2024,1,"Dengue virus infections, Dengue",,-
OREGON,2024,1,"Dengue virus infections, Dengue",,-
WASHINGTON,2024,1,"Dengue virus infections, Dengue",,-
US TERRITORIES,2024,1,"Dengue virus infections, Dengue",,-
AMERICAN SAMOA,2024,1,"Dengue virus infections, Dengue",,-
NORTHERN MARIANA ISLANDS,2024,1,"Dengue virus infections, Dengue",,-
GUAM,2024,1,"Dengue virus infections, Dengue",,-
PUERTO RICO,2024,1,"Dengue virus infections, Dengue",,-
U.S. VIRGIN ISLANDS,2024,1,"Dengue virus infections, Dengue",,-
NON-US RESIDENTS,2024,1,"Dengue virus infections, Dengue",,-
TOTAL,2024,1,"Dengue virus infections, Dengue",,-
US RESIDENTS,2024,2,"Dengue virus infections, Dengue",,-
NEW ENGLAND,2024,2,"Dengue virus infections, Dengue",,-
CONNECTICUT,2024,2,"Dengue virus infections, Dengue",,-
MAINE,2024,2,"Dengue virus infections, Dengue",,-
MASSACHUSETTS,2024,2,"Dengue virus infections, Dengue",,-
NEW HAMPSHIRE,2024,2,"Dengue virus infections, Dengue",,-
RHODE ISLAND,2024,2,"Dengue virus infections, Dengue",,-
VERMONT,2024,2,"Dengue virus infections, Dengue",,-
MIDDLE ATLANTIC,2024,2,"Dengue virus infections, Dengue",,-
NEW JERSEY,2024,2,"Dengue virus infections, Dengue",,-
NEW YORK,2024,2,"Dengue virus infections, Dengue",,-
NEW YORK CITY,2024,2,"Dengue virus infections, Dengue",,-
PENNSYLVANIA,2024,2,"Dengue virus infections, Dengue",,-
EAST NORTH CENTRAL,2024,2,"Dengue virus infections, Dengue",,-
ILLINOIS,2024,2,"Dengue virus infections, Dengue",,-
INDIANA,2024,2,"Dengue virus infections, Dengue",,-
MICHIGAN,2024,2,"Dengue virus infections, Dengue",,-
OHIO,2024,2,"Dengue virus infections, Dengue",,-
WISCONSIN,2024,2,"Dengue virus infections, Dengue",,-
WEST NORTH CENTRAL,2024,2,"Dengue virus infections, Dengue",,-
IOWA,2024,2,"Dengue virus infections, Dengue",,-
KANSAS,2024,2,"Dengue virus infections, Dengue",,-
MINNESOTA,2024,2,"Dengue virus infections, Dengue",,-
MISSOURI,2024,2,"Dengue virus infections, Dengue",,-
NEBRASKA,2024,2,"Dengue virus infections, Dengue",,-
NORTH DAKOTA,2024,2,"Dengue virus infections, Dengue",,-
SOUTH DAKOTA,2024,2,"Dengue virus infections, Dengue",,-
SOUTH ATLANTIC,2024,2,"Dengue virus infections, Dengue",,-
DELAWARE,2024,2,"Dengue virus infections, Dengue",,-
DISTRICT OF COLUMBIA,2024,2,"Dengue virus infections, Dengue",,-
FLORIDA,2024,2,"Dengue virus infections, Dengue",,-
GEORGIA,2024,2,"Dengue virus infections, Dengue",,-
MARYLAND,2024,2,"Dengue virus infections, Dengue",,-
NORTH CAROLINA,2024,2,"Dengue virus infections, Dengue",,-
SOUTH CAROLINA,2024,2,"Dengue virus infections, Dengue",,-
VIRGINIA,2024,2,"Dengue virus infections, Dengue",,-
WEST VIRGINIA,2024,2,"Dengue virus infections, Dengue",,-
EAST SOUTH CENTRAL,2024,2,"Dengue virus infections, Dengue",,-
ALABAMA,2024,2,"Dengue virus infections, Dengue",,-
KENTUCKY,2024,2,"Dengue virus infections, Dengue",,-
MISSISSIPPI,2024,2,"Dengue virus infections, Dengue",,-
TENNESSEE,2024,2,"Dengue virus infections, Dengue",,-
WEST SOUTH CENTRAL,2024,2,"Dengue virus infections, Dengue",,-
ARKANSAS,2024,2,"Dengue virus infections, Dengue",,-
LOUISIANA,2024,2,"Dengue virus infections, Dengue",,-
OKLAHOMA,2024,2,"Dengue virus infections, Dengue",,-
TEXAS,2024,2,"Dengue virus infections, Dengue",,-
MOUNTAIN,2024,2,"Dengue virus infections, Dengue",,-
ARIZONA,2024,2,"Dengue virus infections, Dengue",,-
COLORADO,2024,2,"Dengue virus infections, Dengue",,-
IDAHO,2024,2,"Dengue virus infections, Dengue",,-
MONTANA,2024,2,"Dengue virus infections, Dengue",,-
NEVADA,2024,2,"Dengue virus infections, Dengue",,-
NEW MEXICO,2024,2,"Dengue virus infections, Dengue",,-
UTAH,2024,2,"Dengue virus infections, Dengue",,-
WYOMING,2024,2,"Dengue virus infections, Dengue",,-
PACIFIC,2024,2,"Dengue virus infections, Dengue",,-
ALASKA,2024,2,"Dengue virus infections, Dengue",,-
CALIFORNIA,2024,2,"Dengue virus infections, Dengue",,-
HAWAII,2024,2,"Dengue virus infections, Dengue",,-
OREGON,2024,2,"Dengue virus infections, Dengue",,-
WASHINGTON,2024,2,"Dengue virus infections, Dengue",,-
US TERRITORIES,2024,2,"Dengue virus infections, Dengue",,-
AMERICAN SAMOA,2024,2,"Dengue virus infections, Dengue",,-
NORTHERN MARIANA ISLANDS,2024,2,"Dengue virus infections, Dengue",,-
GUAM,2024,2,"Dengue virus infections, Dengue",,-
PUERTO RICO,2024,2,"Dengue virus infections, Dengue",,-
U.S. VIRGIN ISLANDS,2024,2,"Dengue virus infections, Dengue",,-
NON-US RESIDENTS,2024,2,"Dengue virus infections, Dengue",,-
TOTAL,2024,2,"Dengue virus infections, Dengue",,-
US RESIDENTS,2024,3,"Dengue virus infections, Dengue",2,-
NEW ENGLAND,2024,3,"Dengue virus infections, Dengue",,-
CONNECTICUT,2024,3,"Dengue virus infections, Dengue",,-
MAINE,2024,3,"Dengue virus infections, Dengue",,-
MASSACHUSETTS,2024,3,"Dengue virus infections, Dengue",,-
NEW HAMPSHIRE,2024,3,"Dengue virus infections, Dengue",,-
RHODE ISLAND,2024,3,"Dengue virus infections, Dengue",,-
VERMONT,2024,3,"Dengue virus infections, Dengue",,-
MIDDLE ATLANTIC,2024,3,"Dengue virus infections, Dengue",,-
NEW JERSEY,2024,3,"Dengue virus infections, Dengue",,-
NEW YORK,2024,3,"Dengue virus infections, Dengue",,-
NEW YORK CITY,2024,3,"Dengue virus infections, Dengue",,-
PENNSYLVANIA,2024,3,"Dengue virus infections, Dengue",,-
EAST NORTH CENTRAL,2024,3,"Dengue virus infections, Dengue",,-
ILLINOIS,2024,3,"Dengue virus infections, Dengue",,-
INDIANA,2024,3,"Dengue virus infections, Dengue",,-
MICHIGAN,2024,3,"Dengue virus infections, Dengue",,-
OHIO,2024,3,"Dengue virus infections, Dengue",,-
WISCONSIN,2024,3,"Dengue virus infections, Dengue",,-
WEST NORTH CENTRAL,2024,3,"Dengue virus infections, Dengue",,-
IOWA,2024,3,"Dengue virus infections, Dengue",,-
KANSAS,2024,3,"Dengue virus infections, Dengue",,-
MINNESOTA,2024,3,"Dengue virus infections, Dengue",,-
MISSOURI,2024,3,"Dengue virus infections, Dengue",,-
NEBRASKA,2024,3,"Dengue virus infections, Dengue",,-
NORTH DAKOTA,2024,3,"Dengue virus infections, Dengue",,-
SOUTH DAKOTA,2024,3,"Dengue virus infections, Dengue",,-
SOUTH ATLANTIC,2024,3,"Dengue virus infections, Dengue",2,-
DELAWARE,2024,3,"Dengue virus infections, Dengue",,-
DISTRICT OF COLUMBIA,2024,3,"Dengue virus infections, Dengue",,-
FLORIDA,2024,3,"Dengue virus infections, Dengue",1,-
GEORGIA,2024,3,"Dengue virus infections, Dengue",,-
MARYLAND,2024,3,"Dengue virus infections, Dengue",1,-
NORTH CAROLINA,2024,3,"Dengue virus infections, Dengue",,-
SOUTH CAROLINA,2024,3,"Dengue virus infections, Dengue",,-
VIRGINIA,2024,3,"Dengue virus infections, Dengue",,-
WEST VIRGINIA,2024,3,"Dengue virus infections, Dengue",,-
EAST SOUTH CENTRAL,2024,3,"Dengue virus infections, Dengue",,-
ALABAMA,2024,3,"Dengue virus infections, Dengue",,-
KENTUCKY,2024,3,"Dengue virus infections, Dengue",,-
MISSISSIPPI,2024,3,"Dengue virus infections, Dengue",,-
TENNESSEE,2024,3,"Dengue virus infections, Dengue",,-
WEST SOUTH CENTRAL,2024,3,"Dengue virus infections, Dengue",,-
ARKANSAS,2024,3,"Dengue virus infections, Dengue",,-
LOUISIANA,2024,3,"Dengue virus infections, Dengue",,-
OKLAHOMA,2024,3,"Dengue virus infections, Dengue",,-
TEXAS,2024,3,"Dengue virus infections, Dengue",,-
MOUNTAIN,2024,3,"Dengue virus infections, Dengue",,-
ARIZONA,2024,3,"Dengue virus infections, Dengue",,-
COLORADO,2024,3,"Dengue virus infections, Dengue",,-
IDAHO,2024,3,"Dengue virus infections, Dengue",,-
MONTANA,2024,3,"Dengue virus infections, Dengue",,-
NEVADA,2024,3,"Dengue virus infections, Dengue",,-
NEW MEXICO,2024,3,"Dengue virus infections, Dengue",,-
UTAH,2024,3,"Dengue virus infections, Dengue",,-
WYOMING,2024,3,"Dengue virus infections, Dengue",,-
PACIFIC,2024,3,"Dengue virus infections, Dengue",,-
ALASKA,2024,3,"Dengue virus infections, Dengue",,-
CALIFORNIA,2024,3,"Dengue virus infections, Dengue",,-
HAWAII,2024,3,"Dengue virus infections, Dengue",,-
OREGON,2024,3,"Dengue virus infections, Dengue",,-
WASHINGTON,2024,3,"Dengue virus infections, Dengue",,-
US TERRITORIES,2024,3,"Dengue virus infections, Dengue",,-
AMERICAN SAMOA,2024,3,"Dengue virus infections, Dengue",,-
NORTHERN MARIANA ISLANDS,2024,3,"Dengue virus infections, Dengue",,-
GUAM,2024,3,"Dengue virus infections, Dengue",,-
PUERTO RICO,2024,3,"Dengue virus infections, Dengue",,-
U.S. VIRGIN ISLANDS,2024,3,"Dengue virus infections, Dengue",,-
NON-US RESIDENTS,2024,3,"Dengue virus infections, Dengue",,-
TOTAL,2024,3,"Dengue virus infections, Dengue",2,-
US RESIDENTS,2024,4,"Dengue virus infections, Dengue",3,-
NEW ENGLAND,2024,4,"Dengue virus infections, Dengue",,-
CONNECTICUT,2024,4,"Dengue virus infections, Dengue",,-
MAINE,2024,4,"Dengue virus infections, Dengue",,-
MASSACHUSETTS,2024,4,"Dengue virus infections, Dengue",,-
NEW HAMPSHIRE,2024,4,"Dengue virus infections, Dengue",,-
RHODE ISLAND,2024,4,"Dengue virus infections, Dengue",,-
VERMONT,2024,4,"Dengue virus infections, Dengue",,-
MIDDLE ATLANTIC,2024,4,"Dengue virus infections, Dengue",,-
NEW JERSEY,2024,4,"Dengue virus infections, Dengue",,-
NEW YORK,2024,4,"Dengue virus infections, Dengue",,-
NEW YORK CITY,2024,4,"Dengue virus infections, Dengue",,-
PENNSYLVANIA,2024,4,"Dengue virus infections, Dengue",,-
EAST NORTH CENTRAL,2024,4,"Dengue virus infections, Dengue",2,-
ILLINOIS,2024,4,"Dengue virus infections, Dengue",,-
INDIANA,2024,4,"Dengue virus infections, Dengue",,-
MICHIGAN,2024,4,"Dengue virus infections, Dengue",1,-
OHIO,2024,4,"Dengue virus infections, Dengue",,-
WISCONSIN,2024,4,"Dengue virus infections, Dengue",1,-
WEST NORTH CENTRAL,2024,4,"Dengue virus infections, Dengue",,-
IOWA,2024,4,"Dengue virus infections, Dengue",,-
KANSAS,2024,4,"Dengue virus infections, Dengue",,-
MINNESOTA,2024,4,"Dengue virus infections, Dengue",,-
MISSOURI,2024,4,"Dengue virus infections, Dengue",,-
NEBRASKA,2024,4,"Dengue virus infections, Dengue",,-
NORTH DAKOTA,2024,4,"Dengue virus infections, Dengue",,-
SOUTH DAKOTA,2024,4,"Dengue virus infections, Dengue",,-
SOUTH ATLANTIC,2024,4,"Dengue virus infections, Dengue",1,-
DELAWARE,2024,4,"Dengue virus infections, Dengue",,-
DISTRICT OF COLUMBIA,2024,4,"Dengue virus infections, Dengue",,-
FLORIDA,2024,4,"Dengue virus infections, Dengue",,-
GEORGIA,2024,4,"Dengue virus infections, Dengue",,-
MARYLAND,2024,4,"Dengue virus infections, Dengue",1,-
NORTH CAROLINA,2024,4,"Dengue virus infections, Dengue",,-
SOUTH CAROLINA,2024,4,"Dengue virus infections, Dengue",,-
VIRGINIA,2024,4,"Dengue virus infections, Dengue",,-
WEST VIRGINIA,2024,4,"Dengue virus infections, Dengue",,-
EAST SOUTH CENTRAL,2024,4,"Dengue virus infections, Dengue",,-
ALABAMA,2024,4,"Dengue virus infections, Dengue",,-
KENTUCKY,2024,4,"Dengue virus infections, Dengue",,-
MISSISSIPPI,2024,4,"Dengue virus infections, Dengue",,-
TENNESSEE,2024,4,"Dengue virus infections, Dengue",,-
WEST SOUTH CENTRAL,2024,4,"Dengue virus infections, Dengue",,-
ARKANSAS,2024,4,"Dengue virus infections, Dengue",,-
LOUISIANA,2024,4,"Dengue virus infections, Dengue",,-
OKLAHOMA,2024,4,"Dengue virus infections, Dengue",,-
TEXAS,2024,4,"Dengue virus infections, Dengue",,-
MOUNTAIN,2024,4,"Dengue virus infections, Dengue",,-
ARIZONA,2024,4,"Dengue virus infections, Dengue",,-
COLORADO,2024,4,"Dengue virus infections, Dengue",,-
IDAHO,2024,4,"Dengue virus infections, Dengue",,-
MONTANA,2024,4,"Dengue virus infections, Dengue",,-
NEVADA,2024,4,"Dengue virus infections, Dengue",,-
NEW MEXICO,2024,4,"Dengue virus infections, Dengue",,-
UTAH,2024,4,"Dengue virus infections, Dengue",,-
WYOMING,2024,4,"Dengue virus infections, Dengue",,-
PACIFIC,2024,4,"Dengue virus infections, Dengue",,-
ALASKA,2024,4,"Dengue virus infections, Dengue",,-
CALIFORNIA,2024,4,"Dengue virus infections, Dengue",,-
HAWAII,2024,4,"Dengue virus infections, Dengue",,-
OREGON,2024,4,"Dengue virus infections, Dengue",,-
WASHINGTON,2024,4,"Dengue virus infections, Dengue",,-
US TERRITORIES,2024,4,"Dengue virus infections, Dengue",,-
AMERICAN SAMOA,2024,4,"Dengue virus infections, Dengue",,-
NORTHERN MARIANA ISLANDS,2024,4,"Dengue virus infections, Dengue",,-
GUAM,2024,4,"Dengue virus infections, Dengue",,-
PUERTO RICO,2024,4,"Dengue virus infections, Dengue",,-
U.S. VIRGIN ISLANDS,2024,4,"Dengue virus infections, Dengue",,-
NON-US RESIDENTS,2024,4,"Dengue virus infections, Dengue",,-
TOTAL,2024,4,"Dengue virus infections, Dengue",3,-
US RESIDENTS,2024,5,"Dengue virus infections, Dengue",3,-
NEW ENGLAND,2024,5,"Dengue virus infections, Dengue",,-
CONNECTICUT,2024,5,"Dengue virus infections, Dengue",,-
MAINE,2024,5,"Dengue virus infections, Dengue",,-
MASSACHUSETTS,2024,5,"Dengue virus infections, Dengue",,-
NEW HAMPSHIRE,2024,5,"Dengue virus infections, Dengue",,-
RHODE ISLAND,2024,5,"Dengue virus infections, Dengue",,-
VERMONT,2024,5,"Dengue virus infections, Dengue",,-
MIDDLE ATLANTIC,2024,5,"Dengue virus infections, Dengue",3,-
NEW JERSEY,2024,5,"Dengue virus infections, Dengue",,-
NEW YORK,2024,5,"Dengue virus infections, Dengue",3,-
NEW YORK CITY,2024,5,"Dengue virus infections, Dengue",,-
PENNSYLVANIA,2024,5,"Dengue virus infections, Dengue",,-
EAST NORTH CENTRAL,2024,5,"Dengue virus infections, Dengue",,-
ILLINOIS,2024,5,"Dengue virus infections, Dengue",,-
INDIANA,2024,5,"Dengue virus infections, Dengue",,-
MICHIGAN,2024,5,"Dengue virus infections, Dengue",,-
OHIO,2024,5,"Dengue virus infections, Dengue",,-
WISCONSIN,2024,5,"Dengue virus infections, Dengue",,-
WEST NORTH CENTRAL,2024,5,"Dengue virus infections, Dengue",,-
IOWA,2024,5,"Dengue virus infections, Dengue",,-
KANSAS,2024,5,"Dengue virus infections, Dengue",,-
MINNESOTA,2024,5,"Dengue virus infections, Dengue",,-
MISSOURI,2024,5,"Dengue virus infections, Dengue",,-
NEBRASKA,2024,5,"Dengue virus infections, Dengue",,-
NORTH DAKOTA,2024,5,"Dengue virus infections, Dengue",,-
SOUTH DAKOTA,2024,5,"Dengue virus infections, Dengue",,-
SOUTH ATLANTIC,2024,5,"Dengue virus infections, Dengue",,-
DELAWARE,2024,5,"Dengue virus infections, Dengue",,-
DISTRICT OF COLUMBIA,2024,5,"Dengue virus infections, Dengue",,-
FLORIDA,2024,5,"Dengue virus infections, Dengue",,-
GEORGIA,2024,5,"Dengue virus infections, Dengue",,-
MARYLAND,2024,5,"Dengue virus infections, Dengue",,-
NORTH CAROLINA,2024,5,"Dengue virus infections, Dengue",,-
SOUTH CAROLINA,2024,5,"Dengue virus infections, Dengue",,-
VIRGINIA,2024,5,"Dengue virus infections, Dengue",,-
WEST VIRGINIA,2024,5,"Dengue virus infections, Dengue",,-
EAST SOUTH CENTRAL,2024,5,"Dengue virus infections, Dengue",,-
ALABAMA,2024,5,"Dengue virus infections, Dengue",,-
KENTUCKY,2024,5,"Dengue virus infections, Dengue",,-
MISSISSIPPI,2024,5,"Dengue virus infections, Dengue",,-
TENNESSEE,2024,5,"Dengue virus infections, Dengue",,-
WEST SOUTH CENTRAL,2024,5,"Dengue virus infections, Dengue",,-
ARKANSAS,2024,5,"Dengue virus infections, Dengue",,-
LOUISIANA,2024,5,"Dengue virus infections, Dengue",,-
OKLAHOMA,2024,5,"Dengue virus infections, Dengue",,-
TEXAS,2024,5,"Dengue virus infections, Dengue",,-
MOUNTAIN,2024,5,"Dengue virus infections, Dengue",,-
ARIZONA,2024,5,"Dengue virus infections, Dengue",,-
COLORADO,2024,5,"Dengue virus infections, Dengue",,-
IDAHO,2024,5,"Dengue virus infections, Dengue",,-
MONTANA,2024,5,"Dengue virus infections, Dengue",,-
NEVADA,2024,5,"Dengue virus infections, Dengue",,-
NEW MEXICO,2024,5,"Dengue virus infections, Dengue",,-
UTAH,2024,5,"Dengue virus infections, Dengue",,-
WYOMING,2024,5,"Dengue virus infections, Dengue",,-
PACIFIC,2024,5,"Dengue virus infections, Dengue",,-
ALASKA,2024,5,"Dengue virus infections, Dengue",,-
CALIFORNIA,2024,5,"Dengue virus infections, Dengue",,-
HAWAII,2024,5,"Dengue virus infections, Dengue",,-
OREGON,2024,5,"Dengue virus infections, Dengue",,-
WASHINGTON,2024,5,"Dengue virus infections, Dengue",,-
US TERRITORIES,2024,5,"Dengue virus infections, Dengue",,-
AMERICAN SAMOA,2024,5,"Dengue virus infections, Dengue",,-
NORTHERN MARIANA ISLANDS,2024,5,"Dengue virus infections, Dengue",,-
GUAM,2024,5,"Dengue virus infections, Dengue",,-
PUERTO RICO,2024,5,"Dengue virus infections, Dengue",,-
U.S. VIRGIN ISLANDS,2024,5,"Dengue virus infections, Dengue",,-
NON-US RESIDENTS,2024,5,"Dengue virus infections, Dengue",,-
TOTAL,2024,5,"Dengue virus infections, Dengue",3,-
US RESIDENTS,2024,6,"Dengue virus infections, Dengue",1,-
NEW ENGLAND,2024,6,"Dengue virus infections, Dengue",,-
CONNECTICUT,2024,6,"Dengue virus infections, Dengue",,-
MAINE,2024,6,"Dengue virus infections, Dengue",,-
MASSACHUSETTS,2024,6,"Dengue virus infections, Dengue",,-
NEW HAMPSHIRE,2024,6,"Dengue virus infections, Dengue",,-
RHODE ISLAND,2024,6,"Dengue virus infections, Dengue",,-
VERMONT,2024,6,"Dengue virus infections, Dengue",,-
MIDDLE ATLANTIC,2024,6,"Dengue virus infections, Dengue",,-
NEW JERSEY,2024,6,"Dengue virus infections, Dengue",,-
NEW YORK,2024,6,"Dengue virus infections, Dengue",,-
NEW YORK CITY,2024,6,"Dengue virus infections, Dengue",,-
PENNSYLVANIA,2024,6,"Dengue virus infections, Dengue",,-
EAST NORTH CENTRAL,2024,6,"Dengue virus infections, Dengue",,-
ILLINOIS,2024,6,"Dengue virus infections, Dengue",,-
INDIANA,2024,6,"Dengue virus infections, Dengue",,-
MICHIGAN,2024,6,"Dengue virus infections, Dengue",,-
OHIO,2024,6,"Dengue virus infections, Dengue",,-
WISCONSIN,2024,6,"Dengue virus infections, Dengue",,-
WEST NORTH CENTRAL,2024,6,"Dengue virus infections, Dengue",,-
IOWA,2024,6,"Dengue virus infections, Dengue",,-
KANSAS,2024,6,"Dengue virus infections, Dengue",,-
MINNESOTA,2024,6,"Dengue virus infections, Dengue",,-
MISSOURI,2024,6,"Dengue virus infections, Dengue",,-
NEBRASKA,2024,6,"Dengue virus infections, Dengue",,-
NORTH DAKOTA,2024,6,"Dengue virus infections, Dengue",,-
SOUTH DAKOTA,2024,6,"Dengue virus infections, Dengue",,-
SOUTH ATLANTIC,2024,6,"Dengue virus infections, Dengue",,-
DELAWARE,2024,6,"Dengue virus infections, Dengue",,-
DISTRICT OF COLUMBIA,2024,6,"Dengue virus infections, Dengue",,-
FLORIDA,2024,6,"Dengue virus infections, Dengue",,-
GEORGIA,2024,6,"Dengue virus infections, Dengue",,-
MARYLAND,2024,6,"Dengue virus infections, Dengue",,-
NORTH CAROLINA,2024,6,"Dengue virus infections, Dengue",,-
SOUTH CAROLINA,2024,6,"Dengue virus infections, Dengue",,-
VIRGINIA,2024,6,"Dengue virus infections, Dengue",,-
WEST VIRGINIA,2024,6,"Dengue virus infections, Dengue",,-
EAST SOUTH CENTRAL,2024,6,"Dengue virus infections, Dengue",,-
ALABAMA,2024,6,"Dengue virus infections, Dengue",,-
KENTUCKY,2024,6,"Dengue virus infections, Dengue",,-
MISSISSIPPI,2024,6,"Dengue virus infections, Dengue",,-
TENNESSEE,2024,6,"Dengue virus infections, Dengue",,-
WEST SOUTH CENTRAL,2024,6,"Dengue virus infections, Dengue",,-
ARKANSAS,2024,6,"Dengue virus infections, Dengue",,-
LOUISIANA,2024,6,"Dengue virus infections, Dengue",,-
OKLAHOMA,2024,6,"Dengue virus infections, Dengue",,-
TEXAS,2024,6,"Dengue virus infections, Dengue",,-
MOUNTAIN,2024,6,"Dengue virus infections, Dengue",,-
ARIZONA,2024,6,"Dengue virus infections, Dengue",,-
COLORADO,2024,6,"Dengue virus infections, Dengue",,-
IDAHO,2024,6,"Dengue virus infections, Dengue",,-
MONTANA,2024,6,"Dengue virus infections, Dengue",,-
NEVADA,2024,6,"Dengue virus infections, Dengue",,-
NEW MEXICO,2024,6,"Dengue virus infections, Dengue",,-
UTAH,2024,6,"Dengue virus infections, Dengue",,-
WYOMING,2024,6,"Dengue virus infections, Dengue",,-
PACIFIC,2024,6,"Dengue virus infections, Dengue",1,-
ALASKA,2024,6,"Dengue virus infections, Dengue",,-
CALIFORNIA,2024,6,"Dengue virus infections, Dengue",,-
HAWAII,2024,6,"Dengue virus infections, Dengue",,-
OREGON,2024,6,"Dengue virus infections, Dengue",1,-
WASHINGTON,2024,6,"Dengue virus infections, Dengue",,-
US TERRITORIES,2024,6,"Dengue virus infections, Dengue",,-
AMERICAN SAMOA,2024,6,"Dengue virus infections, Dengue",,-
NORTHERN MARIANA ISLANDS,2024,6,"Dengue virus infections, Dengue",,-
GUAM,2024,6,"Dengue virus infections, Dengue",,-
PUERTO RICO,2024,6,"Dengue virus infections, Dengue",,-
U.S. VIRGIN ISLANDS,2024,6,"Dengue virus infections, Dengue",,-
NON-US RESIDENTS,2024,6,"Dengue virus infections, Dengue",,-
TOTAL,2024,6,"Dengue virus infections, Dengue",1,-
US RESIDENTS,2024,7,"Dengue virus infections, Dengue",1,-
NEW ENGLAND,2024,7,"Dengue virus infections, Dengue",,-
CONNECTICUT,2024,7,"Dengue virus infections, Dengue",,-
MAINE,2024,7,"Dengue virus infections, Dengue",,-
MASSACHUSETTS,2024,7,"Dengue virus infections, Dengue",,-
NEW HAMPSHIRE,2024,7,"Dengue virus infections, Dengue",,-
RHODE ISLAND,2024,7,"Dengue virus infections, Dengue",,-
VERMONT,2024,7,"Dengue virus infections, Dengue",,-
MIDDLE ATLANTIC,2024,7,"Dengue virus infections, Dengue",,-
NEW JERSEY,2024,7,"Dengue virus infections, Dengue",,-
NEW YORK,2024,7,"Dengue virus infections, Dengue",,-
NEW YORK CITY,2024,7,"Dengue virus infections, Dengue",,-
PENNSYLVANIA,2024,7,"Dengue virus infections, Dengue",,-
EAST NORTH CENTRAL,2024,7,"Dengue virus infections, Dengue",,-
ILLINOIS,2024,7,"Dengue virus infections, Dengue",,-
INDIANA,2024,7,"Dengue virus infections, Dengue",,-
MICHIGAN,2024,7,"Dengue virus infections, Dengue",,-
OHIO,2024,7,"Dengue virus infections, Dengue",,-
WISCONSIN,2024,7,"Dengue virus infections, Dengue",,-
WEST NORTH CENTRAL,2024,7,"Dengue virus infections, Dengue",,-
IOWA,2024,7,"Dengue virus infections, Dengue",,-
KANSAS,2024,7,"Dengue virus infections, Dengue",,-
MINNESOTA,2024,7,"Dengue virus infections, Dengue",,-
MISSOURI,2024,7,"Dengue virus infections, Dengue",,-
NEBRASKA,2024,7,"Dengue virus infections, Dengue",,-
NORTH DAKOTA,2024,7,"Dengue virus infections, Dengue",,-
SOUTH DAKOTA,2024,7,"Dengue virus infections, Dengue",,-
SOUTH ATLANTIC,2024,7,"Dengue virus infections, Dengue",1,-
DELAWARE,2024,7,"Dengue virus infections, Dengue",,-
DISTRICT OF COLUMBIA,2024,7,"Dengue virus infections, Dengue",,-
FLORIDA,2024,7,"Dengue virus infections, Dengue",1,-
GEORGIA,2024,7,"Dengue virus infections, Dengue",,-
MARYLAND,2024,7,"Dengue virus infections, Dengue",,-
NORTH CAROLINA,2024,7,"Dengue virus infections, Dengue",,-
SOUTH CAROLINA,2024,7,"Dengue virus infections, Dengue",,-
VIRGINIA,2024,7,"Dengue virus infections, Dengue",,-
WEST VIRGINIA,2024,7,"Dengue virus infections, Dengue",,-
EAST SOUTH CENTRAL,2024,7,"Dengue virus infections, Dengue",,-
ALABAMA,2024,7,"Dengue virus infections, Dengue",,-
KENTUCKY,2024,7,"Dengue virus infections, Dengue",,-
MISSISSIPPI,2024,7,"Dengue virus infections, Dengue",,-
TENNESSEE,2024,7,"Dengue virus infections, Dengue",,-
WEST SOUTH CENTRAL,2024,7,"Dengue virus infections, Dengue",,-
ARKANSAS,2024,7,"Dengue virus infections, Dengue",,-
LOUISIANA,2024,7,"Dengue virus infections, Dengue",,-
OKLAHOMA,2024,7,"Dengue virus infections, Dengue",,-
TEXAS,2024,7,"Dengue virus infections, Dengue",,-
MOUNTAIN,2024,7,"Dengue virus infections, Dengue",,-
ARIZONA,2024,7,"Dengue virus infections, Dengue",,-
COLORADO,2024,7,"Dengue virus infections, Dengue",,-
IDAHO,2024,7,"Dengue virus infections, Dengue",,-
MONTANA,2024,7,"Dengue virus infections, Dengue",,-
NEVADA,2024,7,"Dengue virus infections, Dengue",,-
NEW MEXICO,2024,7,"Dengue virus infections, Dengue",,-
UTAH,2024,7,"Dengue virus infections, Dengue",,-
WYOMING,2024,7,"Dengue virus infections, Dengue",,-
PACIFIC,2024,7,"Dengue virus infections, Dengue",,-
ALASKA,2024,7,"Dengue virus infections, Dengue",,-
CALIFORNIA,2024,7,"Dengue virus infections, Dengue",,-
HAWAII,2024,7,"Dengue virus infections, Dengue",,-
OREGON,2024,7,"Dengue virus infections, Dengue",,-
WASHINGTON,2024,7,"Dengue virus infections, Dengue",,-
US TERRITORIES,2024,7,"Dengue virus infections, Dengue",,-
AMERICAN SAMOA,2024,7,"Dengue virus infections, Dengue",,-
NORTHERN MARIANA ISLANDS,2024,7,"Dengue virus infections, Dengue",,-
GUAM,2024,7,"Dengue virus infections, Dengue",,-
PUERTO RICO,2024,7,"Dengue virus infections, Dengue",,-
U.S. VIRGIN ISLANDS,2024,7,"Dengue virus infections, Dengue",,-
NON-US RESIDENTS,2024,7,"Dengue virus infections, Dengue",,-
TOTAL,2024,7,"Dengue virus infections, Dengue",1,-
US RESIDENTS,2024,8,"Dengue virus infections, Dengue",,-
NEW ENGLAND,2024,8,"Dengue virus infections, Dengue",,-
CONNECTICUT,2024,8,"Dengue virus infections, Dengue",,-
MAINE,2024,8,"Dengue virus infections, Dengue",,-
MASSACHUSETTS,2024,8,"Dengue virus infections, Dengue",,-
NEW HAMPSHIRE,2024,8,"Dengue virus infections, Dengue",,-
RHODE ISLAND,2024,8,"Dengue virus infections, Dengue",,-
VERMONT,2024,8,"Dengue virus infections, Dengue",,-
MIDDLE ATLANTIC,2024,8,"Dengue virus infections, Dengue",,-
NEW JERSEY,2024,8,"Dengue virus infections, Dengue",,-
NEW YORK,2024,8,"Dengue virus infections, Dengue",,-
NEW YORK CITY,2024,8,"Dengue virus infections, Dengue",,-
PENNSYLVANIA,2024,8,"Dengue virus infections, Dengue",,-
EAST NORTH CENTRAL,2024,8,"Dengue virus infections, Dengue",,-
ILLINOIS,2024,8,"Dengue virus infections, Dengue",,-
INDIANA,2024,8,"Dengue virus infections, Dengue",,-
MICHIGAN,2024,8,"Dengue virus infections, Dengue",,-
OHIO,2024,8,"Dengue virus infections, Dengue",,-
WISCONSIN,2024,8,"Dengue virus infections, Dengue",,-
WEST NORTH CENTRAL,2024,8,"Dengue virus infections, Dengue",,-
IOWA,2024,8,"Dengue virus infections, Dengue",,-
KANSAS,2024,8,"Dengue virus infections, Dengue",,-
MINNESOTA,2024,8,"Dengue virus infections, Dengue",,-
MISSOURI,2024,8,"Dengue virus infections, Dengue",,-
NEBRASKA,2024,8,"Dengue virus infections, Dengue",,-
NORTH DAKOTA,2024,8,"Dengue virus infections, Dengue",,-
SOUTH DAKOTA,2024,8,"Dengue virus infections, Dengue",,-
SOUTH ATLANTIC,2024,8,"Dengue virus infections, Dengue",,-
DELAWARE,2024,8,"Dengue virus infections, Dengue",,-
DISTRICT OF COLUMBIA,2024,8,"Dengue virus infections, Dengue",,-
FLORIDA,2024,8,"Dengue virus infections, Dengue",,-
GEORGIA,2024,8,"Dengue virus infections, Dengue",,-
MARYLAND,2024,8,"Dengue virus infections, Dengue",,-
NORTH CAROLINA,2024,8,"Dengue virus infections, Dengue",,-
SOUTH CAROLINA,2024,8,"Dengue virus infections, Dengue",,-
VIRGINIA,2024,8,"Dengue virus infections, Dengue",,-
WEST VIRGINIA,2024,8,"Dengue virus infections, Dengue",,-
EAST SOUTH CENTRAL,2024,8,"Dengue virus infections, Dengue",,-
ALABAMA,2024,8,"Dengue virus infections, Dengue",,-
KENTUCKY,2024,8,"Dengue virus infections, Dengue",,-
MISSISSIPPI,2024,8,"Dengue virus infections, Dengue",,-
TENNESSEE,2024,8,"Dengue virus infections, Dengue",,-
WEST SOUTH CENTRAL,2024,8,"Dengue virus infections, Dengue",,-
ARKANSAS,2024,8,"Dengue virus infections, Dengue",,-
LOUISIANA,2024,8,"Dengue virus infections, Dengue",,-
OKLAHOMA,2024,8,"Dengue virus infections, Dengue",,-
TEXAS,2024,8,"Dengue virus infections, Dengue",,-
MOUNTAIN,2024,8,"Dengue virus infections, Dengue",,-
ARIZONA,2024,8,"Dengue virus infections, Dengue",,-
COLORADO,2024,8,"Dengue virus infections, Dengue",,-
IDAHO,2024,8,"Dengue virus infections, Dengue",,-
MONTANA,2024,8,"Dengue virus infections, Dengue",,-
NEVADA,2024,8,"Dengue virus infections, Dengue",,-
NEW MEXICO,2024,8,"Dengue virus infections, Dengue",,-
UTAH,2024,8,"Dengue virus infections, Dengue",,-
WYOMING,2024,8,"Dengue virus infections, Dengue",,-
PACIFIC,2024,8,"Dengue virus infections, Dengue",,-
ALASKA,2024,8,"Dengue virus infections, Dengue",,-
CALIFORNIA,2024,8,"Dengue virus infections, Dengue",,-
HAWAII,2024,8,"Dengue virus infections, Dengue",,-
OREGON,2024,8,"Dengue virus infections, Dengue",,-
WASHINGTON,2024,8,"Dengue virus infections, Dengue",,-
US TERRITORIES,2024,8,"Dengue virus infections, Dengue",,-
AMERICAN SAMOA,2024,8,"Dengue virus infections, Dengue",,-
NORTHERN MARIANA ISLANDS,2024,8,"Dengue virus infections, Dengue",,-
GUAM,2024,8,"Dengue virus infections, Dengue",,-
PUERTO RICO,2024,8,"Dengue virus infections, Dengue",,-
U.S. VIRGIN ISLANDS,2024,8,"Dengue virus infections, Dengue",,-
NON-US RESIDENTS,2024,8,"Dengue virus infections, Dengue",,-
TOTAL,2024,8,"Dengue virus infections, Dengue",,-
US RESIDENTS,2024,9,"Dengue virus infections, Dengue",1,-
NEW ENGLAND,2024,9,"Dengue virus infections, Dengue",,-
CONNECTICUT,2024,9,"Dengue virus infections, Dengue",,-
MAINE,2024,9,"Dengue virus infections, Dengue",,-
MASSACHUSETTS,2024,9,"Dengue virus infections, Dengue",,-
NEW HAMPSHIRE,2024,9,"Dengue virus infections, Dengue",,-
RHODE ISLAND,2024,9,"Dengue virus infections, Dengue",,-
VERMONT,2024,9,"Dengue virus infections, Dengue",,-
MIDDLE ATLANTIC,2024,9,"Dengue virus infections, Dengue",,-
NEW JERSEY,2024,9,"Dengue virus infections, Dengue",,-
NEW YORK,2024,9,"Dengue virus infections, Dengue",,-
NEW YORK CITY,2024,9,"Dengue virus infections, Dengue",,-
PENNSYLVANIA,2024,9,"Dengue virus infections, Dengue",,-
EAST NORTH CENTRAL,2024,9,"Dengue virus infections, Dengue",,-
ILLINOIS,2024,9,"Dengue virus infections, Dengue",,-
INDIANA,2024,9,"Dengue virus infections, Dengue",,-
MICHIGAN,2024,9,"Dengue virus infections, Dengue",,-
OHIO,2024,9,"Dengue virus infections, Dengue",,-
WISCONSIN,2024,9,"Dengue virus infections, Dengue",,-
WEST NORTH CENTRAL,2024,9,"Dengue virus infections, Dengue",,-
IOWA,2024,9,"Dengue virus infections, Dengue",,-
KANSAS,2024,9,"Dengue virus infections, Dengue",,-
MINNESOTA,2024,9,"Dengue virus infections, Dengue",,-
MISSOURI,2024,9,"Dengue virus infections, Dengue",,-
NEBRASKA,2024,9,"Dengue virus infections, Dengue",,-
NORTH DAKOTA,2024,9,"Dengue virus infections, Dengue",,-
SOUTH DAKOTA,2024,9,"Dengue virus infections, Dengue",,-
SOUTH ATLANTIC,2024,9,"Dengue virus infections, Dengue",1,-
DELAWARE,2024,9,"Dengue virus infections, Dengue",,-
DISTRICT OF COLUMBIA,2024,9,"Dengue virus infections, Dengue",,-
FLORIDA,2024,9,"Dengue virus infections, Dengue",,-
GEORGIA,2024,9,"Dengue virus infections, Dengue",,-
MARYLAND,2024,9,"Dengue virus infections, Dengue",1,-
NORTH CAROLINA,2024,9,"Dengue virus infections, Dengue",,-
SOUTH CAROLINA,2024,9,"Dengue virus infections, Dengue",,-
VIRGINIA,2024,9,"Dengue virus infections, Dengue",,-
WEST VIRGINIA,2024,9,"Dengue virus infections, Dengue",,-
EAST SOUTH CENTRAL,2024,9,"Dengue virus infections, Dengue",,-
ALABAMA,2024,9,"Dengue virus infections, Dengue",,-
KENTUCKY,2024,9,"Dengue virus infections, Dengue",,-
MISSISSIPPI,2024,9,"Dengue virus infections, Dengue",,-
TENNESSEE,2024,9,"Dengue virus infections, Dengue",,-
WEST SOUTH CENTRAL,2024,9,"Dengue virus infections, Dengue",,-
ARKANSAS,2024,9,"Dengue virus infections, Dengue",,-
LOUISIANA,2024,9,"Dengue virus infections, Dengue",,-
OKLAHOMA,2024,9,"Dengue virus infections, Dengue",,-
TEXAS,2024,9,"Dengue virus infections, Dengue",,-
MOUNTAIN,2024,9,"Dengue virus infections, Dengue",,-
ARIZONA,2024,9,"Dengue virus infections, Dengue",,-
COLORADO,2024,9,"Dengue virus infections, Dengue",,-
IDAHO,2024,9,"Dengue virus infections, Dengue",,-
MONTANA,2024,9,"Dengue virus infections, Dengue",,-
NEVADA,2024,9,"Dengue virus infections, Dengue",,-
NEW MEXICO,2024,9,"Dengue virus infections, Dengue",,-
UTAH,2024,9,"Dengue virus infections, Dengue",,-
WYOMING,2024,9,"Dengue virus infections, Dengue",,-
PACIFIC,2024,9,"Dengue virus infections, Dengue",,-
ALASKA,2024,9,"Dengue virus infections, Dengue",,-
CALIFORNIA,2024,9,"Dengue virus infections, Dengue",,-
HAWAII,2024,9,"Dengue virus infections, Dengue",,-
OREGON,2024,9,"Dengue virus infections, Dengue",,-
WASHINGTON,2024,9,"Dengue virus infections, Dengue",,-
US TERRITORIES,2024,9,"Dengue virus infections, Dengue",,-
AMERICAN SAMOA,2024,9,"Dengue virus infections, Dengue",,-
NORTHERN MARIANA ISLANDS,2024,9,"Dengue virus infections, Dengue",,-
GUAM,2024,9,"Dengue virus infections, Dengue",,-
PUERTO RICO,2024,9,"Dengue virus infections, Dengue",,-
U.S. VIRGIN ISLANDS,2024,9,"Dengue virus infections, Dengue",,-
NON-US RESIDENTS,2024,9,"Dengue virus infections, Dengue",,-
TOTAL,2024,9,"Dengue virus infections, Dengue",1,-
US RESIDENTS,2024,10,"Dengue virus infections, Dengue",1,-
NEW ENGLAND,2024,10,"Dengue virus infections, Dengue",,-
CONNECTICUT,2024,10,"Dengue virus infections, Dengue",,-
MAINE,2024,10,"Dengue virus infections, Dengue",,-
MASSACHUSETTS,2024,10,"Dengue virus infections, Dengue",,-
NEW HAMPSHIRE,2024,10,"Dengue virus infections, Dengue",,-
RHODE ISLAND,2024,10,"Dengue virus infections, Dengue",,-
VERMONT,2024,10,"Dengue virus infections, Dengue",,-
MIDDLE ATLANTIC,2024,10,"Dengue virus infections, Dengue",,-
NEW JERSEY,2024,10,"Dengue virus infections, Dengue",,-
NEW YORK,2024,10,"Dengue virus infections, Dengue",,-
NEW YORK CITY,2024,10,"Dengue virus infections, Dengue",,-
PENNSYLVANIA,2024,10,"Dengue virus infections, Dengue",,-
EAST NORTH CENTRAL,2024,10,"Dengue virus infections, Dengue",,-
ILLINOIS,2024,10,"Dengue virus infections, Dengue",,-
INDIANA,2024,10,"Dengue virus infections, Dengue",,-
MICHIGAN,2024,10,"Dengue virus infections, Dengue",,-
OHIO,2024,10,"Dengue virus infections, Dengue",,-
WISCONSIN,2024,10,"Dengue virus infections, Dengue",,-
WEST NORTH CENTRAL,2024,10,"Dengue virus infections, Dengue",,-
IOWA,2024,10,"Dengue virus infections, Dengue",,-
KANSAS,2024,10,"Dengue virus infections, Dengue",,-
MINNESOTA,2024,10,"Dengue virus infections, Dengue",,-
MISSOURI,2024,10,"Dengue virus infections, Dengue",,-
NEBRASKA,2024,10,"Dengue virus infections, Dengue",,-
NORTH DAKOTA,2024,10,"Dengue virus infections, Dengue",,-
SOUTH DAKOTA,2024,10,"Dengue virus infections, Dengue",,-
SOUTH ATLANTIC,2024,10,"Dengue virus infections, Dengue",,-
DELAWARE,2024,10,"Dengue virus infections, Dengue",,-
DISTRICT OF COLUMBIA,2024,10,"Dengue virus infections, Dengue",,-
FLORIDA,2024,10,"Dengue virus infections, Dengue",,-
GEORGIA,2024,10,"Dengue virus infections, Dengue",,-
MARYLAND,2024,10,"Dengue virus infections, Dengue",,-
NORTH CAROLINA,2024,10,"Dengue virus infections, Dengue",,-
SOUTH CAROLINA,2024,10,"Dengue virus infections, Dengue",,-
VIRGINIA,2024,10,"Dengue virus infections, Dengue",,-
WEST VIRGINIA,2024,10,"Dengue virus infections, Dengue",,-
EAST SOUTH CENTRAL,2024,10,"Dengue virus infections, Dengue",,-
ALABAMA,2024,10,"Dengue virus infections, Dengue",,-
KENTUCKY,2024,10,"Dengue virus infections, Dengue",,-
MISSISSIPPI,2024,10,"Dengue virus infections, Dengue",,-
TENNESSEE,2024,10,"Dengue virus infections, Dengue",,-
WEST SOUTH CENTRAL,2024,10,"Dengue virus infections, Dengue",,-
ARKANSAS,2024,10,"Dengue virus infections, Dengue",,-
LOUISIANA,2024,10,"Dengue virus infections, Dengue",,-
OKLAHOMA,2024,10,"Dengue virus infections, Dengue",,-
TEXAS,2024,10,"Dengue virus infections, Dengue",,-
MOUNTAIN,2024,10,"Dengue virus infections, Dengue",1,-
ARIZONA,2024,10,"Dengue virus infections, Dengue",1,-
COLORADO,2024,10,"Dengue virus infections, Dengue",,-
IDAHO,2024,10,"Dengue virus infections, Dengue",,-
MONTANA,2024,10,"Dengue virus infections, Dengue",,-
NEVADA,2024,10,"Dengue virus infections, Dengue",,-
NEW MEXICO,2024,10,"Dengue virus infections, Dengue",,-
UTAH,2024,10,"Dengue virus infections, Dengue",,-
WYOMING,2024,10,"Dengue virus infections, Dengue",,-
PACIFIC,2024,10,"Dengue virus infections, Dengue",,-
ALASKA,2024,10,"Dengue virus infections, Dengue",,-
CALIFORNIA,2024,10,"Dengue virus infections, Dengue",,-
HAWAII,2024,10,"Dengue virus infections, Dengue",,-
OREGON,2024,10,"Dengue virus infections, Dengue",,-
WASHINGTON,2024,10,"Dengue virus infections, Dengue",,-
US TERRITORIES,2024,10,"Dengue virus infections, Dengue",,-
AMERICAN SAMOA,2024,10,"Dengue virus infections, Dengue",,-
NORTHERN MARIANA ISLANDS,2024,10,"Dengue virus infections, Dengue",,-
GUAM,2024,10,"Dengue virus infections, Dengue",,-
PUERTO RICO,2024,10,"Dengue virus infections, Dengue",,-
U.S. VIRGIN ISLANDS,2024,10,"Dengue virus infections, Dengue",,-
NON-US RESIDENTS,2024,10,"Dengue virus infections, Dengue",,-
TOTAL,2024,10,"Dengue virus infections, Dengue",1,-
US RESIDENTS,2024,11,"Dengue virus infections, Dengue",2,-
NEW ENGLAND,2024,11,"Dengue virus infections, Dengue",,-
CONNECTICUT,2024,11,"Dengue virus infections, Dengue",,-
MAINE,2024,11,"Dengue virus infections, Dengue",,-
MASSACHUSETTS,2024,11,"Dengue virus infections, Dengue",,-
NEW HAMPSHIRE,2024,11,"Dengue virus infections, Dengue",,-
RHODE ISLAND,2024,11,"Dengue virus infections, Dengue",,-
VERMONT,2024,11,"Dengue virus infections, Dengue",,-
MIDDLE ATLANTIC,2024,11,"Dengue virus infections, Dengue",2,-
NEW JERSEY,2024,11,"Dengue virus infections, Dengue",,-
NEW YORK,2024,11,"Dengue virus infections, Dengue",2,-
NEW YORK CITY,2024,11,"Dengue virus infections, Dengue",,-
PENNSYLVANIA,2024,11,"Dengue virus infections, Dengue",,-
EAST NORTH CENTRAL,2024,11,"Dengue virus infections, Dengue",,-
ILLINOIS,2024,11,"Dengue virus infections, Dengue",,-
INDIANA,2024,11,"Dengue virus infections, Dengue",,-
MICHIGAN,2024,11,"Dengue virus infections, Dengue",,-
OHIO,2024,11,"Dengue virus infections, Dengue",,-
WISCONSIN,2024,11,"Dengue virus infections, Dengue",,-
WEST NORTH CENTRAL,2024,11,"Dengue virus infections, Dengue",,-
IOWA,2024,11,"Dengue virus infections, Dengue",,-
KANSAS,2024,11,"Dengue virus infections, Dengue",,-
MINNESOTA,2024,11,"Dengue virus infections, Dengue",,-
MISSOURI,2024,11,"Dengue virus infections, Dengue",,-
NEBRASKA,2024,11,"Dengue virus infections, Dengue",,-
NORTH DAKOTA,2024,11,"Dengue virus infections, Dengue",,-
SOUTH DAKOTA,2024,11,"Dengue virus infections, Dengue",,-
SOUTH ATLANTIC,2024,11,"Dengue virus infections, Dengue",,-
DELAWARE,2024,11,"Dengue virus infections, Dengue",,-
DISTRICT OF COLUMBIA,2024,11,"Dengue virus infections, Dengue",,-
FLORIDA,2024,11,"Dengue virus infections, Dengue",,-
GEORGIA,2024,11,"Dengue virus infections, Dengue",,-
MARYLAND,2024,11,"Dengue virus infections, Dengue",,-
NORTH CAROLINA,2024,11,"Dengue virus infections, Dengue",,-
SOUTH CAROLINA,2024,11,"Dengue virus infections, Dengue",,-
VIRGINIA,2024,11,"Dengue virus infections, Dengue",,-
WEST VIRGINIA,2024,11,"Dengue virus infections, Dengue",,-
EAST SOUTH CENTRAL,2024,11,"Dengue virus infections, Dengue",,-
ALABAMA,2024,11,"Dengue virus infections, Dengue",,-
KENTUCKY,2024,11,"Dengue virus infections, Dengue",,-
MISSISSIPPI,2024,11,"Dengue virus infections, Dengue",,-
TENNESSEE,2024,11,"Dengue virus infections, Dengue",,-
WEST SOUTH CENTRAL,2024,11,"Dengue virus infections, Dengue",,-
ARKANSAS,2024,11,"Dengue virus infections, Dengue",,-
LOUISIANA,2024,11,"Dengue virus infections, Dengue",,-
OKLAHOMA,2024,11,"Dengue virus infections, Dengue",,-
TEXAS,2024,11,"Dengue virus infections, Dengue",,-
MOUNTAIN,2024,11,"Dengue virus infections, Dengue",,-
ARIZONA,2024,11,"Dengue virus infections, Dengue",,-
COLORADO,2024,11,"Dengue virus infections, Dengue",,-
IDAHO,2024,11,"Dengue virus infections, Dengue",,-
MONTANA,2024,11,"Dengue virus infections, Dengue",,-
NEVADA,2024,11,"Dengue virus infections, Dengue",,-
NEW MEXICO,2024,11,"Dengue virus infections, Dengue",,-
UTAH,2024,11,"Dengue virus infections, Dengue",,-
WYOMING,2024,11,"Dengue virus infections, Dengue",,-
PACIFIC,2024,11,"Dengue virus infections, Dengue",,-
ALASKA,2024,11,"Dengue virus infections, Dengue",,-
CALIFORNIA,2024,11,"Dengue virus infections, Dengue",,-
HAWAII,2024,11,"Dengue virus infections, Dengue",,-
OREGON,2024,11,"Dengue virus infections, Dengue",,-
WASHINGTON,2024,11,"Dengue virus infections, Dengue",,-
US TERRITORIES,2024,11,"Dengue virus infections, Dengue",,-
AMERICAN SAMOA,2024,11,"Dengue virus infections, Dengue",,-
NORTHERN MARIANA ISLANDS,2024,11,"Dengue virus infections, Dengue",,-
GUAM,2024,11,"Dengue virus infections, Dengue",,-
PUERTO RICO,2024,11,"Dengue virus infections, Dengue",,-
U.S. VIRGIN ISLANDS,2024,11,"Dengue virus infections, Dengue",,-
NON-US RESIDENTS,2024,11,"Dengue virus infections, Dengue",,-
TOTAL,2024,11,"Dengue virus infections, Dengue",2,-
US RESIDENTS,2024,12,"Dengue virus infections, Dengue",3,-
NEW ENGLAND,2024,12,"Dengue virus infections, Dengue",,-
CONNECTICUT,2024,12,"Dengue virus infections, Dengue",,-
MAINE,2024,12,"Dengue virus infections, Dengue",,-
MASSACHUSETTS,2024,12,"Dengue virus infections, Dengue",,-
NEW HAMPSHIRE,2024,12,"Dengue virus infections, Dengue",,-
RHODE ISLAND,2024,12,"Dengue virus infections, Dengue",,-
VERMONT,2024,12,"Dengue virus infections, Dengue",,-
MIDDLE ATLANTIC,2024,12,"Dengue virus infections, Dengue",,-
NEW JERSEY,2024,12,"Dengue virus infections, Dengue",,-
NEW YORK,2024,12,"Dengue virus infections, Dengue",,-
NEW YORK CITY,2024,12,"Dengue virus infections, Dengue",,-
PENNSYLVANIA,2024,12,"Dengue virus infections, Dengue",,-
EAST NORTH CENTRAL,2024,12,"Dengue virus infections, Dengue",,-
ILLINOIS,2024,12,"Dengue virus infections, Dengue",,-
INDIANA,2024,12,"Dengue virus infections, Dengue",,-
MICHIGAN,2024,12,"Dengue virus infections, Dengue",,-
OHIO,2024,12,"Dengue virus infections, Dengue",,-
WISCONSIN,2024,12,"Dengue virus infections, Dengue",,-
WEST NORTH CENTRAL,2024,12,"Dengue virus infections, Dengue",,-
IOWA,2024,12,"Dengue virus infections, Dengue",,-
KANSAS,2024,12,"Dengue virus infections, Dengue",,-
MINNESOTA,2024,12,"Dengue virus infections, Dengue",,-
MISSOURI,2024,12,"Dengue virus infections, Dengue",,-
NEBRASKA,2024,12,"Dengue virus infections, Dengue",,-
NORTH DAKOTA,2024,12,"Dengue virus infections, Dengue",,-
SOUTH DAKOTA,2024,12,"Dengue virus infections, Dengue",,-
SOUTH ATLANTIC,2024,12,"Dengue virus infections, Dengue",2,-
DELAWARE,2024,12,"Dengue virus infections, Dengue",,-
DISTRICT OF COLUMBIA,2024,12,"Dengue virus infections, Dengue",,-
FLORIDA,2024,12,"Dengue virus infections, Dengue",,-
GEORGIA,2024,12,"Dengue virus infections, Dengue",,-
MARYLAND,2024,12,"Dengue virus infections, Dengue",1,-
NORTH CAROLINA,2024,12,"Dengue virus infections, Dengue",,-
SOUTH CAROLINA,2024,12,"Dengue virus infections, Dengue",,-
VIRGINIA,2024,12,"Dengue virus infections, Dengue",1,-
WEST VIRGINIA,2024,12,"Dengue virus infections, Dengue",,-
EAST SOUTH CENTRAL,2024,12,"Dengue virus infections, Dengue",,-
ALABAMA,2024,12,"Dengue virus infections, Dengue",,-
KENTUCKY,2024,12,"Dengue virus infections, Dengue",,-
MISSISSIPPI,2024,12,"Dengue virus infections, Dengue",,-
TENNESSEE,2024,12,"Dengue virus infections, Dengue",,-
WEST SOUTH CENTRAL,2024,12,"Dengue virus infections, Dengue",,-
ARKANSAS,2024,12,"Dengue virus infections, Dengue",,-
LOUISIANA,2024,12,"Dengue virus infections, Dengue",,-
OKLAHOMA,2024,12,"Dengue virus infections, Dengue",,-
TEXAS,2024,12,"Dengue virus infections, Dengue",,-
MOUNTAIN,2024,12,"Dengue virus infections, Dengue",1,-
ARIZONA,2024,12,"Dengue virus infections, Dengue",1,-
COLORADO,2024,12,"Dengue virus infections, Dengue",,-
IDAHO,2024,12,"Dengue virus infections, Dengue",,-
MONTANA,2024,12,"Dengue virus infections, Dengue",,-
NEVADA,2024,12,"Dengue virus infections, Dengue",,-
NEW MEXICO,2024,12,"Dengue virus infections, Dengue",,-
UTAH,2024,12,"Dengue virus infections, Dengue",,-
WYOMING,2024,12,"Dengue virus infections, Dengue",,-
PACIFIC,2024,12,"Dengue virus infections, Dengue",,-
ALASKA,2024,12,"Dengue virus infections, Dengue",,-
CALIFORNIA,2024,12,"Dengue virus infections, Dengue",,-
HAWAII,2024,12,"Dengue virus infections, Dengue",,-
OREGON,2024,12,"Dengue virus infections, Dengue",,-
WASHINGTON,2024,12,"Dengue virus infections, Dengue",,-
US TERRITORIES,2024,12,"Dengue virus infections, Dengue",,-
AMERICAN SAMOA,2024,12,"Dengue virus infections, Dengue",,-
NORTHERN MARIANA ISLANDS,2024,12,"Dengue virus infections, Dengue",,-
GUAM,2024,12,"Dengue virus infections, Dengue",,-
PUERTO RICO,2024,12,"Dengue virus infections, Dengue",,-
U.S. VIRGIN ISLANDS,2024,12,"Dengue virus infections, Dengue",,-
NON-US RESIDENTS,2024,12,"Dengue virus infections, Dengue",,-
TOTAL,2024,12,"Dengue virus infections, Dengue",3,-
US RESIDENTS,2024,13,"Dengue virus infections, Dengue",2,-
NEW ENGLAND,2024,13,"Dengue virus infections, Dengue",,-
CONNECTICUT,2024,13,"Dengue virus infections, Dengue",,-
MAINE,2024,13,"Dengue virus infections, Dengue",,-
MASSACHUSETTS,2024,13,"Dengue virus infections, Dengue",,-
NEW HAMPSHIRE,2024,13,"Dengue virus infections, Dengue",,-
RHODE ISLAND,2024,13,"Dengue virus infections, Dengue",,-
VERMONT,2024,13,"Dengue virus infections, Dengue",,-
MIDDLE ATLANTIC,2024,13,"Dengue virus infections, Dengue",,-
NEW JERSEY,2024,13,"Dengue virus infections, Dengue",,-
NEW YORK,2024,13,"Dengue virus infections, Dengue",,-
NEW YORK CITY,2024,13,"Dengue virus infections, Dengue",,-
PENNSYLVANIA,2024,13,"Dengue virus infections, Dengue",,-
EAST NORTH CENTRAL,2024,13,"Dengue virus infections, Dengue",,-
ILLINOIS,2024,13,"Dengue virus infections, Dengue",,-
INDIANA,2024,13,"Dengue virus infections, Dengue",,-
MICHIGAN,2024,13,"Dengue virus infections, Dengue",,-
OHIO,2024,13,"Dengue virus infections, Dengue",,-
WISCONSIN,2024,13,"Dengue virus infections, Dengue",,-
WEST NORTH CENTRAL,2024,13,"Dengue virus infections, Dengue",,-
IOWA,2024,13,"Dengue virus infections, Dengue",,-
KANSAS,2024,13,"Dengue virus infections, Dengue",,-
MINNESOTA,2024,13,"Dengue virus infections, Dengue",,-
MISSOURI,2024,13,"Dengue virus infections, Dengue",,-
NEBRASKA,2024,13,"Dengue virus infections, Dengue",,-
NORTH DAKOTA,2024,13,"Dengue virus infections, Dengue",,-
SOUTH DAKOTA,2024,13,"Dengue virus infections, Dengue",,-
SOUTH ATLANTIC,2024,13,"Dengue virus infections, Dengue",2,-
DELAWARE,2024,13,"Dengue virus infections, Dengue",1,-
DISTRICT OF COLUMBIA,2024,13,"Dengue virus infections, Dengue",,-
FLORIDA,2024,13,"Dengue virus infections, Dengue",,-
GEORGIA,2024,13,"Dengue virus infections, Dengue",,-
MARYLAND,2024,13,"Dengue virus infections, Dengue",1,-
NORTH CAROLINA,2024,13,"Dengue virus infections, Dengue",,-
SOUTH CAROLINA,2024,13,"Dengue virus infections, Dengue",,-
VIRGINIA,2024,13,"Dengue virus infections, Dengue",,-
WEST VIRGINIA,2024,13,"Dengue virus infections, Dengue",,-
EAST SOUTH CENTRAL,2024,13,"Dengue virus infections, Dengue",,-
ALABAMA,2024,13,"Dengue virus infections, Dengue",,-
KENTUCKY,2024,13,"Dengue virus infections, Dengue",,-
MISSISSIPPI,2024,13,"Dengue virus infections, Dengue",,-
TENNESSEE,2024,13,"Dengue virus infections, Dengue",,-
WEST SOUTH CENTRAL,2024,13,"Dengue virus infections, Dengue",,-
ARKANSAS,2024,13,"Dengue virus infections, Dengue",,-
LOUISIANA,2024,13,"Dengue virus infections, Dengue",,-
OKLAHOMA,2024,13,"Dengue virus infections, Dengue",,-
TEXAS,2024,13,"Dengue virus infections, Dengue",,-
MOUNTAIN,2024,13,"Dengue virus infections, Dengue",,-
ARIZONA,2024,13,"Dengue virus infections, Dengue",,-
COLORADO,2024,13,"Dengue virus infections, Dengue",,-
IDAHO,2024,13,"Dengue virus infections, Dengue",,-
MONTANA,2024,13,"Dengue virus infections, Dengue",,-
NEVADA,2024,13,"Dengue virus infections, Dengue",,-
NEW MEXICO,2024,13,"Dengue virus infections, Dengue",,-
UTAH,2024,13,"Dengue virus infections, Dengue",,-
WYOMING,2024,13,"Dengue virus infections, Dengue",,-
PACIFIC,2024,13,"Dengue virus infections, Dengue",,-
ALASKA,2024,13,"Dengue virus infections, Dengue",,-
CALIFORNIA,2024,13,"Dengue virus infections, Dengue",,-
HAWAII,2024,13,"Dengue virus infections, Dengue",,-
OREGON,2024,13,"Dengue virus infections, Dengue",,-
WASHINGTON,2024,13,"Dengue virus infections, Dengue",,-
US TERRITORIES,2024,13,"Dengue virus infections, Dengue",,-
AMERICAN SAMOA,2024,13,"Dengue virus infections, Dengue",,-
NORTHERN MARIANA ISLANDS,2024,13,"Dengue virus infections, Dengue",,-
GUAM,2024,13,"Dengue virus infections, Dengue",,-
PUERTO RICO,2024,13,"Dengue virus infections, Dengue",,-
U.S. VIRGIN ISLANDS,2024,13,"Dengue virus infections, Dengue",,-
NON-US RESIDENTS,2024,13,"Dengue virus infections, Dengue",,-
TOTAL,2024,13,"Dengue virus infections, Dengue",2,-
US RESIDENTS,2024,14,"Dengue virus infections, Dengue",4,-
NEW ENGLAND,2024,14,"Dengue virus infections, Dengue",,-
CONNECTICUT,2024,14,"Dengue virus infections, Dengue",,-
MAINE,2024,14,"Dengue virus infections, Dengue",,-
MASSACHUSETTS,2024,14,"Dengue virus infections, Dengue",,-
NEW HAMPSHIRE,2024,14,"Dengue virus infections, Dengue",,-
RHODE ISLAND,2024,14,"Dengue virus infections, Dengue",,-
VERMONT,2024,14,"Dengue virus infections, Dengue",,-
MIDDLE ATLANTIC,2024,14,"Dengue virus infections, Dengue",3,-
NEW JERSEY,2024,14,"Dengue virus infections, Dengue",,-
NEW YORK,2024,14,"Dengue virus infections, Dengue",3,-
NEW YORK CITY,2024,14,"Dengue virus infections, Dengue",,-
PENNSYLVANIA,2024,14,"Dengue virus infections, Dengue",,-
EAST NORTH CENTRAL,2024,14,"Dengue virus infections, Dengue",1,-
ILLINOIS,2024,14,"Dengue virus infections, Dengue",,-
INDIANA,2024,14,"Dengue virus infections, Dengue",,-
MICHIGAN,2024,14,"Dengue virus infections, Dengue",,-
OHIO,2024,14,"Dengue virus infections, Dengue",,-
WISCONSIN,2024,14,"Dengue virus infections, Dengue",1,-
WEST NORTH CENTRAL,2024,14,"Dengue virus infections, Dengue",,-
IOWA,2024,14,"Dengue virus infections, Dengue",,-
KANSAS,2024,14,"Dengue virus infections, Dengue",,-
MINNESOTA,2024,14,"Dengue virus infections, Dengue",,-
MISSOURI,2024,14,"Dengue virus infections, Dengue",,-
NEBRASKA,2024,14,"Dengue virus infections, Dengue",,-
NORTH DAKOTA,2024,14,"Dengue virus infections, Dengue",,-
SOUTH DAKOTA,2024,14,"Dengue virus infections, Dengue",,-
SOUTH ATLANTIC,2024,14,"Dengue virus infections, Dengue",,-
DELAWARE,2024,14,"Dengue virus infections, Dengue",,-
DISTRICT OF COLUMBIA,2024,14,"Dengue virus infections, Dengue",,-
FLORIDA,2024,14,"Dengue virus infections, Dengue",,-
GEORGIA,2024,14,"Dengue virus infections, Dengue",,-
MARYLAND,2024,14,"Dengue virus infections, Dengue",,-
NORTH CAROLINA,2024,14,"Dengue virus infections, Dengue",,-
SOUTH CAROLINA,2024,14,"Dengue virus infections, Dengue",,-
VIRGINIA,2024,14,"Dengue virus infections, Dengue",,-
WEST VIRGINIA,2024,14,"Dengue virus infections, Dengue",,-
EAST SOUTH CENTRAL,2024,14,"Dengue virus infections, Dengue",,-
ALABAMA,2024,14,"Dengue virus infections, Dengue",,-
KENTUCKY,2024,14,"Dengue virus infections, Dengue",,-
MISSISSIPPI,2024,14,"Dengue virus infections, Dengue",,-
TENNESSEE,2024,14,"Dengue virus infections, Dengue",,-
WEST SOUTH CENTRAL,2024,14,"Dengue virus infections, Dengue",,-
ARKANSAS,2024,14,"Dengue virus infections, Dengue",,-
LOUISIANA,2024,14,"Dengue virus infections, Dengue",,-
OKLAHOMA,2024,14,"Dengue virus infections, Dengue",,-
TEXAS,2024,14,"Dengue virus infections, Dengue",,-
MOUNTAIN,2024,14,"Dengue virus infections, Dengue",,-
ARIZONA,2024,14,"Dengue virus infections, Dengue",,-
COLORADO,2024,14,"Dengue virus infections, Dengue",,-
IDAHO,2024,14,"Dengue virus infections, Dengue",,-
MONTANA,2024,14,"Dengue virus infections, Dengue",,-
NEVADA,2024,14,"Dengue virus infections, Dengue",,-
NEW MEXICO,2024,14,"Dengue virus infections, Dengue",,-
UTAH,2024,14,"Dengue virus infections, Dengue",,-
WYOMING,2024,14,"Dengue virus infections, Dengue",,-
PACIFIC,2024,14,"Dengue virus infections, Dengue",,-
ALASKA,2024,14,"Dengue virus infections, Dengue",,-
CALIFORNIA,2024,14,"Dengue virus infections, Dengue",,-
HAWAII,2024,14,"Dengue virus infections, Dengue",,-
OREGON,2024,14,"Dengue virus infections, Dengue",,-
WASHINGTON,2024,14,"Dengue virus infections, Dengue",,-
US TERRITORIES,2024,14,"Dengue virus infections, Dengue",,-
AMERICAN SAMOA,2024,14,"Dengue virus infections, Dengue",,-
NORTHERN MARIANA ISLANDS,2024,14,"Dengue virus infections, Dengue",,-
GUAM,2024,14,"Dengue virus infections, Dengue",,-
PUERTO RICO,2024,14,"Dengue virus infections, Dengue",,-
U.S. VIRGIN ISLANDS,2024,14,"Dengue virus infections, Dengue",,-
NON-US RESIDENTS,2024,14,"Dengue virus infections, Dengue",,-
TOTAL,2024,14,"Dengue virus infections, Dengue",4,-
US RESIDENTS,2024,15,"Dengue virus infections, Dengue",3,-
NEW ENGLAND,2024,15,"Dengue virus infections, Dengue",,-
CONNECTICUT,2024,15,"Dengue virus infections, Dengue",,-
MAINE,2024,15,"Dengue virus infections, Dengue",,-
MASSACHUSETTS,2024,15,"Dengue virus infections, Dengue",,-
NEW HAMPSHIRE,2024,15,"Dengue virus infections, Dengue",,-
RHODE ISLAND,2024,15,"Dengue virus infections, Dengue",,-
VERMONT,2024,15,"Dengue virus infections, Dengue",,-
MIDDLE ATLANTIC,2024,15,"Dengue virus infections, Dengue",,-
NEW JERSEY,2024,15,"Dengue virus infections, Dengue",,-
NEW YORK,2024,15,"Dengue virus infections, Dengue",,-
NEW YORK CITY,2024,15,"Dengue virus infections, Dengue",,-
PENNSYLVANIA,2024,15,"Dengue virus infections, Dengue",,-
EAST NORTH CENTRAL,2024,15,"Dengue virus infections, Dengue",,-
ILLINOIS,2024,15,"Dengue virus infections, Dengue",,-
INDIANA,2024,15,"Dengue virus infections, Dengue",,-
MICHIGAN,2024,15,"Dengue virus infections, Dengue",,-
OHIO,2024,15,"Dengue virus infections, Dengue",,-
WISCONSIN,2024,15,"Dengue virus infections, Dengue",,-
WEST NORTH CENTRAL,2024,15,"Dengue virus infections, Dengue",,-
IOWA,2024,15,"Dengue virus infections, Dengue",,-
KANSAS,2024,15,"Dengue virus infections, Dengue",,-
MINNESOTA,2024,15,"Dengue virus infections, Dengue",,-
MISSOURI,2024,15,"Dengue virus infections, Dengue",,-
NEBRASKA,2024,15,"Dengue virus infections, Dengue",,-
NORTH DAKOTA,2024,15,"Dengue virus infections, Dengue",,-
SOUTH DAKOTA,2024,15,"Dengue virus infections, Dengue",,-
SOUTH ATLANTIC,2024,15,"Dengue virus infections, Dengue",2,-
DELAWARE,2024,15,"Dengue virus infections, Dengue",,-
DISTRICT OF COLUMBIA,2024,15,"Dengue virus infections, Dengue",,-
FLORIDA,2024,15,"Dengue virus infections, Dengue",2,-
GEORGIA,2024,15,"Dengue virus infections, Dengue",,-
MARYLAND,2024,15,"Dengue virus infections, Dengue",,-
NORTH CAROLINA,2024,15,"Dengue virus infections, Dengue",,-
SOUTH CAROLINA,2024,15,"Dengue virus infections, Dengue",,-
VIRGINIA,2024,15,"Dengue virus infections, Dengue",,-
WEST VIRGINIA,2024,15,"Dengue virus infections, Dengue",,-
EAST SOUTH CENTRAL,2024,15,"Dengue virus infections, Dengue",,-
ALABAMA,2024,15,"Dengue virus infections, Dengue",,-
KENTUCKY,2024,15,"Dengue virus infections, Dengue",,-
MISSISSIPPI,2024,15,"Dengue virus infections, Dengue",,-
TENNESSEE,2024,15,"Dengue virus infections, Dengue",,-
WEST SOUTH CENTRAL,2024,15,"Dengue virus infections, Dengue",1,-
ARKANSAS,2024,15,"Dengue virus infections, Dengue",1,-
LOUISIANA,2024,15,"Dengue virus infections, Dengue",,-
OKLAHOMA,2024,15,"Dengue virus infections, Dengue",,-
TEXAS,2024,15,"Dengue virus infections, Dengue",,-
MOUNTAIN,2024,15,"Dengue virus infections, Dengue",,-
ARIZONA,2024,15,"Dengue virus infections, Dengue",,-
COLORADO,2024,15,"Dengue virus infections, Dengue",,-
IDAHO,2024,15,"Dengue virus infections, Dengue",,-
MONTANA,2024,15,"Dengue virus infections, Dengue",,-
NEVADA,2024,15,"Dengue virus infections, Dengue",,-
NEW MEXICO,2024,15,"Dengue virus infections, Dengue",,-
UTAH,2024,15,"Dengue virus infections, Dengue",,-
WYOMING,2024,15,"Dengue virus infections, Dengue",,-
PACIFIC,2024,15,"Dengue virus infections, Dengue",,-
ALASKA,2024,15,"Dengue virus infections, Dengue",,-
CALIFORNIA,2024,15,"Dengue virus infections, Dengue",,-
HAWAII,2024,15,"Dengue virus infections, Dengue",,-
OREGON,2024,15,"Dengue virus infections, Dengue",,-
WASHINGTON,2024,15,"Dengue virus infections, Dengue",,-
US TERRITORIES,2024,15,"Dengue virus infections, Dengue",,-
AMERICAN SAMOA,2024,15,"Dengue virus infections, Dengue",,-
NORTHERN MARIANA ISLANDS,2024,15,"Dengue virus infections, Dengue",,-
GUAM,2024,15,"Dengue virus infections, Dengue",,-
PUERTO RICO,2024,15,"Dengue virus infections, Dengue",,-
U.S. VIRGIN ISLANDS,2024,15,"Dengue virus infections, Dengue",,-
NON-US RESIDENTS,2024,15,"Dengue virus infections, Dengue",,-
TOTAL,2024,15,"Dengue virus infections, Dengue",3,-
US RESIDENTS,2024,16,"Dengue virus infections, Dengue",2,-
NEW ENGLAND,2024,16,"Dengue virus infections, Dengue",1,-
CONNECTICUT,2024,16,"Dengue virus infections, Dengue",,-
MAINE,2024,16,"Dengue virus infections, Dengue",,-
MASSACHUSETTS,2024,16,"Dengue virus infections, Dengue",,-
NEW HAMPSHIRE,2024,16,"Dengue virus infections, Dengue",,-
RHODE ISLAND,2024,16,"Dengue virus infections, Dengue",1,-
VERMONT,2024,16,"Dengue virus infections, Dengue",,-
MIDDLE ATLANTIC,2024,16,"Dengue virus infections, Dengue",,-
NEW JERSEY,2024,16,"Dengue virus infections, Dengue",,-
NEW YORK,2024,16,"Dengue virus infections, Dengue",,-
NEW YORK CITY,2024,16,"Dengue virus infections, Dengue",,-
PENNSYLVANIA,2024,16,"Dengue virus infections, Dengue",,-
EAST NORTH CENTRAL,2024,16,"Dengue virus infections, Dengue",1,-
ILLINOIS,2024,16,"Dengue virus infections, Dengue",,-
INDIANA,2024,16,"Dengue virus infections, Dengue",,-
MICHIGAN,2024,16,"Dengue virus infections, Dengue",,-
OHIO,2024,16,"Dengue virus infections, Dengue",,-
WISCONSIN,2024,16,"Dengue virus infections, Dengue",1,-
WEST NORTH CENTRAL,2024,16,"Dengue virus infections, Dengue",,-
IOWA,2024,16,"Dengue virus infections, Dengue",,-
KANSAS,2024,16,"Dengue virus infections, Dengue",,-
MINNESOTA,2024,16,"Dengue virus infections, Dengue",,-
MISSOURI,2024,16,"Dengue virus infections, Dengue",,-
NEBRASKA,2024,16,"Dengue virus infections, Dengue",,-
NORTH DAKOTA,2024,16,"Dengue virus infections, Dengue",,-
SOUTH DAKOTA,2024,16,"Dengue virus infections, Dengue",,-
SOUTH ATLANTIC,2024,16,"Dengue virus infections, Dengue",,-
DELAWARE,2024,16,"Dengue virus infections, Dengue",,-
DISTRICT OF COLUMBIA,2024,16,"Dengue virus infections, Dengue",,-
FLORIDA,2024,16,"Dengue virus infections, Dengue",,-
GEORGIA,2024,16,"Dengue virus infections, Dengue",,-
MARYLAND,2024,16,"Dengue virus infections, Dengue",,-
NORTH CAROLINA,2024,16,"Dengue virus infections, Dengue",,-
SOUTH CAROLINA,2024,16,"Dengue virus infections, Dengue",,-
VIRGINIA,2024,16,"Dengue virus infections, Dengue",,-
WEST VIRGINIA,2024,16,"Dengue virus infections, Dengue",,-
EAST SOUTH CENTRAL,2024,16,"Dengue virus infections, Dengue",,-
ALABAMA,2024,16,"Dengue virus infections, Dengue",,-
KENTUCKY,2024,16,"Dengue virus infections, Dengue",,-
MISSISSIPPI,2024,16,"Dengue virus infections, Dengue",,-
TENNESSEE,2024,16,"Dengue virus infections, Dengue",,-
WEST SOUTH CENTRAL,2024,16,"Dengue virus infections, Dengue",,-
ARKANSAS,2024,16,"Dengue virus infections, Dengue",,-
LOUISIANA,2024,16,"Dengue virus infections, Dengue",,-
OKLAHOMA,2024,16,"Dengue virus infections, Dengue",,-
TEXAS,2024,16,"Dengue virus infections, Dengue",,-
MOUNTAIN,2024,16,"Dengue virus infections, Dengue",,-
ARIZONA,2024,16,"Dengue virus infections, Dengue",,-
COLORADO,2024,16,"Dengue virus infections, Dengue",,-
IDAHO,2024,16,"Dengue virus infections, Dengue",,-
MONTANA,2024,16,"Dengue virus infections, Dengue",,-
NEVADA,2024,16,"Dengue virus infections, Dengue",,-
NEW MEXICO,2024,16,"Dengue virus infections, Dengue",,-
UTAH,2024,16,"Dengue virus infections, Dengue",,-
WYOMING,2024,16,"Dengue virus infections, Dengue",,-
PACIFIC,2024,16,"Dengue virus infections, Dengue",,-
ALASKA,2024,16,"Dengue virus infections, Dengue",,-
CALIFORNIA,2024,16,"Dengue virus infections, Dengue",,-
HAWAII,2024,16,"Dengue virus infections, Dengue",,-
OREGON,2024,16,"Dengue virus infections, Dengue",,-
WASHINGTON,2024,16,"Dengue virus infections, Dengue",,-
US TERRITORIES,2024,16,"Dengue virus infections, Dengue",,-
AMERICAN SAMOA,2024,16,"Dengue virus infections, Dengue",,-
NORTHERN MARIANA ISLANDS,2024,16,"Dengue virus infections, Dengue",,-
GUAM,2024,16,"Dengue virus infections, Dengue",,-
PUERTO RICO,2024,16,"Dengue virus infections, Dengue",,-
U.S. VIRGIN ISLANDS,2024,16,"Dengue virus infections, Dengue",,-
NON-US RESIDENTS,2024,16,"Dengue virus infections, Dengue",,-
TOTAL,2024,16,"Dengue virus infections, Dengue",2,-
US RESIDENTS,2024,17,"Dengue virus infections, Dengue",1,-
NEW ENGLAND,2024,17,"Dengue virus infections, Dengue",,-
CONNECTICUT,2024,17,"Dengue virus infections, Dengue",,-
MAINE,2024,17,"Dengue virus infections, Dengue",,-
MASSACHUSETTS,2024,17,"Dengue virus infections, Dengue",,-
NEW HAMPSHIRE,2024,17,"Dengue virus infections, Dengue",,-
RHODE ISLAND,2024,17,"Dengue virus infections, Dengue",,-
VERMONT,2024,17,"Dengue virus infections, Dengue",,-
MIDDLE ATLANTIC,2024,17,"Dengue virus infections, Dengue",1,-
NEW JERSEY,2024,17,"Dengue virus infections, Dengue",,-
NEW YORK,2024,17,"Dengue virus infections, Dengue",1,-
NEW YORK CITY,2024,17,"Dengue virus infections, Dengue",,-
PENNSYLVANIA,2024,17,"Dengue virus infections, Dengue",,-
EAST NORTH CENTRAL,2024,17,"Dengue virus infections, Dengue",,-
ILLINOIS,2024,17,"Dengue virus infections, Dengue",,-
INDIANA,2024,17,"Dengue virus infections, Dengue",,-
MICHIGAN,2024,17,"Dengue virus infections, Dengue",,-
OHIO,2024,17,"Dengue virus infections, Dengue",,-
WISCONSIN,2024,17,"Dengue virus infections, Dengue",,-
WEST NORTH CENTRAL,2024,17,"Dengue virus infections, Dengue",,-
IOWA,2024,17,"Dengue virus infections, Dengue",,-
KANSAS,2024,17,"Dengue virus infections, Dengue",,-
MINNESOTA,2024,17,"Dengue virus infections, Dengue",,-
MISSOURI,2024,17,"Dengue virus infections, Dengue",,-
NEBRASKA,2024,17,"Dengue virus infections, Dengue",,-
NORTH DAKOTA,2024,17,"Dengue virus infections, Dengue",,-
SOUTH DAKOTA,2024,17,"Dengue virus infections, Dengue",,-
SOUTH ATLANTIC,2024,17,"Dengue virus infections, Dengue",,-
DELAWARE,2024,17,"Dengue virus infections, Dengue",,-
DISTRICT OF COLUMBIA,2024,17,"Dengue virus infections, Dengue",,-
FLORIDA,2024,17,"Dengue virus infections, Dengue",,-
GEORGIA,2024,17,"Dengue virus infections, Dengue",,-
MARYLAND,2024,17,"Dengue virus infections, Dengue",,-
NORTH CAROLINA,2024,17,"Dengue virus infections, Dengue",,-
SOUTH CAROLINA,2024,17,"Dengue virus infections, Dengue",,-
VIRGINIA,2024,17,"Dengue virus infections, Dengue",,-
WEST VIRGINIA,2024,17,"Dengue virus infections, Dengue",,-
EAST SOUTH CENTRAL,2024,17,"Dengue virus infections, Dengue",,-
ALABAMA,2024,17,"Dengue virus infections, Dengue",,-
KENTUCKY,2024,17,"Dengue virus infections, Dengue",,-
MISSISSIPPI,2024,17,"Dengue virus infections, Dengue",,-
TENNESSEE,2024,17,"Dengue virus infections, Dengue",,-
WEST SOUTH CENTRAL,2024,17,"Dengue virus infections, Dengue",,-
ARKANSAS,2024,17,"Dengue virus infections, Dengue",,-
LOUISIANA,2024,17,"Dengue virus infections, Dengue",,-
OKLAHOMA,2024,17,"Dengue virus infections, Dengue",,-
TEXAS,2024,17,"Dengue virus infections, Dengue",,-
MOUNTAIN,2024,17,"Dengue virus infections, Dengue",,-
ARIZONA,2024,17,"Dengue virus infections, Dengue",,-
COLORADO,2024,17,"Dengue virus infections, Dengue",,-
IDAHO,2024,17,"Dengue virus infections, Dengue",,-
MONTANA,2024,17,"Dengue virus infections, Dengue",,-
NEVADA,2024,17,"Dengue virus infections, Dengue",,-
NEW MEXICO,2024,17,"Dengue virus infections, Dengue",,-
UTAH,2024,17,"Dengue virus infections, Dengue",,-
WYOMING,2024,17,"Dengue virus infections, Dengue",,-
PACIFIC,2024,17,"Dengue virus infections, Dengue",,-
ALASKA,2024,17,"Dengue virus infections, Dengue",,-
CALIFORNIA,2024,17,"Dengue virus infections, Dengue",,-
HAWAII,2024,17,"Dengue virus infections, Dengue",,-
OREGON,2024,17,"Dengue virus infections, Dengue",,-
WASHINGTON,2024,17,"Dengue virus infections, Dengue",,-
US TERRITORIES,2024,17,"Dengue virus infections, Dengue",,-
AMERICAN SAMOA,2024,17,"Dengue virus infections, Dengue",,-
NORTHERN MARIANA ISLANDS,2024,17,"Dengue virus infections, Dengue",,-
GUAM,2024,17,"Dengue virus infections, Dengue",,-
PUERTO RICO,2024,17,"Dengue virus infections, Dengue",,-
U.S. VIRGIN ISLANDS,2024,17,"Dengue virus infections, Dengue",,-
NON-US RESIDENTS,2024,17,"Dengue virus infections, Dengue",,-
TOTAL,2024,17,"Dengue virus infections, Dengue",1,-
US RESIDENTS,2024,18,"Dengue virus infections, Dengue",2,-
NEW ENGLAND,2024,18,"Dengue virus infections, Dengue",,-
CONNECTICUT,2024,18,"Dengue virus infections, Dengue",,-
MAINE,2024,18,"Dengue virus infections, Dengue",,-
MASSACHUSETTS,2024,18,"Dengue virus infections, Dengue",,-
NEW HAMPSHIRE,2024,18,"Dengue virus infections, Dengue",,-
RHODE ISLAND,2024,18,"Dengue virus infections, Dengue",,-
VERMONT,2024,18,"Dengue virus infections, Dengue",,-
MIDDLE ATLANTIC,2024,18,"Dengue virus infections, Dengue",1,-
NEW JERSEY,2024,18,"Dengue virus infections, Dengue",,-
NEW YORK,2024,18,"Dengue virus infections, Dengue",1,-
NEW YORK CITY,2024,18,"Dengue virus infections, Dengue",,-
PENNSYLVANIA,2024,18,"Dengue virus infections, Dengue",,-
EAST NORTH CENTRAL,2024,18,"Dengue virus infections, Dengue",,-
ILLINOIS,2024,18,"Dengue virus infections, Dengue",,-
INDIANA,2024,18,"Dengue virus infections, Dengue",,-
MICHIGAN,2024,18,"Dengue virus infections, Dengue",,-
OHIO,2024,18,"Dengue virus infections, Dengue",,-
WISCONSIN,2024,18,"Dengue virus infections, Dengue",,-
WEST NORTH CENTRAL,2024,18,"Dengue virus infections, Dengue",,-
IOWA,2024,18,"Dengue virus infections, Dengue",,-
KANSAS,2024,18,"Dengue virus infections, Dengue",,-
MINNESOTA,2024,18,"Dengue virus infections, Dengue",,-
MISSOURI,2024,18,"Dengue virus infections, Dengue",,-
NEBRASKA,2024,18,"Dengue virus infections, Dengue",,-
NORTH DAKOTA,2024,18,"Dengue virus infections, Dengue",,-
SOUTH DAKOTA,2024,18,"Dengue virus infections, Dengue",,-
SOUTH ATLANTIC,2024,18,"Dengue virus infections, Dengue",1,-
DELAWARE,2024,18,"Dengue virus infections, Dengue",,-
DISTRICT OF COLUMBIA,2024,18,"Dengue virus infections, Dengue",,-
FLORIDA,2024,18,"Dengue virus infections, Dengue",,-
GEORGIA,2024,18,"Dengue virus infections, Dengue",,-
MARYLAND,2024,18,"Dengue virus infections, Dengue",1,-
NORTH CAROLINA,2024,18,"Dengue virus infections, Dengue",,-
SOUTH CAROLINA,2024,18,"Dengue virus infections, Dengue",,-
VIRGINIA,2024,18,"Dengue virus infections, Dengue",,-
WEST VIRGINIA,2024,18,"Dengue virus infections, Dengue",,-
EAST SOUTH CENTRAL,2024,18,"Dengue virus infections, Dengue",,-
ALABAMA,2024,18,"Dengue virus infections, Dengue",,-
KENTUCKY,2024,18,"Dengue virus infections, Dengue",,-
MISSISSIPPI,2024,18,"Dengue virus infections, Dengue",,-
TENNESSEE,2024,18,"Dengue virus infections, Dengue",,-
WEST SOUTH CENTRAL,2024,18,"Dengue virus infections, Dengue",,-
ARKANSAS,2024,18,"Dengue virus infections, Dengue",,-
LOUISIANA,2024,18,"Dengue virus infections, Dengue",,-
OKLAHOMA,2024,18,"Dengue virus infections, Dengue",,-
TEXAS,2024,18,"Dengue virus infections, Dengue",,-
MOUNTAIN,2024,18,"Dengue virus infections, Dengue",,-
ARIZONA,2024,18,"Dengue virus infections, Dengue",,-
COLORADO,2024,18,"Dengue virus infections, Dengue",,-
IDAHO,2024,18,"Dengue virus infections, Dengue",,-
MONTANA,2024,18,"Dengue virus infections, Dengue",,-
NEVADA,2024,18,"Dengue virus infections, Dengue",,-
NEW MEXICO,2024,18,"Dengue virus infections, Dengue",,-
UTAH,2024,18,"Dengue virus infections, Dengue",,-
WYOMING,2024,18,"Dengue virus infections, Dengue",,-
PACIFIC,2024,18,"Dengue virus infections, Dengue",,-
ALASKA,2024,18,"Dengue virus infections, Dengue",,-
CALIFORNIA,2024,18,"Dengue virus infections, Dengue",,-
HAWAII,2024,18,"Dengue virus infections, Dengue",,-
OREGON,2024,18,"Dengue virus infections, Dengue",,-
WASHINGTON,2024,18,"Dengue virus infections, Dengue",,-
US TERRITORIES,2024,18,"Dengue virus infections, Dengue",,-
AMERICAN SAMOA,2024,18,"Dengue virus infections, Dengue",,-
NORTHERN MARIANA ISLANDS,2024,18,"Dengue virus infections, Dengue",,-
GUAM,2024,18,"Dengue virus infections, Dengue",,-
PUERTO RICO,2024,18,"Dengue virus infections, Dengue",,-
U.S. VIRGIN ISLANDS,2024,18,"Dengue virus infections, Dengue",,-
NON-US RESIDENTS,2024,18,"Dengue virus infections, Dengue",,-
TOTAL,2024,18,"Dengue virus infections, Dengue",2,-
US RESIDENTS,2024,19,"Dengue virus infections, Dengue",6,-
NEW ENGLAND,2024,19,"Dengue virus infections, Dengue",,-
CONNECTICUT,2024,19,"Dengue virus infections, Dengue",,-
MAINE,2024,19,"Dengue virus infections, Dengue",,-
MASSACHUSETTS,2024,19,"Dengue virus infections, Dengue",,-
NEW HAMPSHIRE,2024,19,"Dengue virus infections, Dengue",,-
RHODE ISLAND,2024,19,"Dengue virus infections, Dengue",,-
VERMONT,2024,19,"Dengue virus infections, Dengue",,-
MIDDLE ATLANTIC,2024,19,"Dengue virus infections, Dengue",2,-
NEW JERSEY,2024,19,"Dengue virus infections, Dengue",,-
NEW YORK,2024,19,"Dengue virus infections, Dengue",2,-
NEW YORK CITY,2024,19,"Dengue virus infections, Dengue",,-
PENNSYLVANIA,2024,19,"Dengue virus infections, Dengue",,-
EAST NORTH CENTRAL,2024,19,"Dengue virus infections, Dengue",,-
ILLINOIS,2024,19,"Dengue virus infections, Dengue",,-
INDIANA,2024,19,"Dengue virus infections, Dengue",,-
MICHIGAN,2024,19,"Dengue virus infections, Dengue",,-
OHIO,2024,19,"Dengue virus infections, Dengue",,-
WISCONSIN,2024,19,"Dengue virus infections, Dengue",,-
WEST NORTH CENTRAL,2024,19,"Dengue virus infections, Dengue",,-
IOWA,2024,19,"Dengue virus infections, Dengue",,-
KANSAS,2024,19,"Dengue virus infections, Dengue",,-
MINNESOTA,2024,19,"Dengue virus infections, Dengue",,-
MISSOURI,2024,19,"Dengue virus infections, Dengue",,-
NEBRASKA,2024,19,"Dengue virus infections, Dengue",,-
NORTH DAKOTA,2024,19,"Dengue virus infections, Dengue",,-
SOUTH DAKOTA,2024,19,"Dengue virus infections, Dengue",,-
SOUTH ATLANTIC,2024,19,"Dengue virus infections, Dengue",4,-
DELAWARE,2024,19,"Dengue virus infections, Dengue",,-
DISTRICT OF COLUMBIA,2024,19,"Dengue virus infections, Dengue",,-
FLORIDA,2024,19,"Dengue virus infections, Dengue",4,-
GEORGIA,2024,19,"Dengue virus infections, Dengue",,-
MARYLAND,2024,19,"Dengue virus infections, Dengue",,-
NORTH CAROLINA,2024,19,"Dengue virus infections, Dengue",,-
SOUTH CAROLINA,2024,19,"Dengue virus infections, Dengue",,-
VIRGINIA,2024,19,"Dengue virus infections, Dengue",,-
WEST VIRGINIA,2024,19,"Dengue virus infections, Dengue",,-
EAST SOUTH CENTRAL,2024,19,"Dengue virus infections, Dengue",,-
ALABAMA,2024,19,"Dengue virus infections, Dengue",,-
KENTUCKY,2024,19,"Dengue virus infections, Dengue",,-
MISSISSIPPI,2024,19,"Dengue virus infections, Dengue",,-
TENNESSEE,2024,19,"Dengue virus infections, Dengue",,-
WEST SOUTH CENTRAL,2024,19,"Dengue virus infections, Dengue",,-
ARKANSAS,2024,19,"Dengue virus infections, Dengue",,-
LOUISIANA,2024,19,"Dengue virus infections, Dengue",,-
OKLAHOMA,2024,19,"Dengue virus infections, Dengue",,-
TEXAS,2024,19,"Dengue virus infections, Dengue",,-
MOUNTAIN,2024,19,"Dengue virus infections, Dengue",,-
ARIZONA,2024,19,"Dengue virus infections, Dengue",,-
COLORADO,2024,19,"Dengue virus infections, Dengue",,-
IDAHO,2024,19,"Dengue virus infections, Dengue",,-
MONTANA,2024,19,"Dengue virus infections, Dengue",,-
NEVADA,2024,19,"Dengue virus infections, Dengue",,-
NEW MEXICO,2024,19,"Dengue virus infections, Dengue",,-
UTAH,2024,19,"Dengue virus infections, Dengue",,-
WYOMING,2024,19,"Dengue virus infections, Dengue",,-
PACIFIC,2024,19,"Dengue virus infections, Dengue",,-
ALASKA,2024,19,"Dengue virus infections, Dengue",,-
CALIFORNIA,2024,19,"Dengue virus infections, Dengue",,-
HAWAII,2024,19,"Dengue virus infections, Dengue",,-
OREGON,2024,19,"Dengue virus infections, Dengue",,-
WASHINGTON,2024,19,"Dengue virus infections, Dengue",,-
US TERRITORIES,2024,19,"Dengue virus infections, Dengue",,-
AMERICAN SAMOA,2024,19,"Dengue virus infections, Dengue",,-
NORTHERN MARIANA ISLANDS,2024,19,"Dengue virus infections, Dengue",,-
GUAM,2024,19,"Dengue virus infections, Dengue",,-
PUERTO RICO,2024,19,"Dengue virus infections, Dengue",,-
U.S. VIRGIN ISLANDS,2024,19,"Dengue virus infections, Dengue",,-
NON-US RESIDENTS,2024,19,"Dengue virus infections, Dengue",,-
TOTAL,2024,19,"Dengue virus infections, Dengue",6,-
US RESIDENTS,2024,20,"Dengue virus infections, Dengue",6,-
NEW ENGLAND,2024,20,"Dengue virus infections, Dengue",,-
CONNECTICUT,2024,20,"Dengue virus infections, Dengue",,-
MAINE,2024,20,"Dengue virus infections, Dengue",,-
MASSACHUSETTS,2024,20,"Dengue virus infections, Dengue",,-
NEW HAMPSHIRE,2024,20,"Dengue virus infections, Dengue",,-
RHODE ISLAND,2024,20,"Dengue virus infections, Dengue",,-
VERMONT,2024,20,"Dengue virus infections, Dengue",,-
MIDDLE ATLANTIC,2024,20,"Dengue virus infections, Dengue",4,-
NEW JERSEY,2024,20,"Dengue virus infections, Dengue",,-
NEW YORK,2024,20,"Dengue virus infections, Dengue",4,-
NEW YORK CITY,2024,20,"Dengue virus infections, Dengue",,-
PENNSYLVANIA,2024,20,"Dengue virus infections, Dengue",,-
EAST NORTH CENTRAL,2024,20,"Dengue virus infections, Dengue",,-
ILLINOIS,2024,20,"Dengue virus infections, Dengue",,-
INDIANA,2024,20,"Dengue virus infections, Dengue",,-
MICHIGAN,2024,20,"Dengue virus infections, Dengue",,-
OHIO,2024,20,"Dengue virus infections, Dengue",,-
WISCONSIN,2024,20,"Dengue virus infections, Dengue",,-
WEST NORTH CENTRAL,2024,20,"Dengue virus infections, Dengue",,-
IOWA,2024,20,"Dengue virus infections, Dengue",,-
KANSAS,2024,20,"Dengue virus infections, Dengue",,-
MINNESOTA,2024,20,"Dengue virus infections, Dengue",,-
MISSOURI,2024,20,"Dengue virus infections, Dengue",,-
NEBRASKA,2024,20,"Dengue virus infections, Dengue",,-
NORTH DAKOTA,2024,20,"Dengue virus infections, Dengue",,-
SOUTH DAKOTA,2024,20,"Dengue virus infections, Dengue",,-
SOUTH ATLANTIC,2024,20,"Dengue virus infections, Dengue",2,-
DELAWARE,2024,20,"Dengue virus infections, Dengue",,-
DISTRICT OF COLUMBIA,2024,20,"Dengue virus infections, Dengue",,-
FLORIDA,2024,20,"Dengue virus infections, Dengue",,-
GEORGIA,2024,20,"Dengue virus infections, Dengue",,-
MARYLAND,2024,20,"Dengue virus infections, Dengue",1,-
NORTH CAROLINA,2024,20,"Dengue virus infections, Dengue",,-
SOUTH CAROLINA,2024,20,"Dengue virus infections, Dengue",,-
VIRGINIA,2024,20,"Dengue virus infections, Dengue",1,-
WEST VIRGINIA,2024,20,"Dengue virus infections, Dengue",,-
EAST SOUTH CENTRAL,2024,20,"Dengue virus infections, Dengue",,-
ALABAMA,2024,20,"Dengue virus infections, Dengue",,-
KENTUCKY,2024,20,"Dengue virus infections, Dengue",,-
MISSISSIPPI,2024,20,"Dengue virus infections, Dengue",,-
TENNESSEE,2024,20,"Dengue virus infections, Dengue",,-
WEST SOUTH CENTRAL,2024,20,"Dengue virus infections, Dengue",,-
ARKANSAS,2024,20,"Dengue virus infections, Dengue",,-
LOUISIANA,2024,20,"Dengue virus infections, Dengue",,-
OKLAHOMA,2024,20,"Dengue virus infections, Dengue",,-
TEXAS,2024,20,"Dengue virus infections, Dengue",,-
MOUNTAIN,2024,20,"Dengue virus infections, Dengue",,-
ARIZONA,2024,20,"Dengue virus infections, Dengue",,-
COLORADO,2024,20,"Dengue virus infections, Dengue",,-
IDAHO,2024,20,"Dengue virus infections, Dengue",,-
MONTANA,2024,20,"Dengue virus infections, Dengue",,-
NEVADA,2024,20,"Dengue virus infections, Dengue",,-
NEW MEXICO,2024,20,"Dengue virus infections, Dengue",,-
UTAH,2024,20,"Dengue virus infections, Dengue",,-
WYOMING,2024,20,"Dengue virus infections, Dengue",,-
PACIFIC,2024,20,"Dengue virus infections, Dengue",,-
ALASKA,2024,20,"Dengue virus infections, Dengue",,-
CALIFORNIA,2024,20,"Dengue virus infections, Dengue",,-
HAWAII,2024,20,"Dengue virus infections, Dengue",,-
OREGON,2024,20,"Dengue virus infections, Dengue",,-
WASHINGTON,2024,20,"Dengue virus infections, Dengue",,-
US TERRITORIES,2024,20,"Dengue virus infections, Dengue",,-
AMERICAN SAMOA,2024,20,"Dengue virus infections, Dengue",,-
NORTHERN MARIANA ISLANDS,2024,20,"Dengue virus infections, Dengue",,-
GUAM,2024,20,"Dengue virus infections, Dengue",,-
PUERTO RICO,2024,20,"Dengue virus infections, Dengue",,-
U.S. VIRGIN ISLANDS,2024,20,"Dengue virus infections, Dengue",,-
NON-US RESIDENTS,2024,20,"Dengue virus infections, Dengue",,-
TOTAL,2024,20,"Dengue virus infections, Dengue",6,-
US RESIDENTS,2024,21,"Dengue virus infections, Dengue",1,-
NEW ENGLAND,2024,21,"Dengue virus infections, Dengue",,-
CONNECTICUT,2024,21,"Dengue virus infections, Dengue",,-
MAINE,2024,21,"Dengue virus infections, Dengue",,-
MASSACHUSETTS,2024,21,"Dengue virus infections, Dengue",,-
NEW HAMPSHIRE,2024,21,"Dengue virus infections, Dengue",,-
RHODE ISLAND,2024,21,"Dengue virus infections, Dengue",,-
VERMONT,2024,21,"Dengue virus infections, Dengue",,-
MIDDLE ATLANTIC,2024,21,"Dengue virus infections, Dengue",,-
NEW JERSEY,2024,21,"Dengue virus infections, Dengue",,-
NEW YORK,2024,21,"Dengue virus infections, Dengue",,-
NEW YORK CITY,2024,21,"Dengue virus infections, Dengue",,-
PENNSYLVANIA,2024,21,"Dengue virus infections, Dengue",,-
EAST NORTH CENTRAL,2024,21,"Dengue virus infections, Dengue",,-
ILLINOIS,2024,21,"Dengue virus infections, Dengue",,-
INDIANA,2024,21,"Dengue virus infections, Dengue",,-
MICHIGAN,2024,21,"Dengue virus infections, Dengue",,-
OHIO,2024,21,"Dengue virus infections, Dengue",,-
WISCONSIN,2024,21,"Dengue virus infections, Dengue",,-
WEST NORTH CENTRAL,2024,21,"Dengue virus infections, Dengue",,-
IOWA,2024,21,"Dengue virus infections, Dengue",,-
KANSAS,2024,21,"Dengue virus infections, Dengue",,-
MINNESOTA,2024,21,"Dengue virus infections, Dengue",,-
MISSOURI,2024,21,"Dengue virus infections, Dengue",,-
NEBRASKA,2024,21,"Dengue virus infections, Dengue",,-
NORTH DAKOTA,2024,21,"Dengue virus infections, Dengue",,-
SOUTH DAKOTA,2024,21,"Dengue virus infections, Dengue",,-
SOUTH ATLANTIC,2024,21,"Dengue virus infections, Dengue",,-
DELAWARE,2024,21,"Dengue virus infections, Dengue",,-
DISTRICT OF COLUMBIA,2024,21,"Dengue virus infections, Dengue",,-
FLORIDA,2024,21,"Dengue virus infections, Dengue",,-
GEORGIA,2024,21,"Dengue virus infections, Dengue",,-
MARYLAND,2024,21,"Dengue virus infections, Dengue",,-
NORTH CAROLINA,2024,21,"Dengue virus infections, Dengue",,-
SOUTH CAROLINA,2024,21,"Dengue virus infections, Dengue",,-
VIRGINIA,2024,21,"Dengue virus infections, Dengue",,-
WEST VIRGINIA,2024,21,"Dengue virus infections, Dengue",,-
EAST SOUTH CENTRAL,2024,21,"Dengue virus infections, Dengue",,-
ALABAMA,2024,21,"Dengue virus infections, Dengue",,-
KENTUCKY,2024,21,"Dengue virus infections, Dengue",,-
MISSISSIPPI,2024,21,"Dengue virus infections, Dengue",,-
TENNESSEE,2024,21,"Dengue virus infections, Dengue",,-
WEST SOUTH CENTRAL,2024,21,"Dengue virus infections, Dengue",,-
ARKANSAS,2024,21,"Dengue virus infections, Dengue",,-
LOUISIANA,2024,21,"Dengue virus infections, Dengue",,-
OKLAHOMA,2024,21,"Dengue virus infections, Dengue",,-
TEXAS,2024,21,"Dengue virus infections, Dengue",,-
MOUNTAIN,2024,21,"Dengue virus infections, Dengue",1,-
ARIZONA,2024,21,"Dengue virus infections, Dengue",1,-
COLORADO,2024,21,"Dengue virus infections, Dengue",,-
IDAHO,2024,21,"Dengue virus infections, Dengue",,-
MONTANA,2024,21,"Dengue virus infections, Dengue",,-
NEVADA,2024,21,"Dengue virus infections, Dengue",,-
NEW MEXICO,2024,21,"Dengue virus infections, Dengue",,-
UTAH,2024,21,"Dengue virus infections, Dengue",,-
WYOMING,2024,21,"Dengue virus infections, Dengue",,-
PACIFIC,2024,21,"Dengue virus infections, Dengue",,-
ALASKA,2024,21,"Dengue virus infections, Dengue",,-
CALIFORNIA,2024,21,"Dengue virus infections, Dengue",,-
HAWAII,2024,21,"Dengue virus infections, Dengue",,-
OREGON,2024,21,"Dengue virus infections, Dengue",,-
WASHINGTON,2024,21,"Dengue virus infections, Dengue",,-
US TERRITORIES,2024,21,"Dengue virus infections, Dengue",,-
AMERICAN SAMOA,2024,21,"Dengue virus infections, Dengue",,-
NORTHERN MARIANA ISLANDS,2024,21,"Dengue virus infections, Dengue",,-
GUAM,2024,21,"Dengue virus infections, Dengue",,-
PUERTO RICO,2024,21,"Dengue virus infections, Dengue",,-
U.S. VIRGIN ISLANDS,2024,21,"Dengue virus infections, Dengue",,-
NON-US RESIDENTS,2024,21,"Dengue virus infections, Dengue",,-
TOTAL,2024,21,"Dengue virus infections, Dengue",1,-
US RESIDENTS,2024,22,"Dengue virus infections, Dengue",2,-
NEW ENGLAND,2024,22,"Dengue virus infections, Dengue",,-
CONNECTICUT,2024,22,"Dengue virus infections, Dengue",,-
MAINE,2024,22,"Dengue virus infections, Dengue",,-
MASSACHUSETTS,2024,22,"Dengue virus infections, Dengue",,-
NEW HAMPSHIRE,2024,22,"Dengue virus infections, Dengue",,-
RHODE ISLAND,2024,22,"Dengue virus infections, Dengue",,-
VERMONT,2024,22,"Dengue virus infections, Dengue",,-
MIDDLE ATLANTIC,2024,22,"Dengue virus infections, Dengue",1,-
NEW JERSEY,2024,22,"Dengue virus infections, Dengue",,-
NEW YORK,2024,22,"Dengue virus infections, Dengue",1,-
NEW YORK CITY,2024,22,"Dengue virus infections, Dengue",,-
PENNSYLVANIA,2024,22,"Dengue virus infections, Dengue",,-
EAST NORTH CENTRAL,2024,22,"Dengue virus infections, Dengue",,-
ILLINOIS,2024,22,"Dengue virus infections, Dengue",,-
INDIANA,2024,22,"Dengue virus infections, Dengue",,-
MICHIGAN,2024,22,"Dengue virus infections, Dengue",,-
OHIO,2024,22,"Dengue virus infections, Dengue",,-
WISCONSIN,2024,22,"Dengue virus infections, Dengue",,-
WEST NORTH CENTRAL,2024,22,"Dengue virus infections, Dengue",,-
IOWA,2024,22,"Dengue virus infections, Dengue",,-
KANSAS,2024,22,"Dengue virus infections, Dengue",,-
MINNESOTA,2024,22,"Dengue virus infections, Dengue",,-
MISSOURI,2024,22,"Dengue virus infections, Dengue",,-
NEBRASKA,2024,22,"Dengue virus infections, Dengue",,-
NORTH DAKOTA,2024,22,"Dengue virus infections, Dengue",,-
SOUTH DAKOTA,2024,22,"Dengue virus infections, Dengue",,-
SOUTH ATLANTIC,2024,22,"Dengue virus infections, Dengue",1,-
DELAWARE,2024,22,"Dengue virus infections, Dengue",,-
DISTRICT OF COLUMBIA,2024,22,"Dengue virus infections, Dengue",,-
FLORIDA,2024,22,"Dengue virus infections, Dengue",,-
GEORGIA,2024,22,"Dengue virus infections, Dengue",,-
MARYLAND,2024,22,"Dengue virus infections, Dengue",1,-
NORTH CAROLINA,2024,22,"Dengue virus infections, Dengue",,-
SOUTH CAROLINA,2024,22,"Dengue virus infections, Dengue",,-
VIRGINIA,2024,22,"Dengue virus infections, Dengue",,-
WEST VIRGINIA,2024,22,"Dengue virus infections, Dengue",,-
EAST SOUTH CENTRAL,2024,22,"Dengue virus infections, Dengue",,-
ALABAMA,2024,22,"Dengue virus infections, Dengue",,-
KENTUCKY,2024,22,"Dengue virus infections, Dengue",,-
MISSISSIPPI,2024,22,"Dengue virus infections, Dengue",,-
TENNESSEE,2024,22,"Dengue virus infections, Dengue",,-
WEST SOUTH CENTRAL,2024,22,"Dengue virus infections, Dengue",,-
ARKANSAS,2024,22,"Dengue virus infections, Dengue",,-
LOUISIANA,2024,22,"Dengue virus infections, Dengue",,-
OKLAHOMA,2024,22,"Dengue virus infections, Dengue",,-
TEXAS,2024,22,"Dengue virus infections, Dengue",,-
MOUNTAIN,2024,22,"Dengue virus infections, Dengue",,-
ARIZONA,2024,22,"Dengue virus infections, Dengue",,-
COLORADO,2024,22,"Dengue virus infections, Dengue",,-
IDAHO,2024,22,"Dengue virus infections, Dengue",,-
MONTANA,2024,22,"Dengue virus infections, Dengue",,-
NEVADA,2024,22,"Dengue virus infections, Dengue",,-
NEW MEXICO,2024,22,"Dengue virus infections, Dengue",,-
UTAH,2024,22,"Dengue virus infections, Dengue",,-
WYOMING,2024,22,"Dengue virus infections, Dengue",,-
PACIFIC,2024,22,"Dengue virus infections, Dengue",,-
ALASKA,2024,22,"Dengue virus infections, Dengue",,-
CALIFORNIA,2024,22,"Dengue virus infections, Dengue",,-
HAWAII,2024,22,"Dengue virus infections, Dengue",,-
OREGON,2024,22,"Dengue virus infections, Dengue",,-
WASHINGTON,2024,22,"Dengue virus infections, Dengue",,-
US TERRITORIES,2024,22,"Dengue virus infections, Dengue",,-
AMERICAN SAMOA,2024,22,"Dengue virus infections, Dengue",,-
NORTHERN MARIANA ISLANDS,2024,22,"Dengue virus infections, Dengue",,-
GUAM,2024,22,"Dengue virus infections, Dengue",,-
PUERTO RICO,2024,22,"Dengue virus infections, Dengue",,-
U.S. VIRGIN ISLANDS,2024,22,"Dengue virus infections, Dengue",,-
NON-US RESIDENTS,2024,22,"Dengue virus infections, Dengue",,-
TOTAL,2024,22,"Dengue virus infections, Dengue",2,-
US RESIDENTS,2024,23,"Dengue virus infections, Dengue",,-
NEW ENGLAND,2024,23,"Dengue virus infections, Dengue",,-
CONNECTICUT,2024,23,"Dengue virus infections, Dengue",,-
MAINE,2024,23,"Dengue virus infections, Dengue",,-
MASSACHUSETTS,2024,23,"Dengue virus infections, Dengue",,-
NEW HAMPSHIRE,2024,23,"Dengue virus infections, Dengue",,-
RHODE ISLAND,2024,23,"Dengue virus infections, Dengue",,-
VERMONT,2024,23,"Dengue virus infections, Dengue",,-
MIDDLE ATLANTIC,2024,23,"Dengue virus infections, Dengue",,-
NEW JERSEY,2024,23,"Dengue virus infections, Dengue",,-
NEW YORK,2024,23,"Dengue virus infections, Dengue",,-
NEW YORK CITY,2024,23,"Dengue virus infections, Dengue",,-
PENNSYLVANIA,2024,23,"Dengue virus infections, Dengue",,-
EAST NORTH CENTRAL,2024,23,"Dengue virus infections, Dengue",,-
ILLINOIS,2024,23,"Dengue virus infections, Dengue",,-
INDIANA,2024,23,"Dengue virus infections, Dengue",,-
MICHIGAN,2024,23,"Dengue virus infections, Dengue",,-
OHIO,2024,23,"Dengue virus infections, Dengue",,-
WISCONSIN,2024,23,"Dengue virus infections, Dengue",,-
WEST NORTH CENTRAL,2024,23,"Dengue virus infections, Dengue",,-
IOWA,2024,23,"Dengue virus infections, Dengue",,-
KANSAS,2024,23,"Dengue virus infections, Dengue",,-
MINNESOTA,2024,23,"Dengue virus infections, Dengue",,-
MISSOURI,2024,23,"Dengue virus infections, Dengue",,-
NEBRASKA,2024,23,"Dengue virus infections, Dengue",,-
NORTH DAKOTA,2024,23,"Dengue virus infections, Dengue",,-
SOUTH DAKOTA,2024,23,"Dengue virus infections, Dengue",,-
SOUTH ATLANTIC,2024,23,"Dengue virus infections, Dengue",,-
DELAWARE,2024,23,"Dengue virus infections, Dengue",,-
DISTRICT OF COLUMBIA,2024,23,"Dengue virus infections, Dengue",,-
FLORIDA,2024,23,"Dengue virus infections, Dengue",,-
GEORGIA,2024,23,"Dengue virus infections, Dengue",,-
MARYLAND,2024,23,"Dengue virus infections, Dengue",,-
NORTH CAROLINA,2024,23,"Dengue virus infections, Dengue",,-
SOUTH CAROLINA,2024,23,"Dengue virus infections, Dengue",,-
VIRGINIA,2024,23,"Dengue virus infections, Dengue",,-
WEST VIRGINIA,2024,23,"Dengue virus infections, Dengue",,-
EAST SOUTH CENTRAL,2024,23,"Dengue virus infections, Dengue",,-
ALABAMA,2024,23,"Dengue virus infections, Dengue",,-
KENTUCKY,2024,23,"Dengue virus infections, Dengue",,-
MISSISSIPPI,2024,23,"Dengue virus infections, Dengue",,-
TENNESSEE,2024,23,"Dengue virus infections, Dengue",,-
WEST SOUTH CENTRAL,2024,23,"Dengue virus infections, Dengue",,-
ARKANSAS,2024,23,"Dengue virus infections, Dengue",,-
LOUISIANA,2024,23,"Dengue virus infections, Dengue",,-
OKLAHOMA,2024,23,"Dengue virus infections, Dengue",,-
TEXAS,2024,23,"Dengue virus infections, Dengue",,-
MOUNTAIN,2024,23,"Dengue virus infections, Dengue",,-
ARIZONA,2024,23,"Dengue virus infections, Dengue",,-
COLORADO,2024,23,"Dengue virus infections, Dengue",,-
IDAHO,2024,23,"Dengue virus infections, Dengue",,-
MONTANA,2024,23,"Dengue virus infections, Dengue",,-
NEVADA,2024,23,"Dengue virus infections, Dengue",,-
NEW MEXICO,2024,23,"Dengue virus infections, Dengue",,-
UTAH,2024,23,"Dengue virus infections, Dengue",,-
WYOMING,2024,23,"Dengue virus infections, Dengue",,-
PACIFIC,2024,23,"Dengue virus infections, Dengue",,-
ALASKA,2024,23,"Dengue virus infections, Dengue",,-
CALIFORNIA,2024,23,"Dengue virus infections, Dengue",,-
HAWAII,2024,23,"Dengue virus infections, Dengue",,-
OREGON,2024,23,"Dengue virus infections, Dengue",,-
WASHINGTON,2024,23,"Dengue virus infections, Dengue",,-
US TERRITORIES,2024,23,"Dengue virus infections, Dengue",,-
AMERICAN SAMOA,2024,23,"Dengue virus infections, Dengue",,-
NORTHERN MARIANA ISLANDS,2024,23,"Dengue virus infections, Dengue",,-
GUAM,2024,23,"Dengue virus infections, Dengue",,-
PUERTO RICO,2024,23,"Dengue virus infections, Dengue",,-
U.S. VIRGIN ISLANDS,2024,23,"Dengue virus infections, Dengue",,-
NON-US RESIDENTS,2024,23,"Dengue virus infections, Dengue",,-
TOTAL,2024,23,"Dengue virus infections, Dengue",,-
US RESIDENTS,2024,24,"Dengue virus infections, Dengue",7,-
NEW ENGLAND,2024,24,"Dengue virus infections, Dengue",,-
CONNECTICUT,2024,24,"Dengue virus infections, Dengue",,-
MAINE,2024,24,"Dengue virus infections, Dengue",,-
MASSACHUSETTS,2024,24,"Dengue virus infections, Dengue",,-
NEW HAMPSHIRE,2024,24,"Dengue virus infections, Dengue",,-
RHODE ISLAND,2024,24,"Dengue virus infections, Dengue",,-
VERMONT,2024,24,"Dengue virus infections, Dengue",,-
MIDDLE ATLANTIC,2024,24,"Dengue virus infections, Dengue",2,-
NEW JERSEY,2024,24,"Dengue virus infections, Dengue",,-
NEW YORK,2024,24,"Dengue virus infections, Dengue",2,-
NEW YORK CITY,2024,24,"Dengue virus infections, Dengue",,-
PENNSYLVANIA,2024,24,"Dengue virus infections, Dengue",,-
EAST NORTH CENTRAL,2024,24,"Dengue virus infections, Dengue",1,-
ILLINOIS,2024,24,"Dengue virus infections, Dengue",,-
INDIANA,2024,24,"Dengue virus infections, Dengue",,-
MICHIGAN,2024,24,"Dengue virus infections, Dengue",1,-
OHIO,2024,24,"Dengue virus infections, Dengue",,-
WISCONSIN,2024,24,"Dengue virus infections, Dengue",,-
WEST NORTH CENTRAL,2024,24,"Dengue virus infections, Dengue",,-
IOWA,2024,24,"Dengue virus infections, Dengue",,-
KANSAS,2024,24,"Dengue virus infections, Dengue",,-
MINNESOTA,2024,24,"Dengue virus infections, Dengue",,-
MISSOURI,2024,24,"Dengue virus infections, Dengue",,-
NEBRASKA,2024,24,"Dengue virus infections, Dengue",,-
NORTH DAKOTA,2024,24,"Dengue virus infections, Dengue",,-
SOUTH DAKOTA,2024,24,"Dengue virus infections, Dengue",,-
SOUTH ATLANTIC,2024,24,"Dengue virus infections, Dengue",4,-
DELAWARE,2024,24,"Dengue virus infections, Dengue",,-
DISTRICT OF COLUMBIA,2024,24,"Dengue virus infections, Dengue",,-
FLORIDA,2024,24,"Dengue virus infections, Dengue",4,-
GEORGIA,2024,24,"Dengue virus infections, Dengue",,-
MARYLAND,2024,24,"Dengue virus infections, Dengue",,-
NORTH CAROLINA,2024,24,"Dengue virus infections, Dengue",,-
SOUTH CAROLINA,2024,24,"Dengue virus infections, Dengue",,-
VIRGINIA,2024,24,"Dengue virus infections, Dengue",,-
WEST VIRGINIA,2024,24,"Dengue virus infections, Dengue",,-
EAST SOUTH CENTRAL,2024,24,"Dengue virus infections, Dengue",,-
ALABAMA,2024,24,"Dengue virus infections, Dengue",,-
KENTUCKY,2024,24,"Dengue virus infections, Dengue",,-
MISSISSIPPI,2024,24,"Dengue virus infections, Dengue",,-
TENNESSEE,2024,24,"Dengue virus infections, Dengue",,-
WEST SOUTH CENTRAL,2024,24,"Dengue virus infections, Dengue",,-
ARKANSAS,2024,24,"Dengue virus infections, Dengue",,-
LOUISIANA,2024,24,"Dengue virus infections, Dengue",,-
OKLAHOMA,2024,24,"Dengue virus infections, Dengue",,-
TEXAS,2024,24,"Dengue virus infections, Dengue",,-
MOUNTAIN,2024,24,"Dengue virus infections, Dengue",,-
ARIZONA,2024,24,"Dengue virus infections, Dengue",,-
COLORADO,2024,24,"Dengue virus infections, Dengue",,-
IDAHO,2024,24,"Dengue virus infections, Dengue",,-
MONTANA,2024,24,"Dengue virus infections, Dengue",,-
NEVADA,2024,24,"Dengue virus infections, Dengue",,-
NEW MEXICO,2024,24,"Dengue virus infections, Dengue",,-
UTAH,2024,24,"Dengue virus infections, Dengue",,-
WYOMING,2024,24,"Dengue virus infections, Dengue",,-
PACIFIC,2024,24,"Dengue virus infections, Dengue",,-
ALASKA,2024,24,"Dengue virus infections, Dengue",,-
CALIFORNIA,2024,24,"Dengue virus infections, Dengue",,-
HAWAII,2024,24,"Dengue virus infections, Dengue",,-
OREGON,2024,24,"Dengue virus infections, Dengue",,-
WASHINGTON,2024,24,"Dengue virus infections, Dengue",,-
US TERRITORIES,2024,24,"Dengue virus infections, Dengue",3,-
AMERICAN SAMOA,2024,24,"Dengue virus infections, Dengue",,-
NORTHERN MARIANA ISLANDS,2024,24,"Dengue virus infections, Dengue",,-
GUAM,2024,24,"Dengue virus infections, Dengue",,-
PUERTO RICO,2024,24,"Dengue virus infections, Dengue",3,-
U.S. VIRGIN ISLANDS,2024,24,"Dengue virus infections, Dengue",,-
NON-US RESIDENTS,2024,24,"Dengue virus infections, Dengue",,-
TOTAL,2024,24,"Dengue virus infections, Dengue",10,-
US RESIDENTS,2024,25,"Dengue virus infections, Dengue",3,-
NEW ENGLAND,2024,25,"Dengue virus infections, Dengue",,-
CONNECTICUT,2024,25,"Dengue virus infections, Dengue",,-
MAINE,2024,25,"Dengue virus infections, Dengue",,-
MASSACHUSETTS,2024,25,"Dengue virus infections, Dengue",,-
NEW HAMPSHIRE,2024,25,"Dengue virus infections, Dengue",,-
RHODE ISLAND,2024,25,"Dengue virus infections, Dengue",,-
VERMONT,2024,25,"Dengue virus infections, Dengue",,-
MIDDLE ATLANTIC,2024,25,"Dengue virus infections, Dengue",1,-
NEW JERSEY,2024,25,"Dengue virus infections, Dengue",,-
NEW YORK,2024,25,"Dengue virus infections, Dengue",1,-
NEW YORK CITY,2024,25,"Dengue virus infections, Dengue",,-
PENNSYLVANIA,2024,25,"Dengue virus infections, Dengue",,-
EAST NORTH CENTRAL,2024,25,"Dengue virus infections, Dengue",,-
ILLINOIS,2024,25,"Dengue virus infections, Dengue",,-
INDIANA,2024,25,"Dengue virus infections, Dengue",,-
MICHIGAN,2024,25,"Dengue virus infections, Dengue",,-
OHIO,2024,25,"Dengue virus infections, Dengue",,-
WISCONSIN,2024,25,"Dengue virus infections, Dengue",,-
WEST NORTH CENTRAL,2024,25,"Dengue virus infections, Dengue",,-
IOWA,2024,25,"Dengue virus infections, Dengue",,-
KANSAS,2024,25,"Dengue virus infections, Dengue",,-
MINNESOTA,2024,25,"Dengue virus infections, Dengue",,-
MISSOURI,2024,25,"Dengue virus infections, Dengue",,-
NEBRASKA,2024,25,"Dengue virus infections, Dengue",,-
NORTH DAKOTA,2024,25,"Dengue virus infections, Dengue",,-
SOUTH DAKOTA,2024,25,"Dengue virus infections, Dengue",,-
SOUTH ATLANTIC,2024,25,"Dengue virus infections, Dengue",,-
DELAWARE,2024,25,"Dengue virus infections, Dengue",,-
DISTRICT OF COLUMBIA,2024,25,"Dengue virus infections, Dengue",,-
FLORIDA,2024,25,"Dengue virus infections, Dengue",,-
GEORGIA,2024,25,"Dengue virus infections, Dengue",,-
MARYLAND,2024,25,"Dengue virus infections, Dengue",,-
NORTH CAROLINA,2024,25,"Dengue virus infections, Dengue",,-
SOUTH CAROLINA,2024,25,"Dengue virus infections, Dengue",,-
VIRGINIA,2024,25,"Dengue virus infections, Dengue",,-
WEST VIRGINIA,2024,25,"Dengue virus infections, Dengue",,-
EAST SOUTH CENTRAL,2024,25,"Dengue virus infections, Dengue",2,-
ALABAMA,2024,25,"Dengue virus infections, Dengue",,-
KENTUCKY,2024,25,"Dengue virus infections, Dengue",,-
MISSISSIPPI,2024,25,"Dengue virus infections, Dengue",,-
TENNESSEE,2024,25,"Dengue virus infections, Dengue",2,-
WEST SOUTH CENTRAL,2024,25,"Dengue virus infections, Dengue",,-
ARKANSAS,2024,25,"Dengue virus infections, Dengue",,-
LOUISIANA,2024,25,"Dengue virus infections, Dengue",,-
OKLAHOMA,2024,25,"Dengue virus infections, Dengue",,-
TEXAS,2024,25,"Dengue virus infections, Dengue",,-
MOUNTAIN,2024,25,"Dengue virus infections, Dengue",,-
ARIZONA,2024,25,"Dengue virus infections, Dengue",,-
COLORADO,2024,25,"Dengue virus infections, Dengue",,-
IDAHO,2024,25,"Dengue virus infections, Dengue",,-
MONTANA,2024,25,"Dengue virus infections, Dengue",,-
NEVADA,2024,25,"Dengue virus infections, Dengue",,-
NEW MEXICO,2024,25,"Dengue virus infections, Dengue",,-
UTAH,2024,25,"Dengue virus infections, Dengue",,-
WYOMING,2024,25,"Dengue virus infections, Dengue",,-
PACIFIC,2024,25,"Dengue virus infections, Dengue",,-
ALASKA,2024,25,"Dengue virus infections, Dengue",,-
CALIFORNIA,2024,25,"Dengue virus infections, Dengue",,-
HAWAII,2024,25,"Dengue virus infections, Dengue",,-
OREGON,2024,25,"Dengue virus infections, Dengue",,-
WASHINGTON,2024,25,"Dengue virus infections, Dengue",,-
US TERRITORIES,2024,25,"Dengue virus infections, Dengue",,-
AMERICAN SAMOA,2024,25,"Dengue virus infections, Dengue",,-
NORTHERN MARIANA ISLANDS,2024,25,"Dengue virus infections, Dengue",,-
GUAM,2024,25,"Dengue virus infections, Dengue",,-
PUERTO RICO,2024,25,"Dengue virus infections, Dengue",,-
U.S. VIRGIN ISLANDS,2024,25,"Dengue virus infections, Dengue",,-
NON-US RESIDENTS,2024,25,"Dengue virus infections, Dengue",,-
TOTAL,2024,25,"Dengue virus infections, Dengue",3,-
US RESIDENTS,2024,26,"Dengue virus infections, Dengue",3,-
NEW ENGLAND,2024,26,"Dengue virus infections, Dengue",1,-
CONNECTICUT,2024,26,"Dengue virus infections, Dengue",,-
MAINE,2024,26,"Dengue virus infections, Dengue",1,-
MASSACHUSETTS,2024,26,"Dengue virus infections, Dengue",,-
NEW HAMPSHIRE,2024,26,"Dengue virus infections, Dengue",,-
RHODE ISLAND,2024,26,"Dengue virus infections, Dengue",,-
VERMONT,2024,26,"Dengue virus infections, Dengue",,-
MIDDLE ATLANTIC,2024,26,"Dengue virus infections, Dengue",1,-
NEW JERSEY,2024,26,"Dengue virus infections, Dengue",,-
NEW YORK,2024,26,"Dengue virus infections, Dengue",1,-
NEW YORK CITY,2024,26,"Dengue virus infections, Dengue",,-
PENNSYLVANIA,2024,26,"Dengue virus infections, Dengue",,-
EAST NORTH CENTRAL,2024,26,"Dengue virus infections, Dengue",,-
ILLINOIS,2024,26,"Dengue virus infections, Dengue",,-
INDIANA,2024,26,"Dengue virus infections, Dengue",,-
MICHIGAN,2024,26,"Dengue virus infections, Dengue",,-
OHIO,2024,26,"Dengue virus infections, Dengue",,-
WISCONSIN,2024,26,"Dengue virus infections, Dengue",,-
WEST NORTH CENTRAL,2024,26,"Dengue virus infections, Dengue",,-
IOWA,2024,26,"Dengue virus infections, Dengue",,-
KANSAS,2024,26,"Dengue virus infections, Dengue",,-
MINNESOTA,2024,26,"Dengue virus infections, Dengue",,-
MISSOURI,2024,26,"Dengue virus infections, Dengue",,-
NEBRASKA,2024,26,"Dengue virus infections, Dengue",,-
NORTH DAKOTA,2024,26,"Dengue virus infections, Dengue",,-
SOUTH DAKOTA,2024,26,"Dengue virus infections, Dengue",,-
SOUTH ATLANTIC,2024,26,"Dengue virus infections, Dengue",,-
DELAWARE,2024,26,"Dengue virus infections, Dengue",,-
DISTRICT OF COLUMBIA,2024,26,"Dengue virus infections, Dengue",,-
FLORIDA,2024,26,"Dengue virus infections, Dengue",,-
GEORGIA,2024,26,"Dengue virus infections, Dengue",,-
MARYLAND,2024,26,"Dengue virus infections, Dengue",,-
NORTH CAROLINA,2024,26,"Dengue virus infections, Dengue",,-
SOUTH CAROLINA,2024,26,"Dengue virus infections, Dengue",,-
VIRGINIA,2024,26,"Dengue virus infections, Dengue",,-
WEST VIRGINIA,2024,26,"Dengue virus infections, Dengue",,-
EAST SOUTH CENTRAL,2024,26,"Dengue virus infections, Dengue",,-
ALABAMA,2024,26,"Dengue virus infections, Dengue",,-
KENTUCKY,2024,26,"Dengue virus infections, Dengue",,-
MISSISSIPPI,2024,26,"Dengue virus infections, Dengue",,-
TENNESSEE,2024,26,"Dengue virus infections, Dengue",,-
WEST SOUTH CENTRAL,2024,26,"Dengue virus infections, Dengue",,-
ARKANSAS,2024,26,"Dengue virus infections, Dengue",,-
LOUISIANA,2024,26,"Dengue virus infections, Dengue",,-
OKLAHOMA,2024,26,"Dengue virus infections, Dengue",,-
TEXAS,2024,26,"Dengue virus infections, Dengue",,-
MOUNTAIN,2024,26,"Dengue virus infections, Dengue",1,-
ARIZONA,2024,26,"Dengue virus infections, Dengue",1,-
COLORADO,2024,26,"Dengue virus infections, Dengue",,-
IDAHO,2024,26,"Dengue virus infections, Dengue",,-
MONTANA,2024,26,"Dengue virus infections, Dengue",,-
NEVADA,2024,26,"Dengue virus infections, Dengue",,-
NEW MEXICO,2024,26,"Dengue virus infections, Dengue",,-
UTAH,2024,26,"Dengue virus infections, Dengue",,-
WYOMING,2024,26,"Dengue virus infections, Dengue",,-
PACIFIC,2024,26,"Dengue virus infections, Dengue",,-
ALASKA,2024,26,"Dengue virus infections, Dengue",,-
CALIFORNIA,2024,26,"Dengue virus infections, Dengue",,-
HAWAII,2024,26,"Dengue virus infections, Dengue",,-
OREGON,2024,26,"Dengue virus infections, Dengue",,-
WASHINGTON,2024,26,"Dengue virus infections, Dengue",,-
US TERRITORIES,2024,26,"Dengue virus infections, Dengue",,-
AMERICAN SAMOA,2024,26,"Dengue virus infections, Dengue",,-
NORTHERN MARIANA ISLANDS,2024,26,"Dengue virus infections, Dengue",,-
GUAM,2024,26,"Dengue virus infections, Dengue",,-
PUERTO RICO,2024,26,"Dengue virus infections, Dengue",,-
U.S. VIRGIN ISLANDS,2024,26,"Dengue virus infections, Dengue",,-
NON-US RESIDENTS,2024,26,"Dengue virus infections, Dengue",,-
TOTAL,2024,26,"Dengue virus infections, Dengue",3,-
US RESIDENTS,2024,27,"Dengue virus infections, Dengue",2,-
NEW ENGLAND,2024,27,"Dengue virus infections, Dengue",,-
CONNECTICUT,2024,27,"Dengue virus infections, Dengue",,-
MAINE,2024,27,"Dengue virus infections, Dengue",,-
MASSACHUSETTS,2024,27,"Dengue virus infections, Dengue",,-
NEW HAMPSHIRE,2024,27,"Dengue virus infections, Dengue",,-
RHODE ISLAND,2024,27,"Dengue virus infections, Dengue",,-
VERMONT,2024,27,"Dengue virus infections, Dengue",,-
MIDDLE ATLANTIC,2024,27,"Dengue virus infections, Dengue",,-
NEW JERSEY,2024,27,"Dengue virus infections, Dengue",,-
NEW YORK,2024,27,"Dengue virus infections, Dengue",,-
NEW YORK CITY,2024,27,"Dengue virus infections, Dengue",,-
PENNSYLVANIA,2024,27,"Dengue virus infections, Dengue",,-
EAST NORTH CENTRAL,2024,27,"Dengue virus infections, Dengue",,-
ILLINOIS,2024,27,"Dengue virus infections, Dengue",,-
INDIANA,2024,27,"Dengue virus infections, Dengue",,-
MICHIGAN,2024,27,"Dengue virus infections, Dengue",,-
OHIO,2024,27,"Dengue virus infections, Dengue",,-
WISCONSIN,2024,27,"Dengue virus infections, Dengue",,-
WEST NORTH CENTRAL,2024,27,"Dengue virus infections, Dengue",,-
IOWA,2024,27,"Dengue virus infections, Dengue",,-
KANSAS,2024,27,"Dengue virus infections, Dengue",,-
MINNESOTA,2024,27,"Dengue virus infections, Dengue",,-
MISSOURI,2024,27,"Dengue virus infections, Dengue",,-
NEBRASKA,2024,27,"Dengue virus infections, Dengue",,-
NORTH DAKOTA,2024,27,"Dengue virus infections, Dengue",,-
SOUTH DAKOTA,2024,27,"Dengue virus infections, Dengue",,-
SOUTH ATLANTIC,2024,27,"Dengue virus infections, Dengue",2,-
DELAWARE,2024,27,"Dengue virus infections, Dengue",,-
DISTRICT OF COLUMBIA,2024,27,"Dengue virus infections, Dengue",,-
FLORIDA,2024,27,"Dengue virus infections, Dengue",1,-
GEORGIA,2024,27,"Dengue virus infections, Dengue",,-
MARYLAND,2024,27,"Dengue virus infections, Dengue",1,-
NORTH CAROLINA,2024,27,"Dengue virus infections, Dengue",,-
SOUTH CAROLINA,2024,27,"Dengue virus infections, Dengue",,-
VIRGINIA,2024,27,"Dengue virus infections, Dengue",,-
WEST VIRGINIA,2024,27,"Dengue virus infections, Dengue",,-
EAST SOUTH CENTRAL,2024,27,"Dengue virus infections, Dengue",,-
ALABAMA,2024,27,"Dengue virus infections, Dengue",,-
KENTUCKY,2024,27,"Dengue virus infections, Dengue",,-
MISSISSIPPI,2024,27,"Dengue virus infections, Dengue",,-
TENNESSEE,2024,27,"Dengue virus infections, Dengue",,-
WEST SOUTH CENTRAL,2024,27,"Dengue virus infections, Dengue",,-
ARKANSAS,2024,27,"Dengue virus infections, Dengue",,-
LOUISIANA,2024,27,"Dengue virus infections, Dengue",,-
OKLAHOMA,2024,27,"Dengue virus infections, Dengue",,-
TEXAS,2024,27,"Dengue virus infections, Dengue",,-
MOUNTAIN,2024,27,"Dengue virus infections, Dengue",,-
ARIZONA,2024,27,"Dengue virus infections, Dengue",,-
COLORADO,2024,27,"Dengue virus infections, Dengue",,-
IDAHO,2024,27,"Dengue virus infections, Dengue",,-
MONTANA,2024,27,"Dengue virus infections, Dengue",,-
NEVADA,2024,27,"Dengue virus infections, Dengue",,-
NEW MEXICO,2024,27,"Dengue virus infections, Dengue",,-
UTAH,2024,27,"Dengue virus infections, Dengue",,-
WYOMING,2024,27,"Dengue virus infections, Dengue",,-
PACIFIC,2024,27,"Dengue virus infections, Dengue",,-
ALASKA,2024,27,"Dengue virus infections, Dengue",,-
CALIFORNIA,2024,27,"Dengue virus infections, Dengue",,-
HAWAII,2024,27,"Dengue virus infections, Dengue",,-
OREGON,2024,27,"Dengue virus infections, Dengue",,-
WASHINGTON,2024,27,"Dengue virus infections, Dengue",,-
US TERRITORIES,2024,27,"Dengue virus infections, Dengue",,-
AMERICAN SAMOA,2024,27,"Dengue virus infections, Dengue",,-
NORTHERN MARIANA ISLANDS,2024,27,"Dengue virus infections, Dengue",,-
GUAM,2024,27,"Dengue virus infections, Dengue",,-
PUERTO RICO,2024,27,"Dengue virus infections, Dengue",,-
U.S. VIRGIN ISLANDS,2024,27,"Dengue virus infections, Dengue",,-
NON-US RESIDENTS,2024,27,"Dengue virus infections, Dengue",,-
TOTAL,2024,27,"Dengue virus infections, Dengue",2,-
US RESIDENTS,2024,28,"Dengue virus infections, Dengue",4,-
NEW ENGLAND,2024,28,"Dengue virus infections, Dengue",,-
CONNECTICUT,2024,28,"Dengue virus infections, Dengue",,-
MAINE,2024,28,"Dengue virus infections, Dengue",,-
MASSACHUSETTS,2024,28,"Dengue virus infections, Dengue",,-
NEW HAMPSHIRE,2024,28,"Dengue virus infections, Dengue",,-
RHODE ISLAND,2024,28,"Dengue virus infections, Dengue",,-
VERMONT,2024,28,"Dengue virus infections, Dengue",,-
MIDDLE ATLANTIC,2024,28,"Dengue virus infections, Dengue",,-
NEW JERSEY,2024,28,"Dengue virus infections, Dengue",,-
NEW YORK,2024,28,"Dengue virus infections, Dengue",,-
NEW YORK CITY,2024,28,"Dengue virus infections, Dengue",,-
PENNSYLVANIA,2024,28,"Dengue virus infections, Dengue",,-
EAST NORTH CENTRAL,2024,28,"Dengue virus infections, Dengue",,-
ILLINOIS,2024,28,"Dengue virus infections, Dengue",,-
INDIANA,2024,28,"Dengue virus infections, Dengue",,-
MICHIGAN,2024,28,"Dengue virus infections, Dengue",,-
OHIO,2024,28,"Dengue virus infections, Dengue",,-
WISCONSIN,2024,28,"Dengue virus infections, Dengue",,-
WEST NORTH CENTRAL,2024,28,"Dengue virus infections, Dengue",,-
IOWA,2024,28,"Dengue virus infections, Dengue",,-
KANSAS,2024,28,"Dengue virus infections, Dengue",,-
MINNESOTA,2024,28,"Dengue virus infections, Dengue",,-
MISSOURI,2024,28,"Dengue virus infections, Dengue",,-
NEBRASKA,2024,28,"Dengue virus infections, Dengue",,-
NORTH DAKOTA,2024,28,"Dengue virus infections, Dengue",,-
SOUTH DAKOTA,2024,28,"Dengue virus infections, Dengue",,-
SOUTH ATLANTIC,2024,28,"Dengue virus infections, Dengue",4,-
DELAWARE,2024,28,"Dengue virus infections, Dengue",,-
DISTRICT OF COLUMBIA,2024,28,"Dengue virus infections, Dengue",,-
FLORIDA,2024,28,"Dengue virus infections, Dengue",4,-
GEORGIA,2024,28,"Dengue virus infections, Dengue",,-
MARYLAND,2024,28,"Dengue virus infections, Dengue",,-
NORTH CAROLINA,2024,28,"Dengue virus infections, Dengue",,-
SOUTH CAROLINA,2024,28,"Dengue virus infections, Dengue",,-
VIRGINIA,2024,28,"Dengue virus infections, Dengue",,-
WEST VIRGINIA,2024,28,"Dengue virus infections, Dengue",,-
EAST SOUTH CENTRAL,2024,28,"Dengue virus infections, Dengue",,-
ALABAMA,2024,28,"Dengue virus infections, Dengue",,-
KENTUCKY,2024,28,"Dengue virus infections, Dengue",,-
MISSISSIPPI,2024,28,"Dengue virus infections, Dengue",,-
TENNESSEE,2024,28,"Dengue virus infections, Dengue",,-
WEST SOUTH CENTRAL,2024,28,"Dengue virus infections, Dengue",,-
ARKANSAS,2024,28,"Dengue virus infections, Dengue",,-
LOUISIANA,2024,28,"Dengue virus infections, Dengue",,-
OKLAHOMA,2024,28,"Dengue virus infections, Dengue",,-
TEXAS,2024,28,"Dengue virus infections, Dengue",,-
MOUNTAIN,2024,28,"Dengue virus infections, Dengue",,-
ARIZONA,2024,28,"Dengue virus infections, Dengue",,-
COLORADO,2024,28,"Dengue virus infections, Dengue",,-
IDAHO,2024,28,"Dengue virus infections, Dengue",,-
MONTANA,2024,28,"Dengue virus infections, Dengue",,-
NEVADA,2024,28,"Dengue virus infections, Dengue",,-
NEW MEXICO,2024,28,"Dengue virus infections, Dengue",,-
UTAH,2024,28,"Dengue virus infections, Dengue",,-
WYOMING,2024,28,"Dengue virus infections, Dengue",,-
PACIFIC,2024,28,"Dengue virus infections, Dengue",,-
ALASKA,2024,28,"Dengue virus infections, Dengue",,-
CALIFORNIA,2024,28,"Dengue virus infections, Dengue",,-
HAWAII,2024,28,"Dengue virus infections, Dengue",,-
OREGON,2024,28,"Dengue virus infections, Dengue",,-
WASHINGTON,2024,28,"Dengue virus infections, Dengue",,-
US TERRITORIES,2024,28,"Dengue virus infections, Dengue",,-
AMERICAN SAMOA,2024,28,"Dengue virus infections, Dengue",,-
NORTHERN MARIANA ISLANDS,2024,28,"Dengue virus infections, Dengue",,-
GUAM,2024,28,"Dengue virus infections, Dengue",,-
PUERTO RICO,2024,28,"Dengue virus infections, Dengue",,-
U.S. VIRGIN ISLANDS,2024,28,"Dengue virus infections, Dengue",,-
NON-US RESIDENTS,2024,28,"Dengue virus infections, Dengue",,-
TOTAL,2024,28,"Dengue virus infections, Dengue",4,-
US RESIDENTS,2024,29,"Dengue virus infections, Dengue",3,-
NEW ENGLAND,2024,29,"Dengue virus infections, Dengue",,-
CONNECTICUT,2024,29,"Dengue virus infections, Dengue",,-
MAINE,2024,29,"Dengue virus infections, Dengue",,-
MASSACHUSETTS,2024,29,"Dengue virus infections, Dengue",,-
NEW HAMPSHIRE,2024,29,"Dengue virus infections, Dengue",,-
RHODE ISLAND,2024,29,"Dengue virus infections, Dengue",,-
VERMONT,2024,29,"Dengue virus infections, Dengue",,-
MIDDLE ATLANTIC,2024,29,"Dengue virus infections, Dengue",1,-
NEW JERSEY,2024,29,"Dengue virus infections, Dengue",,-
NEW YORK,2024,29,"Dengue virus infections, Dengue",1,-
NEW YORK CITY,2024,29,"Dengue virus infections, Dengue",,-
PENNSYLVANIA,2024,29,"Dengue virus infections, Dengue",,-
EAST NORTH CENTRAL,2024,29,"Dengue virus infections, Dengue",,-
ILLINOIS,2024,29,"Dengue virus infections, Dengue",,-
INDIANA,2024,29,"Dengue virus infections, Dengue",,-
MICHIGAN,2024,29,"Dengue virus infections, Dengue",,-
OHIO,2024,29,"Dengue virus infections, Dengue",,-
WISCONSIN,2024,29,"Dengue virus infections, Dengue",,-
WEST NORTH CENTRAL,2024,29,"Dengue virus infections, Dengue",,-
IOWA,2024,29,"Dengue virus infections, Dengue",,-
KANSAS,2024,29,"Dengue virus infections, Dengue",,-
MINNESOTA,2024,29,"Dengue virus infections, Dengue",,-
MISSOURI,2024,29,"Dengue virus infections, Dengue",,-
NEBRASKA,2024,29,"Dengue virus infections, Dengue",,-
NORTH DAKOTA,2024,29,"Dengue virus infections, Dengue",,-
SOUTH DAKOTA,2024,29,"Dengue virus infections, Dengue",,-
SOUTH ATLANTIC,2024,29,"Dengue virus infections, Dengue",2,-
DELAWARE,2024,29,"Dengue virus infections, Dengue",,-
DISTRICT OF COLUMBIA,2024,29,"Dengue virus infections, Dengue",,-
FLORIDA,2024,29,"Dengue virus infections, Dengue",1,-
GEORGIA,2024,29,"Dengue virus infections, Dengue",,-
MARYLAND,2024,29,"Dengue virus infections, Dengue",,-
NORTH CAROLINA,2024,29,"Dengue virus infections, Dengue",,-
SOUTH CAROLINA,2024,29,"Dengue virus infections, Dengue",,-
VIRGINIA,2024,29,"Dengue virus infections, Dengue",1,-
WEST VIRGINIA,2024,29,"Dengue virus infections, Dengue",,-
EAST SOUTH CENTRAL,2024,29,"Dengue virus infections, Dengue",,-
ALABAMA,2024,29,"Dengue virus infections, Dengue",,-
KENTUCKY,2024,29,"Dengue virus infections, Dengue",,-
MISSISSIPPI,2024,29,"Dengue virus infections, Dengue",,-
TENNESSEE,2024,29,"Dengue virus infections, Dengue",,-
WEST SOUTH CENTRAL,2024,29,"Dengue virus infections, Dengue",,-
ARKANSAS,2024,29,"Dengue virus infections, Dengue",,-
LOUISIANA,2024,29,"Dengue virus infections, Dengue",,-
OKLAHOMA,2024,29,"Dengue virus infections, Dengue",,-
TEXAS,2024,29,"Dengue virus infections, Dengue",,-
MOUNTAIN,2024,29,"Dengue virus infections, Dengue",,-
ARIZONA,2024,29,"Dengue virus infections, Dengue",,-
COLORADO,2024,29,"Dengue virus infections, Dengue",,-
IDAHO,2024,29,"Dengue virus infections, Dengue",,-
MONTANA,2024,29,"Dengue virus infections, Dengue",,-
NEVADA,2024,29,"Dengue virus infections, Dengue",,-
NEW MEXICO,2024,29,"Dengue virus infections, Dengue",,-
UTAH,2024,29,"Dengue virus infections, Dengue",,-
WYOMING,2024,29,"Dengue virus infections, Dengue",,-
PACIFIC,2024,29,"Dengue virus infections, Dengue",,-
ALASKA,2024,29,"Dengue virus infections, Dengue",,-
CALIFORNIA,2024,29,"Dengue virus infections, Dengue",,-
HAWAII,2024,29,"Dengue virus infections, Dengue",,-
OREGON,2024,29,"Dengue virus infections, Dengue",,-
WASHINGTON,2024,29,"Dengue virus infections, Dengue",,-
US TERRITORIES,2024,29,"Dengue virus infections, Dengue",,-
AMERICAN SAMOA,2024,29,"Dengue virus infections, Dengue",,-
NORTHERN MARIANA ISLANDS,2024,29,"Dengue virus infections, Dengue",,-
GUAM,2024,29,"Dengue virus infections, Dengue",,-
PUERTO RICO,2024,29,"Dengue virus infections, Dengue",,-
U.S. VIRGIN ISLANDS,2024,29,"Dengue virus infections, Dengue",,-
NON-US RESIDENTS,2024,29,"Dengue virus infections, Dengue",,-
TOTAL,2024,29,"Dengue virus infections, Dengue",3,-
US RESIDENTS,2024,30,"Dengue virus infections, Dengue",4,-
NEW ENGLAND,2024,30,"Dengue virus infections, Dengue",,-
CONNECTICUT,2024,30,"Dengue virus infections, Dengue",,-
MAINE,2024,30,"Dengue virus infections, Dengue",,-
MASSACHUSETTS,2024,30,"Dengue virus infections, Dengue",,-
NEW HAMPSHIRE,2024,30,"Dengue virus infections, Dengue",,-
RHODE ISLAND,2024,30,"Dengue virus infections, Dengue",,-
VERMONT,2024,30,"Dengue virus infections, Dengue",,-
MIDDLE ATLANTIC,2024,30,"Dengue virus infections, Dengue",,-
NEW JERSEY,2024,30,"Dengue virus infections, Dengue",,-
NEW YORK,2024,30,"Dengue virus infections, Dengue",,-
NEW YORK CITY,2024,30,"Dengue virus infections, Dengue",,-
PENNSYLVANIA,2024,30,"Dengue virus infections, Dengue",,-
EAST NORTH CENTRAL,2024,30,"Dengue virus infections, Dengue",,-
ILLINOIS,2024,30,"Dengue virus infections, Dengue",,-
INDIANA,2024,30,"Dengue virus infections, Dengue",,-
MICHIGAN,2024,30,"Dengue virus infections, Dengue",,-
OHIO,2024,30,"Dengue virus infections, Dengue",,-
WISCONSIN,2024,30,"Dengue virus infections, Dengue",,-
WEST NORTH CENTRAL,2024,30,"Dengue virus infections, Dengue",,-
IOWA,2024,30,"Dengue virus infections, Dengue",,-
KANSAS,2024,30,"Dengue virus infections, Dengue",,-
MINNESOTA,2024,30,"Dengue virus infections, Dengue",,-
MISSOURI,2024,30,"Dengue virus infections, Dengue",,-
NEBRASKA,2024,30,"Dengue virus infections, Dengue",,-
NORTH DAKOTA,2024,30,"Dengue virus infections, Dengue",,-
SOUTH DAKOTA,2024,30,"Dengue virus infections, Dengue",,-
SOUTH ATLANTIC,2024,30,"Dengue virus infections, Dengue",4,-
DELAWARE,2024,30,"Dengue virus infections, Dengue",,-
DISTRICT OF COLUMBIA,2024,30,"Dengue virus infections, Dengue",,-
FLORIDA,2024,30,"Dengue virus infections, Dengue",,-
GEORGIA,2024,30,"Dengue virus infections, Dengue",,-
MARYLAND,2024,30,"Dengue virus infections, Dengue",3,-
NORTH CAROLINA,2024,30,"Dengue virus infections, Dengue",1,-
SOUTH CAROLINA,2024,30,"Dengue virus infections, Dengue",,-
VIRGINIA,2024,30,"Dengue virus infections, Dengue",,-
WEST VIRGINIA,2024,30,"Dengue virus infections, Dengue",,-
EAST SOUTH CENTRAL,2024,30,"Dengue virus infections, Dengue",,-
ALABAMA,2024,30,"Dengue virus infections, Dengue",,-
KENTUCKY,2024,30,"Dengue virus infections, Dengue",,-
MISSISSIPPI,2024,30,"Dengue virus infections, Dengue",,-
TENNESSEE,2024,30,"Dengue virus infections, Dengue",,-
WEST SOUTH CENTRAL,2024,30,"Dengue virus infections, Dengue",,-
ARKANSAS,2024,30,"Dengue virus infections, Dengue",,-
LOUISIANA,2024,30,"Dengue virus infections, Dengue",,-
OKLAHOMA,2024,30,"Dengue virus infections, Dengue",,-
TEXAS,2024,30,"Dengue virus infections, Dengue",,-
MOUNTAIN,2024,30,"Dengue virus infections, Dengue",,-
ARIZONA,2024,30,"Dengue virus infections, Dengue",,-
COLORADO,2024,30,"Dengue virus infections, Dengue",,-
IDAHO,2024,30,"Dengue virus infections, Dengue",,-
MONTANA,2024,30,"Dengue virus infections, Dengue",,-
NEVADA,2024,30,"Dengue virus infections, Dengue",,-
NEW MEXICO,2024,30,"Dengue virus infections, Dengue",,-
UTAH,2024,30,"Dengue virus infections, Dengue",,-
WYOMING,2024,30,"Dengue virus infections, Dengue",,-
PACIFIC,2024,30,"Dengue virus infections, Dengue",,-
ALASKA,2024,30,"Dengue virus infections, Dengue",,-
CALIFORNIA,2024,30,"Dengue virus infections, Dengue",,-
HAWAII,2024,30,"Dengue virus infections, Dengue",,-
OREGON,2024,30,"Dengue virus infections, Dengue",,-
WASHINGTON,2024,30,"Dengue virus infections, Dengue",,-
US TERRITORIES,2024,30,"Dengue virus infections, Dengue",,-
AMERICAN SAMOA,2024,30,"Dengue virus infections, Dengue",,-
NORTHERN MARIANA ISLANDS,2024,30,"Dengue virus infections, Dengue",,-
GUAM,2024,30,"Dengue virus infections, Dengue",,-
PUERTO RICO,2024,30,"Dengue virus infections, Dengue",,-
U.S. VIRGIN ISLANDS,2024,30,"Dengue virus infections, Dengue",,-
NON-US RESIDENTS,2024,30,"Dengue virus infections, Dengue",,-
TOTAL,2024,30,"Dengue virus infections, Dengue",4,-
US RESIDENTS,2024,31,"Dengue virus infections, Dengue",7,-
NEW ENGLAND,2024,31,"Dengue virus infections, Dengue",,-
CONNECTICUT,2024,31,"Dengue virus infections, Dengue",,-
MAINE,2024,31,"Dengue virus infections, Dengue",,-
MASSACHUSETTS,2024,31,"Dengue virus infections, Dengue",,-
NEW HAMPSHIRE,2024,31,"Dengue virus infections, Dengue",,-
RHODE ISLAND,2024,31,"Dengue virus infections, Dengue",,-
VERMONT,2024,31,"Dengue virus infections, Dengue",,-
MIDDLE ATLANTIC,2024,31,"Dengue virus infections, Dengue",5,-
NEW JERSEY,2024,31,"Dengue virus infections, Dengue",,-
NEW YORK,2024,31,"Dengue virus infections, Dengue",5,-
NEW YORK CITY,2024,31,"Dengue virus infections, Dengue",,-
PENNSYLVANIA,2024,31,"Dengue virus infections, Dengue",,-
EAST NORTH CENTRAL,2024,31,"Dengue virus infections, Dengue",,-
ILLINOIS,2024,31,"Dengue virus infections, Dengue",,-
INDIANA,2024,31,"Dengue virus infections, Dengue",,-
MICHIGAN,2024,31,"Dengue virus infections, Dengue",,-
OHIO,2024,31,"Dengue virus infections, Dengue",,-
WISCONSIN,2024,31,"Dengue virus infections, Dengue",,-
WEST NORTH CENTRAL,2024,31,"Dengue virus infections, Dengue",,-
IOWA,2024,31,"Dengue virus infections, Dengue",,-
KANSAS,2024,31,"Dengue virus infections, Dengue",,-
MINNESOTA,2024,31,"Dengue virus infections, Dengue",,-
MISSOURI,2024,31,"Dengue virus infections, Dengue",,-
NEBRASKA,2024,31,"Dengue virus infections, Dengue",,-
NORTH DAKOTA,2024,31,"Dengue virus infections, Dengue",,-
SOUTH DAKOTA,2024,31,"Dengue virus infections, Dengue",,-
SOUTH ATLANTIC,2024,31,"Dengue virus infections, Dengue",2,-
DELAWARE,2024,31,"Dengue virus infections, Dengue",2,-
DISTRICT OF COLUMBIA,2024,31,"Dengue virus infections, Dengue",,-
FLORIDA,2024,31,"Dengue virus infections, Dengue",,-
GEORGIA,2024,31,"Dengue virus infections, Dengue",,-
MARYLAND,2024,31,"Dengue virus infections, Dengue",,-
NORTH CAROLINA,2024,31,"Dengue virus infections, Dengue",,-
SOUTH CAROLINA,2024,31,"Dengue virus infections, Dengue",,-
VIRGINIA,2024,31,"Dengue virus infections, Dengue",,-
WEST VIRGINIA,2024,31,"Dengue virus infections, Dengue",,-
EAST SOUTH CENTRAL,2024,31,"Dengue virus infections, Dengue",,-
ALABAMA,2024,31,"Dengue virus infections, Dengue",,-
KENTUCKY,2024,31,"Dengue virus infections, Dengue",,-
MISSISSIPPI,2024,31,"Dengue virus infections, Dengue",,-
TENNESSEE,2024,31,"Dengue virus infections, Dengue",,-
WEST SOUTH CENTRAL,2024,31,"Dengue virus infections, Dengue",,-
ARKANSAS,2024,31,"Dengue virus infections, Dengue",,-
LOUISIANA,2024,31,"Dengue virus infections, Dengue",,-
OKLAHOMA,2024,31,"Dengue virus infections, Dengue",,-
TEXAS,2024,31,"Dengue virus infections, Dengue",,-
MOUNTAIN,2024,31,"Dengue virus infections, Dengue",,-
ARIZONA,2024,31,"Dengue virus infections, Dengue",,-
COLORADO,2024,31,"Dengue virus infections, Dengue",,-
IDAHO,2024,31,"Dengue virus infections, Dengue",,-
MONTANA,2024,31,"Dengue virus infections, Dengue",,-
NEVADA,2024,31,"Dengue virus infections, Dengue",,-
NEW MEXICO,2024,31,"Dengue virus infections, Dengue",,-
UTAH,2024,31,"Dengue virus infections, Dengue",,-
WYOMING,2024,31,"Dengue virus infections, Dengue",,-
PACIFIC,2024,31,"Dengue virus infections, Dengue",,-
ALASKA,2024,31,"Dengue virus infections, Dengue",,-
CALIFORNIA,2024,31,"Dengue virus infections, Dengue",,-
HAWAII,2024,31,"Dengue virus infections, Dengue",,-
OREGON,2024,31,"Dengue virus infections, Dengue",,-
WASHINGTON,2024,31,"Dengue virus infections, Dengue",,-
US TERRITORIES,2024,31,"Dengue virus infections, Dengue",,-
AMERICAN SAMOA,2024,31,"Dengue virus infections, Dengue",,-
NORTHERN MARIANA ISLANDS,2024,31,"Dengue virus infections, Dengue",,-
GUAM,2024,31,"Dengue virus infections, Dengue",,-
PUERTO RICO,2024,31,"Dengue virus infections, Dengue",,-
U.S. VIRGIN ISLANDS,2024,31,"Dengue virus infections, Dengue",,-
NON-US RESIDENTS,2024,31,"Dengue virus infections, Dengue",,-
TOTAL,2024,31,"Dengue virus infections, Dengue",7,-
US RESIDENTS,2024,32,"Dengue virus infections, Dengue",6,-
NEW ENGLAND,2024,32,"Dengue virus infections, Dengue",,-
CONNECTICUT,2024,32,"Dengue virus infections, Dengue",,-
MAINE,2024,32,"Dengue virus infections, Dengue",,-
MASSACHUSETTS,2024,32,"Dengue virus infections, Dengue",,-
NEW HAMPSHIRE,2024,32,"Dengue virus infections, Dengue",,-
RHODE ISLAND,2024,32,"Dengue virus infections, Dengue",,-
VERMONT,2024,32,"Dengue virus infections, Dengue",,-
MIDDLE ATLANTIC,2024,32,"Dengue virus infections, Dengue",2,-
NEW JERSEY,2024,32,"Dengue virus infections, Dengue",,-
NEW YORK,2024,32,"Dengue virus infections, Dengue",2,-
NEW YORK CITY,2024,32,"Dengue virus infections, Dengue",,-
PENNSYLVANIA,2024,32,"Dengue virus infections, Dengue",,-
EAST NORTH CENTRAL,2024,32,"Dengue virus infections, Dengue",,-
ILLINOIS,2024,32,"Dengue virus infections, Dengue",,-
INDIANA,2024,32,"Dengue virus infections, Dengue",,-
MICHIGAN,2024,32,"Dengue virus infections, Dengue",,-
OHIO,2024,32,"Dengue virus infections, Dengue",,-
WISCONSIN,2024,32,"Dengue virus infections, Dengue",,-
WEST NORTH CENTRAL,2024,32,"Dengue virus infections, Dengue",,-
IOWA,2024,32,"Dengue virus infections, Dengue",,-
KANSAS,2024,32,"Dengue virus infections, Dengue",,-
MINNESOTA,2024,32,"Dengue virus infections, Dengue",,-
MISSOURI,2024,32,"Dengue virus infections, Dengue",,-
NEBRASKA,2024,32,"Dengue virus infections, Dengue",,-
NORTH DAKOTA,2024,32,"Dengue virus infections, Dengue",,-
SOUTH DAKOTA,2024,32,"Dengue virus infections, Dengue",,-
SOUTH ATLANTIC,2024,32,"Dengue virus infections, Dengue",3,-
DELAWARE,2024,32,"Dengue virus infections, Dengue",,-
DISTRICT OF COLUMBIA,2024,32,"Dengue virus infections, Dengue",,-
FLORIDA,2024,32,"Dengue virus infections, Dengue",,-
GEORGIA,2024,32,"Dengue virus infections, Dengue",,-
MARYLAND,2024,32,"Dengue virus infections, Dengue",,-
NORTH CAROLINA,2024,32,"Dengue virus infections, Dengue",,-
SOUTH CAROLINA,2024,32,"Dengue virus infections, Dengue",,-
VIRGINIA,2024,32,"Dengue virus infections, Dengue",3,-
WEST VIRGINIA,2024,32,"Dengue virus infections, Dengue",,-
EAST SOUTH CENTRAL,2024,32,"Dengue virus infections, Dengue",,-
ALABAMA,2024,32,"Dengue virus infections, Dengue",,-
KENTUCKY,2024,32,"Dengue virus infections, Dengue",,-
MISSISSIPPI,2024,32,"Dengue virus infections, Dengue",,-
TENNESSEE,2024,32,"Dengue virus infections, Dengue",,-
WEST SOUTH CENTRAL,2024,32,"Dengue virus infections, Dengue",,-
ARKANSAS,2024,32,"Dengue virus infections, Dengue",,-
LOUISIANA,2024,32,"Dengue virus infections, Dengue",,-
OKLAHOMA,2024,32,"Dengue virus infections, Dengue",,-
TEXAS,2024,32,"Dengue virus infections, Dengue",,-
MOUNTAIN,2024,32,"Dengue virus infections, Dengue",,-
ARIZONA,2024,32,"Dengue virus infections, Dengue",,-
COLORADO,2024,32,"Dengue virus infections, Dengue",,-
IDAHO,2024,32,"Dengue virus infections, Dengue",,-
MONTANA,2024,32,"Dengue virus infections, Dengue",,-
NEVADA,2024,32,"Dengue virus infections, Dengue",,-
NEW MEXICO,2024,32,"Dengue virus infections, Dengue",,-
UTAH,2024,32,"Dengue virus infections, Dengue",,-
WYOMING,2024,32,"Dengue virus infections, Dengue",,-
PACIFIC,2024,32,"Dengue virus infections, Dengue",1,-
ALASKA,2024,32,"Dengue virus infections, Dengue",,-
CALIFORNIA,2024,32,"Dengue virus infections, Dengue",,-
HAWAII,2024,32,"Dengue virus infections, Dengue",1,-
OREGON,2024,32,"Dengue virus infections, Dengue",,-
WASHINGTON,2024,32,"Dengue virus infections, Dengue",,-
US TERRITORIES,2024,32,"Dengue virus infections, Dengue",,-
AMERICAN SAMOA,2024,32,"Dengue virus infections, Dengue",,-
NORTHERN MARIANA ISLANDS,2024,32,"Dengue virus infections, Dengue",,-
GUAM,2024,32,"Dengue virus infections, Dengue",,-
PUERTO RICO,2024,32,"Dengue virus infections, Dengue",,-
U.S. VIRGIN ISLANDS,2024,32,"Dengue virus infections, Dengue",,-
NON-US RESIDENTS,2024,32,"Dengue virus infections, Dengue",,-
TOTAL,2024,32,"Dengue virus infections, Dengue",6,-
US RESIDENTS,2024,33,"Dengue virus infections, Dengue",4,-
NEW ENGLAND,2024,33,"Dengue virus infections, Dengue",,-
CONNECTICUT,2024,33,"Dengue virus infections, Dengue",,-
MAINE,2024,33,"Dengue virus infections, Dengue",,-
MASSACHUSETTS,2024,33,"Dengue virus infections, Dengue",,-
NEW HAMPSHIRE,2024,33,"Dengue virus infections, Dengue",,-
RHODE ISLAND,2024,33,"Dengue virus infections, Dengue",,-
VERMONT,2024,33,"Dengue virus infections, Dengue",,-
MIDDLE ATLANTIC,2024,33,"Dengue virus infections, Dengue",,-
NEW JERSEY,2024,33,"Dengue virus infections, Dengue",,-
NEW YORK,2024,33,"Dengue virus infections, Dengue",,-
NEW YORK CITY,2024,33,"Dengue virus infections, Dengue",,-
PENNSYLVANIA,2024,33,"Dengue virus infections, Dengue",,-
EAST NORTH CENTRAL,2024,33,"Dengue virus infections, Dengue",,-
ILLINOIS,2024,33,"Dengue virus infections, Dengue",,-
INDIANA,2024,33,"Dengue virus infections, Dengue",,-
MICHIGAN,2024,33,"Dengue virus infections, Dengue",,-
OHIO,2024,33,"Dengue virus infections, Dengue",,-
WISCONSIN,2024,33,"Dengue virus infections, Dengue",,-
WEST NORTH CENTRAL,2024,33,"Dengue virus infections, Dengue",,-
IOWA,2024,33,"Dengue virus infections, Dengue",,-
KANSAS,2024,33,"Dengue virus infections, Dengue",,-
MINNESOTA,2024,33,"Dengue virus infections, Dengue",,-
MISSOURI,2024,33,"Dengue virus infections, Dengue",,-
NEBRASKA,2024,33,"Dengue virus infections, Dengue",,-
NORTH DAKOTA,2024,33,"Dengue virus infections, Dengue",,-
SOUTH DAKOTA,2024,33,"Dengue virus infections, Dengue",,-
SOUTH ATLANTIC,2024,33,"Dengue virus infections, Dengue",2,-
DELAWARE,2024,33,"Dengue virus infections, Dengue",,-
DISTRICT OF COLUMBIA,2024,33,"Dengue virus infections, Dengue",,-
FLORIDA,2024,33,"Dengue virus infections, Dengue",1,-
GEORGIA,2024,33,"Dengue virus infections, Dengue",,-
MARYLAND,2024,33,"Dengue virus infections, Dengue",1,-
NORTH CAROLINA,2024,33,"Dengue virus infections, Dengue",,-
SOUTH CAROLINA,2024,33,"Dengue virus infections, Dengue",,-
VIRGINIA,2024,33,"Dengue virus infections, Dengue",,-
WEST VIRGINIA,2024,33,"Dengue virus infections, Dengue",,-
EAST SOUTH CENTRAL,2024,33,"Dengue virus infections, Dengue",,-
ALABAMA,2024,33,"Dengue virus infections, Dengue",,-
KENTUCKY,2024,33,"Dengue virus infections, Dengue",,-
MISSISSIPPI,2024,33,"Dengue virus infections, Dengue",,-
TENNESSEE,2024,33,"Dengue virus infections, Dengue",,-
WEST SOUTH CENTRAL,2024,33,"Dengue virus infections, Dengue",,-
ARKANSAS,2024,33,"Dengue virus infections, Dengue",,-
LOUISIANA,2024,33,"Dengue virus infections, Dengue",,-
OKLAHOMA,2024,33,"Dengue virus infections, Dengue",,-
TEXAS,2024,33,"Dengue virus infections, Dengue",,-
MOUNTAIN,2024,33,"Dengue virus infections, Dengue",2,-
ARIZONA,2024,33,"Dengue virus infections, Dengue",2,-
COLORADO,2024,33,"Dengue virus infections, Dengue",,-
IDAHO,2024,33,"Dengue virus infections, Dengue",,-
MONTANA,2024,33,"Dengue virus infections, Dengue",,-
NEVADA,2024,33,"Dengue virus infections, Dengue",,-
NEW MEXICO,2024,33,"Dengue virus infections, Dengue",,-
UTAH,2024,33,"Dengue virus infections, Dengue",,-
WYOMING,2024,33,"Dengue virus infections, Dengue",,-
PACIFIC,2024,33,"Dengue virus infections, Dengue",,-
ALASKA,2024,33,"Dengue virus infections, Dengue",,-
CALIFORNIA,2024,33,"Dengue virus infections, Dengue",,-
HAWAII,2024,33,"Dengue virus infections, Dengue",,-
OREGON,2024,33,"Dengue virus infections, Dengue",,-
WASHINGTON,2024,33,"Dengue virus infections, Dengue",,-
US TERRITORIES,2024,33,"Dengue virus infections, Dengue",,-
AMERICAN SAMOA,2024,33,"Dengue virus infections, Dengue",,-
NORTHERN MARIANA ISLANDS,2024,33,"Dengue virus infections, Dengue",,-
GUAM,2024,33,"Dengue virus infections, Dengue",,-
PUERTO RICO,2024,33,"Dengue virus infections, Dengue",,-
U.S. VIRGIN ISLANDS,2024,33,"Dengue virus infections, Dengue",,-
NON-US RESIDENTS,2024,33,"Dengue virus infections, Dengue",,-
TOTAL,2024,33,"Dengue virus infections, Dengue",4,-
US RESIDENTS,2024,34,"Dengue virus infections, Dengue",14,-
NEW ENGLAND,2024,34,"Dengue virus infections, Dengue",,-
CONNECTICUT,2024,34,"Dengue virus infections, Dengue",,-
MAINE,2024,34,"Dengue virus infections, Dengue",,-
MASSACHUSETTS,2024,34,"Dengue virus infections, Dengue",,-
NEW HAMPSHIRE,2024,34,"Dengue virus infections, Dengue",,-
RHODE ISLAND,2024,34,"Dengue virus infections, Dengue",,-
VERMONT,2024,34,"Dengue virus infections, Dengue",,-
MIDDLE ATLANTIC,2024,34,"Dengue virus infections, Dengue",,-
NEW JERSEY,2024,34,"Dengue virus infections, Dengue",,-
NEW YORK,2024,34,"Dengue virus infections, Dengue",,-
NEW YORK CITY,2024,34,"Dengue virus infections, Dengue",,-
PENNSYLVANIA,2024,34,"Dengue virus infections, Dengue",,-
EAST NORTH CENTRAL,2024,34,"Dengue virus infections, Dengue",1,-
ILLINOIS,2024,34,"Dengue virus infections, Dengue",,-
INDIANA,2024,34,"Dengue virus infections, Dengue",,-
MICHIGAN,2024,34,"Dengue virus infections, Dengue",,-
OHIO,2024,34,"Dengue virus infections, Dengue",,-
WISCONSIN,2024,34,"Dengue virus infections, Dengue",1,-
WEST NORTH CENTRAL,2024,34,"Dengue virus infections, Dengue",2,-
IOWA,2024,34,"Dengue virus infections, Dengue",,-
KANSAS,2024,34,"Dengue virus infections, Dengue",,-
MINNESOTA,2024,34,"Dengue virus infections, Dengue",,-
MISSOURI,2024,34,"Dengue virus infections, Dengue",,-
NEBRASKA,2024,34,"Dengue virus infections, Dengue",2,-
NORTH DAKOTA,2024,34,"Dengue virus infections, Dengue",,-
SOUTH DAKOTA,2024,34,"Dengue virus infections, Dengue",,-
SOUTH ATLANTIC,2024,34,"Dengue virus infections, Dengue",8,-
DELAWARE,2024,34,"Dengue virus infections, Dengue",,-
DISTRICT OF COLUMBIA,2024,34,"Dengue virus infections, Dengue",,-
FLORIDA,2024,34,"Dengue virus infections, Dengue",1,-
GEORGIA,2024,34,"Dengue virus infections, Dengue",,-
MARYLAND,2024,34,"Dengue virus infections, Dengue",2,-
NORTH CAROLINA,2024,34,"Dengue virus infections, Dengue",,-
SOUTH CAROLINA,2024,34,"Dengue virus infections, Dengue",,-
VIRGINIA,2024,34,"Dengue virus infections, Dengue",5,-
WEST VIRGINIA,2024,34,"Dengue virus infections, Dengue",,-
EAST SOUTH CENTRAL,2024,34,"Dengue virus infections, Dengue",,-
ALABAMA,2024,34,"Dengue virus infections, Dengue",,-
KENTUCKY,2024,34,"Dengue virus infections, Dengue",,-
MISSISSIPPI,2024,34,"Dengue virus infections, Dengue",,-
TENNESSEE,2024,34,"Dengue virus infections, Dengue",,-
WEST SOUTH CENTRAL,2024,34,"Dengue virus infections, Dengue",1,-
ARKANSAS,2024,34,"Dengue virus infections, Dengue",1,-
LOUISIANA,2024,34,"Dengue virus infections, Dengue",,-
OKLAHOMA,2024,34,"Dengue virus infections, Dengue",,-
TEXAS,2024,34,"Dengue virus infections, Dengue",,-
MOUNTAIN,2024,34,"Dengue virus infections, Dengue",2,-
ARIZONA,2024,34,"Dengue virus infections, Dengue",2,-
COLORADO,2024,34,"Dengue virus infections, Dengue",,-
IDAHO,2024,34,"Dengue virus infections, Dengue",,-
MONTANA,2024,34,"Dengue virus infections, Dengue",,-
NEVADA,2024,34,"Dengue virus infections, Dengue",,-
NEW MEXICO,2024,34,"Dengue virus infections, Dengue",,-
UTAH,2024,34,"Dengue virus infections, Dengue",,-
WYOMING,2024,34,"Dengue virus infections, Dengue",,-
PACIFIC,2024,34,"Dengue virus infections, Dengue",,-
ALASKA,2024,34,"Dengue virus infections, Dengue",,-
CALIFORNIA,2024,34,"Dengue virus infections, Dengue",,-
HAWAII,2024,34,"Dengue virus infections, Dengue",,-
OREGON,2024,34,"Dengue virus infections, Dengue",,-
WASHINGTON,2024,34,"Dengue virus infections, Dengue",,-
US TERRITORIES,2024,34,"Dengue virus infections, Dengue",,-
AMERICAN SAMOA,2024,34,"Dengue virus infections, Dengue",,-
NORTHERN MARIANA ISLANDS,2024,34,"Dengue virus infections, Dengue",,-
GUAM,2024,34,"Dengue virus infections, Dengue",,-
PUERTO RICO,2024,34,"Dengue virus infections, Dengue",,-
U.S. VIRGIN ISLANDS,2024,34,"Dengue virus infections, Dengue",,-
NON-US RESIDENTS,2024,34,"Dengue virus infections, Dengue",,-
TOTAL,2024,34,"Dengue virus infections, Dengue",14,-
US RESIDENTS,2024,35,"Dengue virus infections, Dengue",7,-
NEW ENGLAND,2024,35,"Dengue virus infections, Dengue",,-
CONNECTICUT,2024,35,"Dengue virus infections, Dengue",,-
MAINE,2024,35,"Dengue virus infections, Dengue",,-
MASSACHUSETTS,2024,35,"Dengue virus infections, Dengue",,-
NEW HAMPSHIRE,2024,35,"Dengue virus infections, Dengue",,-
RHODE ISLAND,2024,35,"Dengue virus infections, Dengue",,-
VERMONT,2024,35,"Dengue virus infections, Dengue",,-
MIDDLE ATLANTIC,2024,35,"Dengue virus infections, Dengue",4,-
NEW JERSEY,2024,35,"Dengue virus infections, Dengue",,-
NEW YORK,2024,35,"Dengue virus infections, Dengue",4,-
NEW YORK CITY,2024,35,"Dengue virus infections, Dengue",,-
PENNSYLVANIA,2024,35,"Dengue virus infections, Dengue",,-
EAST NORTH CENTRAL,2024,35,"Dengue virus infections, Dengue",,-
ILLINOIS,2024,35,"Dengue virus infections, Dengue",,-
INDIANA,2024,35,"Dengue virus infections, Dengue",,-
MICHIGAN,2024,35,"Dengue virus infections, Dengue",,-
OHIO,2024,35,"Dengue virus infections, Dengue",,-
WISCONSIN,2024,35,"Dengue virus infections, Dengue",,-
WEST NORTH CENTRAL,2024,35,"Dengue virus infections, Dengue",,-
IOWA,2024,35,"Dengue virus infections, Dengue",,-
KANSAS,2024,35,"Dengue virus infections, Dengue",,-
MINNESOTA,2024,35,"Dengue virus infections, Dengue",,-
MISSOURI,2024,35,"Dengue virus infections, Dengue",,-
NEBRASKA,2024,35,"Dengue virus infections, Dengue",,-
NORTH DAKOTA,2024,35,"Dengue virus infections, Dengue",,-
SOUTH DAKOTA,2024,35,"Dengue virus infections, Dengue",,-
SOUTH ATLANTIC,2024,35,"Dengue virus infections, Dengue",3,-
DELAWARE,2024,35,"Dengue virus infections, Dengue",,-
DISTRICT OF COLUMBIA,2024,35,"Dengue virus infections, Dengue",,-
FLORIDA,2024,35,"Dengue virus infections, Dengue",,-
GEORGIA,2024,35,"Dengue virus infections, Dengue",,-
MARYLAND,2024,35,"Dengue virus infections, Dengue",2,-
NORTH CAROLINA,2024,35,"Dengue virus infections, Dengue",,-
SOUTH CAROLINA,2024,35,"Dengue virus infections, Dengue",,-
VIRGINIA,2024,35,"Dengue virus infections, Dengue",1,-
WEST VIRGINIA,2024,35,"Dengue virus infections, Dengue",,-
EAST SOUTH CENTRAL,2024,35,"Dengue virus infections, Dengue",,-
ALABAMA,2024,35,"Dengue virus infections, Dengue",,-
KENTUCKY,2024,35,"Dengue virus infections, Dengue",,-
MISSISSIPPI,2024,35,"Dengue virus infections, Dengue",,-
TENNESSEE,2024,35,"Dengue virus infections, Dengue",,-
WEST SOUTH CENTRAL,2024,35,"Dengue virus infections, Dengue",,-
ARKANSAS,2024,35,"Dengue virus infections, Dengue",,-
LOUISIANA,2024,35,"Dengue virus infections, Dengue",,-
OKLAHOMA,2024,35,"Dengue virus infections, Dengue",,-
TEXAS,2024,35,"Dengue virus infections, Dengue",,-
MOUNTAIN,2024,35,"Dengue virus infections, Dengue",,-
ARIZONA,2024,35,"Dengue virus infections, Dengue",,-
COLORADO,2024,35,"Dengue virus infections, Dengue",,-
IDAHO,2024,35,"Dengue virus infections, Dengue",,-
MONTANA,2024,35,"Dengue virus infections, Dengue",,-
NEVADA,2024,35,"Dengue virus infections, Dengue",,-
NEW MEXICO,2024,35,"Dengue virus infections, Dengue",,-
UTAH,2024,35,"Dengue virus infections, Dengue",,-
WYOMING,2024,35,"Dengue virus infections, Dengue",,-
PACIFIC,2024,35,"Dengue virus infections, Dengue",,-
ALASKA,2024,35,"Dengue virus infections, Dengue",,-
CALIFORNIA,2024,35,"Dengue virus infections, Dengue",,-
HAWAII,2024,35,"Dengue virus infections, Dengue",,-
OREGON,2024,35,"Dengue virus infections, Dengue",,-
WASHINGTON,2024,35,"Dengue virus infections, Dengue",,-
US TERRITORIES,2024,35,"Dengue virus infections, Dengue",,-
AMERICAN SAMOA,2024,35,"Dengue virus infections, Dengue",,-
NORTHERN MARIANA ISLANDS,2024,35,"Dengue virus infections, Dengue",,-
GUAM,2024,35,"Dengue virus infections, Dengue",,-
PUERTO RICO,2024,35,"Dengue virus infections, Dengue",,-
U.S. VIRGIN ISLANDS,2024,35,"Dengue virus infections, Dengue",,-
NON-US RESIDENTS,2024,35,"Dengue virus infections, Dengue",,-
TOTAL,2024,35,"Dengue virus infections, Dengue",7,-
US RESIDENTS,2024,36,"Dengue virus infections, Dengue",6,-
NEW ENGLAND,2024,36,"Dengue virus infections, Dengue",,-
CONNECTICUT,2024,36,"Dengue virus infections, Dengue",,-
MAINE,2024,36,"Dengue virus infections, Dengue",,-
MASSACHUSETTS,2024,36,"Dengue virus infections, Dengue",,-
NEW HAMPSHIRE,2024,36,"Dengue virus infections, Dengue",,-
RHODE ISLAND,2024,36,"Dengue virus infections, Dengue",,-
VERMONT,2024,36,"Dengue virus infections, Dengue",,-
MIDDLE ATLANTIC,2024,36,"Dengue virus infections, Dengue",2,-
NEW JERSEY,2024,36,"Dengue virus infections, Dengue",,-
NEW YORK,2024,36,"Dengue virus infections, Dengue",2,-
NEW YORK CITY,2024,36,"Dengue virus infections, Dengue",,-
PENNSYLVANIA,2024,36,"Dengue virus infections, Dengue",,-
EAST NORTH CENTRAL,2024,36,"Dengue virus infections, Dengue",,-
ILLINOIS,2024,36,"Dengue virus infections, Dengue",,-
INDIANA,2024,36,"Dengue virus infections, Dengue",,-
MICHIGAN,2024,36,"Dengue virus infections, Dengue",,-
OHIO,2024,36,"Dengue virus infections, Dengue",,-
WISCONSIN,2024,36,"Dengue virus infections, Dengue",,-
WEST NORTH CENTRAL,2024,36,"Dengue virus infections, Dengue",,-
IOWA,2024,36,"Dengue virus infections, Dengue",,-
KANSAS,2024,36,"Dengue virus infections, Dengue",,-
MINNESOTA,2024,36,"Dengue virus infections, Dengue",,-
MISSOURI,2024,36,"Dengue virus infections, Dengue",,-
NEBRASKA,2024,36,"Dengue virus infections, Dengue",,-
NORTH DAKOTA,2024,36,"Dengue virus infections, Dengue",,-
SOUTH DAKOTA,2024,36,"Dengue virus infections, Dengue",,-
SOUTH ATLANTIC,2024,36,"Dengue virus infections, Dengue",4,-
DELAWARE,2024,36,"Dengue virus infections, Dengue",,-
DISTRICT OF COLUMBIA,2024,36,"Dengue virus infections, Dengue",,-
FLORIDA,2024,36,"Dengue virus infections, Dengue",,-
GEORGIA,2024,36,"Dengue virus infections, Dengue",,-
MARYLAND,2024,36,"Dengue virus infections, Dengue",3,-
NORTH CAROLINA,2024,36,"Dengue virus infections, Dengue",,-
SOUTH CAROLINA,2024,36,"Dengue virus infections, Dengue",,-
VIRGINIA,2024,36,"Dengue virus infections, Dengue",1,-
WEST VIRGINIA,2024,36,"Dengue virus infections, Dengue",,-
EAST SOUTH CENTRAL,2024,36,"Dengue virus infections, Dengue",,-
ALABAMA,2024,36,"Dengue virus infections, Dengue",,-
KENTUCKY,2024,36,"Dengue virus infections, Dengue",,-
MISSISSIPPI,2024,36,"Dengue virus infections, Dengue",,-
TENNESSEE,2024,36,"Dengue virus infections, Dengue",,-
WEST SOUTH CENTRAL,2024,36,"Dengue virus infections, Dengue",,-
ARKANSAS,2024,36,"Dengue virus infections, Dengue",,-
LOUISIANA,2024,36,"Dengue virus infections, Dengue",,-
OKLAHOMA,2024,36,"Dengue virus infections, Dengue",,-
TEXAS,2024,36,"Dengue virus infections, Dengue",,-
MOUNTAIN,2024,36,"Dengue virus infections, Dengue",,-
ARIZONA,2024,36,"Dengue virus infections, Dengue",,-
COLORADO,2024,36,"Dengue virus infections, Dengue",,-
IDAHO,2024,36,"Dengue virus infections, Dengue",,-
MONTANA,2024,36,"Dengue virus infections, Dengue",,-
NEVADA,2024,36,"Dengue virus infections, Dengue",,-
NEW MEXICO,2024,36,"Dengue virus infections, Dengue",,-
UTAH,2024,36,"Dengue virus infections, Dengue",,-
WYOMING,2024,36,"Dengue virus infections, Dengue",,-
PACIFIC,2024,36,"Dengue virus infections, Dengue",,-
ALASKA,2024,36,"Dengue virus infections, Dengue",,-
CALIFORNIA,2024,36,"Dengue virus infections, Dengue",,-
HAWAII,2024,36,"Dengue virus infections, Dengue",,-
OREGON,2024,36,"Dengue virus infections, Dengue",,-
WASHINGTON,2024,36,"Dengue virus infections, Dengue",,-
US TERRITORIES,2024,36,"Dengue virus infections, Dengue",,-
AMERICAN SAMOA,2024,36,"Dengue virus infections, Dengue",,-
NORTHERN MARIANA ISLANDS,2024,36,"Dengue virus infections, Dengue",,-
GUAM,2024,36,"Dengue virus infections, Dengue",,-
PUERTO RICO,2024,36,"Dengue virus infections, Dengue",,-
U.S. VIRGIN ISLANDS,2024,36,"Dengue virus infections, Dengue",,-
NON-US RESIDENTS,2024,36,"Dengue virus infections, Dengue",,-
TOTAL,2024,36,"Dengue virus infections, Dengue",6,-
US RESIDENTS,2024,37,"Dengue virus infections, Dengue",13,-
NEW ENGLAND,2024,37,"Dengue virus infections, Dengue",1,-
CONNECTICUT,2024,37,"Dengue virus infections, Dengue",,-
MAINE,2024,37,"Dengue virus infections, Dengue",1,-
MASSACHUSETTS,2024,37,"Dengue virus infections, Dengue",,-
NEW HAMPSHIRE,2024,37,"Dengue virus infections, Dengue",,-
RHODE ISLAND,2024,37,"Dengue virus infections, Dengue",,-
VERMONT,2024,37,"Dengue virus infections, Dengue",,-
MIDDLE ATLANTIC,2024,37,"Dengue virus infections, Dengue",6,-
NEW JERSEY,2024,37,"Dengue virus infections, Dengue",,-
NEW YORK,2024,37,"Dengue virus infections, Dengue",6,-
NEW YORK CITY,2024,37,"Dengue virus infections, Dengue",,-
PENNSYLVANIA,2024,37,"Dengue virus infections, Dengue",,-
EAST NORTH CENTRAL,2024,37,"Dengue virus infections, Dengue",,-
ILLINOIS,2024,37,"Dengue virus infections, Dengue",,-
INDIANA,2024,37,"Dengue virus infections, Dengue",,-
MICHIGAN,2024,37,"Dengue virus infections, Dengue",,-
OHIO,2024,37,"Dengue virus infections, Dengue",,-
WISCONSIN,2024,37,"Dengue virus infections, Dengue",,-
WEST NORTH CENTRAL,2024,37,"Dengue virus infections, Dengue",,-
IOWA,2024,37,"Dengue virus infections, Dengue",,-
KANSAS,2024,37,"Dengue virus infections, Dengue",,-
MINNESOTA,2024,37,"Dengue virus infections, Dengue",,-
MISSOURI,2024,37,"Dengue virus infections, Dengue",,-
NEBRASKA,2024,37,"Dengue virus infections, Dengue",,-
NORTH DAKOTA,2024,37,"Dengue virus infections, Dengue",,-
SOUTH DAKOTA,2024,37,"Dengue virus infections, Dengue",,-
SOUTH ATLANTIC,2024,37,"Dengue virus infections, Dengue",4,-
DELAWARE,2024,37,"Dengue virus infections, Dengue",,-
DISTRICT OF COLUMBIA,2024,37,"Dengue virus infections, Dengue",,-
FLORIDA,2024,37,"Dengue virus infections, Dengue",,-
GEORGIA,2024,37,"Dengue virus infections, Dengue",,-
MARYLAND,2024,37,"Dengue virus infections, Dengue",1,-
NORTH CAROLINA,2024,37,"Dengue virus infections, Dengue",1,-
SOUTH CAROLINA,2024,37,"Dengue virus infections, Dengue",,-
VIRGINIA,2024,37,"Dengue virus infections, Dengue",2,-
WEST VIRGINIA,2024,37,"Dengue virus infections, Dengue",,-
EAST SOUTH CENTRAL,2024,37,"Dengue virus infections, Dengue",,-
ALABAMA,2024,37,"Dengue virus infections, Dengue",,-
KENTUCKY,2024,37,"Dengue virus infections, Dengue",,-
MISSISSIPPI,2024,37,"Dengue virus infections, Dengue",,-
TENNESSEE,2024,37,"Dengue virus infections, Dengue",,-
WEST SOUTH CENTRAL,2024,37,"Dengue virus infections, Dengue",1,-
ARKANSAS,2024,37,"Dengue virus infections, Dengue",1,-
LOUISIANA,2024,37,"Dengue virus infections, Dengue",,-
OKLAHOMA,2024,37,"Dengue virus infections, Dengue",,-
TEXAS,2024,37,"Dengue virus infections, Dengue",,-
MOUNTAIN,2024,37,"Dengue virus infections, Dengue",,-
ARIZONA,2024,37,"Dengue virus infections, Dengue",,-
COLORADO,2024,37,"Dengue virus infections, Dengue",,-
IDAHO,2024,37,"Dengue virus infections, Dengue",,-
MONTANA,2024,37,"Dengue virus infections, Dengue",,-
NEVADA,2024,37,"Dengue virus infections, Dengue",,-
NEW MEXICO,2024,37,"Dengue virus infections, Dengue",,-
UTAH,2024,37,"Dengue virus infections, Dengue",,-
WYOMING,2024,37,"Dengue virus infections, Dengue",,-
PACIFIC,2024,37,"Dengue virus infections, Dengue",1,-
ALASKA,2024,37,"Dengue virus infections, Dengue",,-
CALIFORNIA,2024,37,"Dengue virus infections, Dengue",,-
HAWAII,2024,37,"Dengue virus infections, Dengue",,-
OREGON,2024,37,"Dengue virus infections, Dengue",1,-
WASHINGTON,2024,37,"Dengue virus infections, Dengue",,-
US TERRITORIES,2024,37,"Dengue virus infections, Dengue",,-
AMERICAN SAMOA,2024,37,"Dengue virus infections, Dengue",,-
NORTHERN MARIANA ISLANDS,2024,37,"Dengue virus infections, Dengue",,-
GUAM,2024,37,"Dengue virus infections, Dengue",,-
PUERTO RICO,2024,37,"Dengue virus infections, Dengue",,-
U.S. VIRGIN ISLANDS,2024,37,"Dengue virus infections, Dengue",,-
NON-US RESIDENTS,2024,37,"Dengue virus infections, Dengue",,-
TOTAL,2024,37,"Dengue virus infections, Dengue",13,-
US RESIDENTS,2024,38,"Dengue virus infections, Dengue",15,-
NEW ENGLAND,2024,38,"Dengue virus infections, Dengue",,-
CONNECTICUT,2024,38,"Dengue virus infections, Dengue",,-
MAINE,2024,38,"Dengue virus infections, Dengue",,-
MASSACHUSETTS,2024,38,"Dengue virus infections, Dengue",,-
NEW HAMPSHIRE,2024,38,"Dengue virus infections, Dengue",,-
RHODE ISLAND,2024,38,"Dengue virus infections, Dengue",,-
VERMONT,2024,38,"Dengue virus infections, Dengue",,-
MIDDLE ATLANTIC,2024,38,"Dengue virus infections, Dengue",4,-
NEW JERSEY,2024,38,"Dengue virus infections, Dengue",,-
NEW YORK,2024,38,"Dengue virus infections, Dengue",4,-
NEW YORK CITY,2024,38,"Dengue virus infections, Dengue",,-
PENNSYLVANIA,2024,38,"Dengue virus infections, Dengue",,-
EAST NORTH CENTRAL,2024,38,"Dengue virus infections, Dengue",,-
ILLINOIS,2024,38,"Dengue virus infections, Dengue",,-
INDIANA,2024,38,"Dengue virus infections, Dengue",,-
MICHIGAN,2024,38,"Dengue virus infections, Dengue",,-
OHIO,2024,38,"Dengue virus infections, Dengue",,-
WISCONSIN,2024,38,"Dengue virus infections, Dengue",,-
WEST NORTH CENTRAL,2024,38,"Dengue virus infections, Dengue",1,-
IOWA,2024,38,"Dengue virus infections, Dengue",,-
KANSAS,2024,38,"Dengue virus infections, Dengue",,-
MINNESOTA,2024,38,"Dengue virus infections, Dengue",,-
MISSOURI,2024,38,"Dengue virus infections, Dengue",,-
NEBRASKA,2024,38,"Dengue virus infections, Dengue",1,-
NORTH DAKOTA,2024,38,"Dengue virus infections, Dengue",,-
SOUTH DAKOTA,2024,38,"Dengue virus infections, Dengue",,-
SOUTH ATLANTIC,2024,38,"Dengue virus infections, Dengue",10,-
DELAWARE,2024,38,"Dengue virus infections, Dengue",,-
DISTRICT OF COLUMBIA,2024,38,"Dengue virus infections, Dengue",,-
FLORIDA,2024,38,"Dengue virus infections, Dengue",6,-
GEORGIA,2024,38,"Dengue virus infections, Dengue",,-
MARYLAND,2024,38,"Dengue virus infections, Dengue",2,-
NORTH CAROLINA,2024,38,"Dengue virus infections, Dengue",,-
SOUTH CAROLINA,2024,38,"Dengue virus infections, Dengue",,-
VIRGINIA,2024,38,"Dengue virus infections, Dengue",2,-
WEST VIRGINIA,2024,38,"Dengue virus infections, Dengue",,-
EAST SOUTH CENTRAL,2024,38,"Dengue virus infections, Dengue",,-
ALABAMA,2024,38,"Dengue virus infections, Dengue",,-
KENTUCKY,2024,38,"Dengue virus infections, Dengue",,-
MISSISSIPPI,2024,38,"Dengue virus infections, Dengue",,-
TENNESSEE,2024,38,"Dengue virus infections, Dengue",,-
WEST SOUTH CENTRAL,2024,38,"Dengue virus infections, Dengue",,-
ARKANSAS,2024,38,"Dengue virus infections, Dengue",,-
LOUISIANA,2024,38,"Dengue virus infections, Dengue",,-
OKLAHOMA,2024,38,"Dengue virus infections, Dengue",,-
TEXAS,2024,38,"Dengue virus infections, Dengue",,-
MOUNTAIN,2024,38,"Dengue virus infections, Dengue",,-
ARIZONA,2024,38,"Dengue virus infections, Dengue",,-
COLORADO,2024,38,"Dengue virus infections, Dengue",,-
IDAHO,2024,38,"Dengue virus infections, Dengue",,-
MONTANA,2024,38,"Dengue virus infections, Dengue",,-
NEVADA,2024,38,"Dengue virus infections, Dengue",,-
NEW MEXICO,2024,38,"Dengue virus infections, Dengue",,-
UTAH,2024,38,"Dengue virus infections, Dengue",,-
WYOMING,2024,38,"Dengue virus infections, Dengue",,-
PACIFIC,2024,38,"Dengue virus infections, Dengue",,-
ALASKA,2024,38,"Dengue virus infections, Dengue",,-
CALIFORNIA,2024,38,"Dengue virus infections, Dengue",,-
HAWAII,2024,38,"Dengue virus infections, Dengue",,-
OREGON,2024,38,"Dengue virus infections, Dengue",,-
WASHINGTON,2024,38,"Dengue virus infections, Dengue",,-
US TERRITORIES,2024,38,"Dengue virus infections, Dengue",1,-
AMERICAN SAMOA,2024,38,"Dengue virus infections, Dengue",,-
NORTHERN MARIANA ISLANDS,2024,38,"Dengue virus infections, Dengue",,-
GUAM,2024,38,"Dengue virus infections, Dengue",,-
PUERTO RICO,2024,38,"Dengue virus infections, Dengue",,-
U.S. VIRGIN ISLANDS,2024,38,"Dengue virus infections, Dengue",1,-
NON-US RESIDENTS,2024,38,"Dengue virus infections, Dengue",,-
TOTAL,2024,38,"Dengue virus infections, Dengue",16,-
US RESIDENTS,2024,39,"Dengue virus infections, Dengue",8,-
NEW ENGLAND,2024,39,"Dengue virus infections, Dengue",1,-
CONNECTICUT,2024,39,"Dengue virus infections, Dengue",,-
MAINE,2024,39,"Dengue virus infections, Dengue",1,-
MASSACHUSETTS,2024,39,"Dengue virus infections, Dengue",,-
NEW HAMPSHIRE,2024,39,"Dengue virus infections, Dengue",,-
RHODE ISLAND,2024,39,"Dengue virus infections, Dengue",,-
VERMONT,2024,39,"Dengue virus infections, Dengue",,-
MIDDLE ATLANTIC,2024,39,"Dengue virus infections, Dengue",2,-
NEW JERSEY,2024,39,"Dengue virus infections, Dengue",,-
NEW YORK,2024,39,"Dengue virus infections, Dengue",2,-
NEW YORK CITY,2024,39,"Dengue virus infections, Dengue",,-
PENNSYLVANIA,2024,39,"Dengue virus infections, Dengue",,-
EAST NORTH CENTRAL,2024,39,"Dengue virus infections, Dengue",,-
ILLINOIS,2024,39,"Dengue virus infections, Dengue",,-
INDIANA,2024,39,"Dengue virus infections, Dengue",,-
MICHIGAN,2024,39,"Dengue virus infections, Dengue",,-
OHIO,2024,39,"Dengue virus infections, Dengue",,-
WISCONSIN,2024,39,"Dengue virus infections, Dengue",,-
WEST NORTH CENTRAL,2024,39,"Dengue virus infections, Dengue",,-
IOWA,2024,39,"Dengue virus infections, Dengue",,-
KANSAS,2024,39,"Dengue virus infections, Dengue",,-
MINNESOTA,2024,39,"Dengue virus infections, Dengue",,-
MISSOURI,2024,39,"Dengue virus infections, Dengue",,-
NEBRASKA,2024,39,"Dengue virus infections, Dengue",,-
NORTH DAKOTA,2024,39,"Dengue virus infections, Dengue",,-
SOUTH DAKOTA,2024,39,"Dengue virus infections, Dengue",,-
SOUTH ATLANTIC,2024,39,"Dengue virus infections, Dengue",5,-
DELAWARE,2024,39,"Dengue virus infections, Dengue",,-
DISTRICT OF COLUMBIA,2024,39,"Dengue virus infections, Dengue",,-
FLORIDA,2024,39,"Dengue virus infections, Dengue",4,-
GEORGIA,2024,39,"Dengue virus infections, Dengue",,-
MARYLAND,2024,39,"Dengue virus infections, Dengue",1,-
NORTH CAROLINA,2024,39,"Dengue virus infections, Dengue",,-
SOUTH CAROLINA,2024,39,"Dengue virus infections, Dengue",,-
VIRGINIA,2024,39,"Dengue virus infections, Dengue",,-
WEST VIRGINIA,2024,39,"Dengue virus infections, Dengue",,-
EAST SOUTH CENTRAL,2024,39,"Dengue virus infections, Dengue",,-
ALABAMA,2024,39,"Dengue virus infections, Dengue",,-
KENTUCKY,2024,39,"Dengue virus infections, Dengue",,-
MISSISSIPPI,2024,39,"Dengue virus infections, Dengue",,-
TENNESSEE,2024,39,"Dengue virus infections, Dengue",,-
WEST SOUTH CENTRAL,2024,39,"Dengue virus infections, Dengue",,-
ARKANSAS,2024,39,"Dengue virus infections, Dengue",,-
LOUISIANA,2024,39,"Dengue virus infections, Dengue",,-
OKLAHOMA,2024,39,"Dengue virus infections, Dengue",,-
TEXAS,2024,39,"Dengue virus infections, Dengue",,-
MOUNTAIN,2024,39,"Dengue virus infections, Dengue",,-
ARIZONA,2024,39,"Dengue virus infections, Dengue",,-
COLORADO,2024,39,"Dengue virus infections, Dengue",,-
IDAHO,2024,39,"Dengue virus infections, Dengue",,-
MONTANA,2024,39,"Dengue virus infections, Dengue",,-
NEVADA,2024,39,"Dengue virus infections, Dengue",,-
NEW MEXICO,2024,39,"Dengue virus infections, Dengue",,-
UTAH,2024,39,"Dengue virus infections, Dengue",,-
WYOMING,2024,39,"Dengue virus infections, Dengue",,-
PACIFIC,2024,39,"Dengue virus infections, Dengue",,-
ALASKA,2024,39,"Dengue virus infections, Dengue",,-
CALIFORNIA,2024,39,"Dengue virus infections, Dengue",,-
HAWAII,2024,39,"Dengue virus infections, Dengue",,-
OREGON,2024,39,"Dengue virus infections, Dengue",,-
WASHINGTON,2024,39,"Dengue virus infections, Dengue",,-
US TERRITORIES,2024,39,"Dengue virus infections, Dengue",,-
AMERICAN SAMOA,2024,39,"Dengue virus infections, Dengue",,-
NORTHERN MARIANA ISLANDS,2024,39,"Dengue virus infections, Dengue",,-
GUAM,2024,39,"Dengue virus infections, Dengue",,-
PUERTO RICO,2024,39,"Dengue virus infections, Dengue",,-
U.S. VIRGIN ISLANDS,2024,39,"Dengue virus infections, Dengue",,-
NON-US RESIDENTS,2024,39,"Dengue virus infections, Dengue",,-
TOTAL,2024,39,"Dengue virus infections, Dengue",8,-
US RESIDENTS,2024,40,"Dengue virus infections, Dengue",12,-
NEW ENGLAND,2024,40,"Dengue virus infections, Dengue",,-
CONNECTICUT,2024,40,"Dengue virus infections, Dengue",,-
MAINE,2024,40,"Dengue virus infections, Dengue",,-
MASSACHUSETTS,2024,40,"Dengue virus infections, Dengue",,-
NEW HAMPSHIRE,2024,40,"Dengue virus infections, Dengue",,-
RHODE ISLAND,2024,40,"Dengue virus infections, Dengue",,-
VERMONT,2024,40,"Dengue virus infections, Dengue",,-
MIDDLE ATLANTIC,2024,40,"Dengue virus infections, Dengue",4,-
NEW JERSEY,2024,40,"Dengue virus infections, Dengue",,-
NEW YORK,2024,40,"Dengue virus infections, Dengue",4,-
NEW YORK CITY,2024,40,"Dengue virus infections, Dengue",,-
PENNSYLVANIA,2024,40,"Dengue virus infections, Dengue",,-
EAST NORTH CENTRAL,2024,40,"Dengue virus infections, Dengue",,-
ILLINOIS,2024,40,"Dengue virus infections, Dengue",,-
INDIANA,2024,40,"Dengue virus infections, Dengue",,-
MICHIGAN,2024,40,"Dengue virus infections, Dengue",,-
OHIO,2024,40,"Dengue virus infections, Dengue",,-
WISCONSIN,2024,40,"Dengue virus infections, Dengue",,-
WEST NORTH CENTRAL,2024,40,"Dengue virus infections, Dengue",1,-
IOWA,2024,40,"Dengue virus infections, Dengue",,-
KANSAS,2024,40,"Dengue virus infections, Dengue",,-
MINNESOTA,2024,40,"Dengue virus infections, Dengue",,-
MISSOURI,2024,40,"Dengue virus infections, Dengue",,-
NEBRASKA,2024,40,"Dengue virus infections, Dengue",1,-
NORTH DAKOTA,2024,40,"Dengue virus infections, Dengue",,-
SOUTH DAKOTA,2024,40,"Dengue virus infections, Dengue",,-
SOUTH ATLANTIC,2024,40,"Dengue virus infections, Dengue",7,-
DELAWARE,2024,40,"Dengue virus infections, Dengue",,-
DISTRICT OF COLUMBIA,2024,40,"Dengue virus infections, Dengue",,-
FLORIDA,2024,40,"Dengue virus infections, Dengue",6,-
GEORGIA,2024,40,"Dengue virus infections, Dengue",,-
MARYLAND,2024,40,"Dengue virus infections, Dengue",1,-
NORTH CAROLINA,2024,40,"Dengue virus infections, Dengue",,-
SOUTH CAROLINA,2024,40,"Dengue virus infections, Dengue",,-
VIRGINIA,2024,40,"Dengue virus infections, Dengue",,-
WEST VIRGINIA,2024,40,"Dengue virus infections, Dengue",,-
EAST SOUTH CENTRAL,2024,40,"Dengue virus infections, Dengue",,-
ALABAMA,2024,40,"Dengue virus infections, Dengue",,-
KENTUCKY,2024,40,"Dengue virus infections, Dengue",,-
MISSISSIPPI,2024,40,"Dengue virus infections, Dengue",,-
TENNESSEE,2024,40,"Dengue virus infections, Dengue",,-
WEST SOUTH CENTRAL,2024,40,"Dengue virus infections, Dengue",,-
ARKANSAS,2024,40,"Dengue virus infections, Dengue",,-
LOUISIANA,2024,40,"Dengue virus infections, Dengue",,-
OKLAHOMA,2024,40,"Dengue virus infections, Dengue",,-
TEXAS,2024,40,"Dengue virus infections, Dengue",,-
MOUNTAIN,2024,40,"Dengue virus infections, Dengue",,-
ARIZONA,2024,40,"Dengue virus infections, Dengue",,-
COLORADO,2024,40,"Dengue virus infections, Dengue",,-
IDAHO,2024,40,"Dengue virus infections, Dengue",,-
MONTANA,2024,40,"Dengue virus infections, Dengue",,-
NEVADA,2024,40,"Dengue virus infections, Dengue",,-
NEW MEXICO,2024,40,"Dengue virus infections, Dengue",,-
UTAH,2024,40,"Dengue virus infections, Dengue",,-
WYOMING,2024,40,"Dengue virus infections, Dengue",,-
PACIFIC,2024,40,"Dengue virus infections, Dengue",,-
ALASKA,2024,40,"Dengue virus infections, Dengue",,-
CALIFORNIA,2024,40,"Dengue virus infections, Dengue",,-
HAWAII,2024,40,"Dengue virus infections, Dengue",,-
OREGON,2024,40,"Dengue virus infections, Dengue",,-
WASHINGTON,2024,40,"Dengue virus infections, Dengue",,-
US TERRITORIES,2024,40,"Dengue virus infections, Dengue",1,-
AMERICAN SAMOA,2024,40,"Dengue virus infections, Dengue",,-
NORTHERN MARIANA ISLANDS,2024,40,"Dengue virus infections, Dengue",,-
GUAM,2024,40,"Dengue virus infections, Dengue",,-
PUERTO RICO,2024,40,"Dengue virus infections, Dengue",,-
U.S. VIRGIN ISLANDS,2024,40,"Dengue virus infections, Dengue",1,-
NON-US RESIDENTS,2024,40,"Dengue virus infections, Dengue",,-
TOTAL,2024,40,"Dengue virus infections, Dengue",13,-
US RESIDENTS,2024,41,"Dengue virus infections, Dengue",4,-
NEW ENGLAND,2024,41,"Dengue virus infections, Dengue",,-
CONNECTICUT,2024,41,"Dengue virus infections, Dengue",,-
MAINE,2024,41,"Dengue virus infections, Dengue",,-
MASSACHUSETTS,2024,41,"Dengue virus infections, Dengue",,-
NEW HAMPSHIRE,2024,41,"Dengue virus infections, Dengue",,-
RHODE ISLAND,2024,41,"Dengue virus infections, Dengue",,-
VERMONT,2024,41,"Dengue virus infections, Dengue",,-
MIDDLE ATLANTIC,2024,41,"Dengue virus infections, Dengue",2,-
NEW JERSEY,2024,41,"Dengue virus infections, Dengue",,-
NEW YORK,2024,41,"Dengue virus infections, Dengue",2,-
NEW YORK CITY,2024,41,"Dengue virus infections, Dengue",,-
PENNSYLVANIA,2024,41,"Dengue virus infections, Dengue",,-
EAST NORTH CENTRAL,2024,41,"Dengue virus infections, Dengue",,-
ILLINOIS,2024,41,"Dengue virus infections, Dengue",,-
INDIANA,2024,41,"Dengue virus infections, Dengue",,-
MICHIGAN,2024,41,"Dengue virus infections, Dengue",,-
OHIO,2024,41,"Dengue virus infections, Dengue",,-
WISCONSIN,2024,41,"Dengue virus infections, Dengue",,-
WEST NORTH CENTRAL,2024,41,"Dengue virus infections, Dengue",,-
IOWA,2024,41,"Dengue virus infections, Dengue",,-
KANSAS,2024,41,"Dengue virus infections, Dengue",,-
MINNESOTA,2024,41,"Dengue virus infections, Dengue",,-
MISSOURI,2024,41,"Dengue virus infections, Dengue",,-
NEBRASKA,2024,41,"Dengue virus infections, Dengue",,-
NORTH DAKOTA,2024,41,"Dengue virus infections, Dengue",,-
SOUTH DAKOTA,2024,41,"Dengue virus infections, Dengue",,-
SOUTH ATLANTIC,2024,41,"Dengue virus infections, Dengue",1,-
DELAWARE,2024,41,"Dengue virus infections, Dengue",,-
DISTRICT OF COLUMBIA,2024,41,"Dengue virus infections, Dengue",,-
FLORIDA,2024,41,"Dengue virus infections, Dengue",1,-
GEORGIA,2024,41,"Dengue virus infections, Dengue",,-
MARYLAND,2024,41,"Dengue virus infections, Dengue",,-
NORTH CAROLINA,2024,41,"Dengue virus infections, Dengue",,-
SOUTH CAROLINA,2024,41,"Dengue virus infections, Dengue",,-
VIRGINIA,2024,41,"Dengue virus infections, Dengue",,-
WEST VIRGINIA,2024,41,"Dengue virus infections, Dengue",,-
EAST SOUTH CENTRAL,2024,41,"Dengue virus infections, Dengue",,-
ALABAMA,2024,41,"Dengue virus infections, Dengue",,-
KENTUCKY,2024,41,"Dengue virus infections, Dengue",,-
MISSISSIPPI,2024,41,"Dengue virus infections, Dengue",,-
TENNESSEE,2024,41,"Dengue virus infections, Dengue",,-
WEST SOUTH CENTRAL,2024,41,"Dengue virus infections, Dengue",,-
ARKANSAS,2024,41,"Dengue virus infections, Dengue",,-
LOUISIANA,2024,41,"Dengue virus infections, Dengue",,-
OKLAHOMA,2024,41,"Dengue virus infections, Dengue",,-
TEXAS,2024,41,"Dengue virus infections, Dengue",,-
MOUNTAIN,2024,41,"Dengue virus infections, Dengue",,-
ARIZONA,2024,41,"Dengue virus infections, Dengue",,-
COLORADO,2024,41,"Dengue virus infections, Dengue",,-
IDAHO,2024,41,"Dengue virus infections, Dengue",,-
MONTANA,2024,41,"Dengue virus infections, Dengue",,-
NEVADA,2024,41,"Dengue virus infections, Dengue",,-
NEW MEXICO,2024,41,"Dengue virus infections, Dengue",,-
UTAH,2024,41,"Dengue virus infections, Dengue",,-
WYOMING,2024,41,"Dengue virus infections, Dengue",,-
PACIFIC,2024,41,"Dengue virus infections, Dengue",1,-
ALASKA,2024,41,"Dengue virus infections, Dengue",,-
CALIFORNIA,2024,41,"Dengue virus infections, Dengue",,-
HAWAII,2024,41,"Dengue virus infections, Dengue",,-
OREGON,2024,41,"Dengue virus infections, Dengue",1,-
WASHINGTON,2024,41,"Dengue virus infections, Dengue",,-
US TERRITORIES,2024,41,"Dengue virus infections, Dengue",,-
AMERICAN SAMOA,2024,41,"Dengue virus infections, Dengue",,-
NORTHERN MARIANA ISLANDS,2024,41,"Dengue virus infections, Dengue",,-
GUAM,2024,41,"Dengue virus infections, Dengue",,-
PUERTO RICO,2024,41,"Dengue virus infections, Dengue",,-
U.S. VIRGIN ISLANDS,2024,41,"Dengue virus infections, Dengue",,-
NON-US RESIDENTS,2024,41,"Dengue virus infections, Dengue",,-
TOTAL,2024,41,"Dengue virus infections, Dengue",4,-
US RESIDENTS,2024,42,"Dengue virus infections, Dengue",18,-
NEW ENGLAND,2024,42,"Dengue virus infections, Dengue",,-
CONNECTICUT,2024,42,"Dengue virus infections, Dengue",,-
MAINE,2024,42,"Dengue virus infections, Dengue",,-
MASSACHUSETTS,2024,42,"Dengue virus infections, Dengue",,-
NEW HAMPSHIRE,2024,42,"Dengue virus infections, Dengue",,-
RHODE ISLAND,2024,42,"Dengue virus infections, Dengue",,-
VERMONT,2024,42,"Dengue virus infections, Dengue",,-
MIDDLE ATLANTIC,2024,42,"Dengue virus infections, Dengue",3,-
NEW JERSEY,2024,42,"Dengue virus infections, Dengue",,-
NEW YORK,2024,42,"Dengue virus infections, Dengue",3,-
NEW YORK CITY,2024,42,"Dengue virus infections, Dengue",,-
PENNSYLVANIA,2024,42,"Dengue virus infections, Dengue",,-
EAST NORTH CENTRAL,2024,42,"Dengue virus infections, Dengue",,-
ILLINOIS,2024,42,"Dengue virus infections, Dengue",,-
INDIANA,2024,42,"Dengue virus infections, Dengue",,-
MICHIGAN,2024,42,"Dengue virus infections, Dengue",,-
OHIO,2024,42,"Dengue virus infections, Dengue",,-
WISCONSIN,2024,42,"Dengue virus infections, Dengue",,-
WEST NORTH CENTRAL,2024,42,"Dengue virus infections, Dengue",,-
IOWA,2024,42,"Dengue virus infections, Dengue",,-
KANSAS,2024,42,"Dengue virus infections, Dengue",,-
MINNESOTA,2024,42,"Dengue virus infections, Dengue",,-
MISSOURI,2024,42,"Dengue virus infections, Dengue",,-
NEBRASKA,2024,42,"Dengue virus infections, Dengue",,-
NORTH DAKOTA,2024,42,"Dengue virus infections, Dengue",,-
SOUTH DAKOTA,2024,42,"Dengue virus infections, Dengue",,-
SOUTH ATLANTIC,2024,42,"Dengue virus infections, Dengue",15,-
DELAWARE,2024,42,"Dengue virus infections, Dengue",,-
DISTRICT OF COLUMBIA,2024,42,"Dengue virus infections, Dengue",,-
FLORIDA,2024,42,"Dengue virus infections, Dengue",15,-
GEORGIA,2024,42,"Dengue virus infections, Dengue",,-
MARYLAND,2024,42,"Dengue virus infections, Dengue",,-
NORTH CAROLINA,2024,42,"Dengue virus infections, Dengue",,-
SOUTH CAROLINA,2024,42,"Dengue virus infections, Dengue",,-
VIRGINIA,2024,42,"Dengue virus infections, Dengue",,-
WEST VIRGINIA,2024,42,"Dengue virus infections, Dengue",,-
EAST SOUTH CENTRAL,2024,42,"Dengue virus infections, Dengue",,-
ALABAMA,2024,42,"Dengue virus infections, Dengue",,-
KENTUCKY,2024,42,"Dengue virus infections, Dengue",,-
MISSISSIPPI,2024,42,"Dengue virus infections, Dengue",,-
TENNESSEE,2024,42,"Dengue virus infections, Dengue",,-
WEST SOUTH CENTRAL,2024,42,"Dengue virus infections, Dengue",,-
ARKANSAS,2024,42,"Dengue virus infections, Dengue",,-
LOUISIANA,2024,42,"Dengue virus infections, Dengue",,-
OKLAHOMA,2024,42,"Dengue virus infections, Dengue",,-
TEXAS,2024,42,"Dengue virus infections, Dengue",,-
MOUNTAIN,2024,42,"Dengue virus infections, Dengue",,-
ARIZONA,2024,42,"Dengue virus infections, Dengue",,-
COLORADO,2024,42,"Dengue virus infections, Dengue",,-
IDAHO,2024,42,"Dengue virus infections, Dengue",,-
MONTANA,2024,42,"Dengue virus infections, Dengue",,-
NEVADA,2024,42,"Dengue virus infections, Dengue",,-
NEW MEXICO,2024,42,"Dengue virus infections, Dengue",,-
UTAH,2024,42,"Dengue virus infections, Dengue",,-
WYOMING,2024,42,"Dengue virus infections, Dengue",,-
PACIFIC,2024,42,"Dengue virus infections, Dengue",,-
ALASKA,2024,42,"Dengue virus infections, Dengue",,-
CALIFORNIA,2024,42,"Dengue virus infections, Dengue",,-
HAWAII,2024,42,"Dengue virus infections, Dengue",,-
OREGON,2024,42,"Dengue virus infections, Dengue",,-
WASHINGTON,2024,42,"Dengue virus infections, Dengue",,-
US TERRITORIES,2024,42,"Dengue virus infections, Dengue",,-
AMERICAN SAMOA,2024,42,"Dengue virus infections, Dengue",,-
NORTHERN MARIANA ISLANDS,2024,42,"Dengue virus infections, Dengue",,-
GUAM,2024,42,"Dengue virus infections, Dengue",,-
PUERTO RICO,2024,42,"Dengue virus infections, Dengue",,-
U.S. VIRGIN ISLANDS,2024,42,"Dengue virus infections, Dengue",,-
NON-US RESIDENTS,2024,42,"Dengue virus infections, Dengue",,-
TOTAL,2024,42,"Dengue virus infections, Dengue",18,-
US RESIDENTS,2024,43,"Dengue virus infections, Dengue",15,-
NEW ENGLAND,2024,43,"Dengue virus infections, Dengue",1,-
CONNECTICUT,2024,43,"Dengue virus infections, Dengue",,-
MAINE,2024,43,"Dengue virus infections, Dengue",1,-
MASSACHUSETTS,2024,43,"Dengue virus infections, Dengue",,-
NEW HAMPSHIRE,2024,43,"Dengue virus infections, Dengue",,-
RHODE ISLAND,2024,43,"Dengue virus infections, Dengue",,-
VERMONT,2024,43,"Dengue virus infections, Dengue",,-
MIDDLE ATLANTIC,2024,43,"Dengue virus infections, Dengue",1,-
NEW JERSEY,2024,43,"Dengue virus infections, Dengue",,-
NEW YORK,2024,43,"Dengue virus infections, Dengue",1,-
NEW YORK CITY,2024,43,"Dengue virus infections, Dengue",,-
PENNSYLVANIA,2024,43,"Dengue virus infections, Dengue",,-
EAST NORTH CENTRAL,2024,43,"Dengue virus infections, Dengue",,-
ILLINOIS,2024,43,"Dengue virus infections, Dengue",,-
INDIANA,2024,43,"Dengue virus infections, Dengue",,-
MICHIGAN,2024,43,"Dengue virus infections, Dengue",,-
OHIO,2024,43,"Dengue virus infections, Dengue",,-
WISCONSIN,2024,43,"Dengue virus infections, Dengue",,-
WEST NORTH CENTRAL,2024,43,"Dengue virus infections, Dengue",,-
IOWA,2024,43,"Dengue virus infections, Dengue",,-
KANSAS,2024,43,"Dengue virus infections, Dengue",,-
MINNESOTA,2024,43,"Dengue virus infections, Dengue",,-
MISSOURI,2024,43,"Dengue virus infections, Dengue",,-
NEBRASKA,2024,43,"Dengue virus infections, Dengue",,-
NORTH DAKOTA,2024,43,"Dengue virus infections, Dengue",,-
SOUTH DAKOTA,2024,43,"Dengue virus infections, Dengue",,-
SOUTH ATLANTIC,2024,43,"Dengue virus infections, Dengue",13,-
DELAWARE,2024,43,"Dengue virus infections, Dengue",,-
DISTRICT OF COLUMBIA,2024,43,"Dengue virus infections, Dengue",,-
FLORIDA,2024,43,"Dengue virus infections, Dengue",12,-
GEORGIA,2024,43,"Dengue virus infections, Dengue",,-
MARYLAND,2024,43,"Dengue virus infections, Dengue",1,-
NORTH CAROLINA,2024,43,"Dengue virus infections, Dengue",,-
SOUTH CAROLINA,2024,43,"Dengue virus infections, Dengue",,-
VIRGINIA,2024,43,"Dengue virus infections, Dengue",,-
WEST VIRGINIA,2024,43,"Dengue virus infections, Dengue",,-
EAST SOUTH CENTRAL,2024,43,"Dengue virus infections, Dengue",,-
ALABAMA,2024,43,"Dengue virus infections, Dengue",,-
KENTUCKY,2024,43,"Dengue virus infections, Dengue",,-
MISSISSIPPI,2024,43,"Dengue virus infections, Dengue",,-
TENNESSEE,2024,43,"Dengue virus infections, Dengue",,-
WEST SOUTH CENTRAL,2024,43,"Dengue virus infections, Dengue",,-
ARKANSAS,2024,43,"Dengue virus infections, Dengue",,-
LOUISIANA,2024,43,"Dengue virus infections, Dengue",,-
OKLAHOMA,2024,43,"Dengue virus infections, Dengue",,-
TEXAS,2024,43,"Dengue virus infections, Dengue",,-
MOUNTAIN,2024,43,"Dengue virus infections, Dengue",,-
ARIZONA,2024,43,"Dengue virus infections, Dengue",,-
COLORADO,2024,43,"Dengue virus infections, Dengue",,-
IDAHO,2024,43,"Dengue virus infections, Dengue",,-
MONTANA,2024,43,"Dengue virus infections, Dengue",,-
NEVADA,2024,43,"Dengue virus infections, Dengue",,-
NEW MEXICO,2024,43,"Dengue virus infections, Dengue",,-
UTAH,2024,43,"Dengue virus infections, Dengue",,-
WYOMING,2024,43,"Dengue virus infections, Dengue",,-
PACIFIC,2024,43,"Dengue virus infections, Dengue",,-
ALASKA,2024,43,"Dengue virus infections, Dengue",,-
CALIFORNIA,2024,43,"Dengue virus infections, Dengue",,-
HAWAII,2024,43,"Dengue virus infections, Dengue",,-
OREGON,2024,43,"Dengue virus infections, Dengue",,-
WASHINGTON,2024,43,"Dengue virus infections, Dengue",,-
US TERRITORIES,2024,43,"Dengue virus infections, Dengue",,-
AMERICAN SAMOA,2024,43,"Dengue virus infections, Dengue",,-
NORTHERN MARIANA ISLANDS,2024,43,"Dengue virus infections, Dengue",,-
GUAM,2024,43,"Dengue virus infections, Dengue",,-
PUERTO RICO,2024,43,"Dengue virus infections, Dengue",,-
U.S. VIRGIN ISLANDS,2024,43,"Dengue virus infections, Dengue",,-
NON-US RESIDENTS,2024,43,"Dengue virus infections, Dengue",,-
TOTAL,2024,43,"Dengue virus infections, Dengue",15,-
US RESIDENTS,2024,44,"Dengue virus infections, Dengue",10,-
NEW ENGLAND,2024,44,"Dengue virus infections, Dengue",,-
CONNECTICUT,2024,44,"Dengue virus infections, Dengue",,-
MAINE,2024,44,"Dengue virus infections, Dengue",,-
MASSACHUSETTS,2024,44,"Dengue virus infections, Dengue",,-
NEW HAMPSHIRE,2024,44,"Dengue virus infections, Dengue",,-
RHODE ISLAND,2024,44,"Dengue virus infections, Dengue",,-
VERMONT,2024,44,"Dengue virus infections, Dengue",,-
MIDDLE ATLANTIC,2024,44,"Dengue virus infections, Dengue",1,-
NEW JERSEY,2024,44,"Dengue virus infections, Dengue",,-
NEW YORK,2024,44,"Dengue virus infections, Dengue",1,-
NEW YORK CITY,2024,44,"Dengue virus infections, Dengue",,-
PENNSYLVANIA,2024,44,"Dengue virus infections, Dengue",,-
EAST NORTH CENTRAL,2024,44,"Dengue virus infections, Dengue",,-
ILLINOIS,2024,44,"Dengue virus infections, Dengue",,-
INDIANA,2024,44,"Dengue virus infections, Dengue",,-
MICHIGAN,2024,44,"Dengue virus infections, Dengue",,-
OHIO,2024,44,"Dengue virus infections, Dengue",,-
WISCONSIN,2024,44,"Dengue virus infections, Dengue",,-
WEST NORTH CENTRAL,2024,44,"Dengue virus infections, Dengue",,-
IOWA,2024,44,"Dengue virus infections, Dengue",,-
KANSAS,2024,44,"Dengue virus infections, Dengue",,-
MINNESOTA,2024,44,"Dengue virus infections, Dengue",,-
MISSOURI,2024,44,"Dengue virus infections, Dengue",,-
NEBRASKA,2024,44,"Dengue virus infections, Dengue",,-
NORTH DAKOTA,2024,44,"Dengue virus infections, Dengue",,-
SOUTH DAKOTA,2024,44,"Dengue virus infections, Dengue",,-
SOUTH ATLANTIC,2024,44,"Dengue virus infections, Dengue",8,-
DELAWARE,2024,44,"Dengue virus infections, Dengue",,-
DISTRICT OF COLUMBIA,2024,44,"Dengue virus infections, Dengue",,-
FLORIDA,2024,44,"Dengue virus infections, Dengue",8,-
GEORGIA,2024,44,"Dengue virus infections, Dengue",,-
MARYLAND,2024,44,"Dengue virus infections, Dengue",,-
NORTH CAROLINA,2024,44,"Dengue virus infections, Dengue",,-
SOUTH CAROLINA,2024,44,"Dengue virus infections, Dengue",,-
VIRGINIA,2024,44,"Dengue virus infections, Dengue",,-
WEST VIRGINIA,2024,44,"Dengue virus infections, Dengue",,-
EAST SOUTH CENTRAL,2024,44,"Dengue virus infections, Dengue",1,-
ALABAMA,2024,44,"Dengue virus infections, Dengue",1,-
KENTUCKY,2024,44,"Dengue virus infections, Dengue",,-
MISSISSIPPI,2024,44,"Dengue virus infections, Dengue",,-
TENNESSEE,2024,44,"Dengue virus infections, Dengue",,-
WEST SOUTH CENTRAL,2024,44,"Dengue virus infections, Dengue",,-
ARKANSAS,2024,44,"Dengue virus infections, Dengue",,-
LOUISIANA,2024,44,"Dengue virus infections, Dengue",,-
OKLAHOMA,2024,44,"Dengue virus infections, Dengue",,-
TEXAS,2024,44,"Dengue virus infections, Dengue",,-
MOUNTAIN,2024,44,"Dengue virus infections, Dengue",,-
ARIZONA,2024,44,"Dengue virus infections, Dengue",,-
COLORADO,2024,44,"Dengue virus infections, Dengue",,-
IDAHO,2024,44,"Dengue virus infections, Dengue",,-
MONTANA,2024,44,"Dengue virus infections, Dengue",,-
NEVADA,2024,44,"Dengue virus infections, Dengue",,-
NEW MEXICO,2024,44,"Dengue virus infections, Dengue",,-
UTAH,2024,44,"Dengue virus infections, Dengue",,-
WYOMING,2024,44,"Dengue virus infections, Dengue",,-
PACIFIC,2024,44,"Dengue virus infections, Dengue",,-
ALASKA,2024,44,"Dengue virus infections, Dengue",,-
CALIFORNIA,2024,44,"Dengue virus infections, Dengue",,-
HAWAII,2024,44,"Dengue virus infections, Dengue",,-
OREGON,2024,44,"Dengue virus infections, Dengue",,-
WASHINGTON,2024,44,"Dengue virus infections, Dengue",,-
US TERRITORIES,2024,44,"Dengue virus infections, Dengue",,-
AMERICAN SAMOA,2024,44,"Dengue virus infections, Dengue",,-
NORTHERN MARIANA ISLANDS,2024,44,"Dengue virus infections, Dengue",,-
GUAM,2024,44,"Dengue virus infections, Dengue",,-
PUERTO RICO,2024,44,"Dengue virus infections, Dengue",,-
U.S. VIRGIN ISLANDS,2024,44,"Dengue virus infections, Dengue",,-
NON-US RESIDENTS,2024,44,"Dengue virus infections, Dengue",,-
TOTAL,2024,44,"Dengue virus infections, Dengue",10,-
US RESIDENTS,2024,45,"Dengue virus infections, Dengue",4,-
NEW ENGLAND,2024,45,"Dengue virus infections, Dengue",,-
CONNECTICUT,2024,45,"Dengue virus infections, Dengue",,-
MAINE,2024,45,"Dengue virus infections, Dengue",,-
MASSACHUSETTS,2024,45,"Dengue virus infections, Dengue",,-
NEW HAMPSHIRE,2024,45,"Dengue virus infections, Dengue",,-
RHODE ISLAND,2024,45,"Dengue virus infections, Dengue",,-
VERMONT,2024,45,"Dengue virus infections, Dengue",,-
MIDDLE ATLANTIC,2024,45,"Dengue virus infections, Dengue",,-
NEW JERSEY,2024,45,"Dengue virus infections, Dengue",,-
NEW YORK,2024,45,"Dengue virus infections, Dengue",,-
NEW YORK CITY,2024,45,"Dengue virus infections, Dengue",,-
PENNSYLVANIA,2024,45,"Dengue virus infections, Dengue",,-
EAST NORTH CENTRAL,2024,45,"Dengue virus infections, Dengue",1,-
ILLINOIS,2024,45,"Dengue virus infections, Dengue",,-
INDIANA,2024,45,"Dengue virus infections, Dengue",,-
MICHIGAN,2024,45,"Dengue virus infections, Dengue",,-
OHIO,2024,45,"Dengue virus infections, Dengue",,-
WISCONSIN,2024,45,"Dengue virus infections, Dengue",1,-
WEST NORTH CENTRAL,2024,45,"Dengue virus infections, Dengue",,-
IOWA,2024,45,"Dengue virus infections, Dengue",,-
KANSAS,2024,45,"Dengue virus infections, Dengue",,-
MINNESOTA,2024,45,"Dengue virus infections, Dengue",,-
MISSOURI,2024,45,"Dengue virus infections, Dengue",,-
NEBRASKA,2024,45,"Dengue virus infections, Dengue",,-
NORTH DAKOTA,2024,45,"Dengue virus infections, Dengue",,-
SOUTH DAKOTA,2024,45,"Dengue virus infections, Dengue",,-
SOUTH ATLANTIC,2024,45,"Dengue virus infections, Dengue",1,-
DELAWARE,2024,45,"Dengue virus infections, Dengue",,-
DISTRICT OF COLUMBIA,2024,45,"Dengue virus infections, Dengue",,-
FLORIDA,2024,45,"Dengue virus infections, Dengue",,-
GEORGIA,2024,45,"Dengue virus infections, Dengue",,-
MARYLAND,2024,45,"Dengue virus infections, Dengue",1,-
NORTH CAROLINA,2024,45,"Dengue virus infections, Dengue",,-
SOUTH CAROLINA,2024,45,"Dengue virus infections, Dengue",,-
VIRGINIA,2024,45,"Dengue virus infections, Dengue",,-
WEST VIRGINIA,2024,45,"Dengue virus infections, Dengue",,-
EAST SOUTH CENTRAL,2024,45,"Dengue virus infections, Dengue",,-
ALABAMA,2024,45,"Dengue virus infections, Dengue",,-
KENTUCKY,2024,45,"Dengue virus infections, Dengue",,-
MISSISSIPPI,2024,45,"Dengue virus infections, Dengue",,-
TENNESSEE,2024,45,"Dengue virus infections, Dengue",,-
WEST SOUTH CENTRAL,2024,45,"Dengue virus infections, Dengue",,-
ARKANSAS,2024,45,"Dengue virus infections, Dengue",,-
LOUISIANA,2024,45,"Dengue virus infections, Dengue",,-
OKLAHOMA,2024,45,"Dengue virus infections, Dengue",,-
TEXAS,2024,45,"Dengue virus infections, Dengue",,-
MOUNTAIN,2024,45,"Dengue virus infections, Dengue",2,-
ARIZONA,2024,45,"Dengue virus infections, Dengue",2,-
COLORADO,2024,45,"Dengue virus infections, Dengue",,-
IDAHO,2024,45,"Dengue virus infections, Dengue",,-
MONTANA,2024,45,"Dengue virus infections, Dengue",,-
NEVADA,2024,45,"Dengue virus infections, Dengue",,-
NEW MEXICO,2024,45,"Dengue virus infections, Dengue",,-
UTAH,2024,45,"Dengue virus infections, Dengue",,-
WYOMING,2024,45,"Dengue virus infections, Dengue",,-
PACIFIC,2024,45,"Dengue virus infections, Dengue",,-
ALASKA,2024,45,"Dengue virus infections, Dengue",,-
CALIFORNIA,2024,45,"Dengue virus infections, Dengue",,-
HAWAII,2024,45,"Dengue virus infections, Dengue",,-
OREGON,2024,45,"Dengue virus infections, Dengue",,-
WASHINGTON,2024,45,"Dengue virus infections, Dengue",,-
US TERRITORIES,2024,45,"Dengue virus infections, Dengue",,-
AMERICAN SAMOA,2024,45,"Dengue virus infections, Dengue",,-
NORTHERN MARIANA ISLANDS,2024,45,"Dengue virus infections, Dengue",,-
GUAM,2024,45,"Dengue virus infections, Dengue",,-
PUERTO RICO,2024,45,"Dengue virus infections, Dengue",,-
U.S. VIRGIN ISLANDS,2024,45,"Dengue virus infections, Dengue",,-
NON-US RESIDENTS,2024,45,"Dengue virus infections, Dengue",,-
TOTAL,2024,45,"Dengue virus infections, Dengue",4,-
US RESIDENTS,2024,46,"Dengue virus infections, Dengue",1,-
NEW ENGLAND,2024,46,"Dengue virus infections, Dengue",,-
CONNECTICUT,2024,46,"Dengue virus infections, Dengue",,-
MAINE,2024,46,"Dengue virus infections, Dengue",,-
MASSACHUSETTS,2024,46,"Dengue virus infections, Dengue",,-
NEW HAMPSHIRE,2024,46,"Dengue virus infections, Dengue",,-
RHODE ISLAND,2024,46,"Dengue virus infections, Dengue",,-
VERMONT,2024,46,"Dengue virus infections, Dengue",,-
MIDDLE ATLANTIC,2024,46,"Dengue virus infections, Dengue",,-
NEW JERSEY,2024,46,"Dengue virus infections, Dengue",,-
NEW YORK,2024,46,"Dengue virus infections, Dengue",,-
NEW YORK CITY,2024,46,"Dengue virus infections, Dengue",,-
PENNSYLVANIA,2024,46,"Dengue virus infections, Dengue",,-
EAST NORTH CENTRAL,2024,46,"Dengue virus infections, Dengue",,-
ILLINOIS,2024,46,"Dengue virus infections, Dengue",,-
INDIANA,2024,46,"Dengue virus infections, Dengue",,-
MICHIGAN,2024,46,"Dengue virus infections, Dengue",,-
OHIO,2024,46,"Dengue virus infections, Dengue",,-
WISCONSIN,2024,46,"Dengue virus infections, Dengue",,-
WEST NORTH CENTRAL,2024,46,"Dengue virus infections, Dengue",,-
IOWA,2024,46,"Dengue virus infections, Dengue",,-
KANSAS,2024,46,"Dengue virus infections, Dengue",,-
MINNESOTA,2024,46,"Dengue virus infections, Dengue",,-
MISSOURI,2024,46,"Dengue virus infections, Dengue",,-
NEBRASKA,2024,46,"Dengue virus infections, Dengue",,-
NORTH DAKOTA,2024,46,"Dengue virus infections, Dengue",,-
SOUTH DAKOTA,2024,46,"Dengue virus infections, Dengue",,-
SOUTH ATLANTIC,2024,46,"Dengue virus infections, Dengue",1,-
DELAWARE,2024,46,"Dengue virus infections, Dengue",,-
DISTRICT OF COLUMBIA,2024,46,"Dengue virus infections, Dengue",,-
FLORIDA,2024,46,"Dengue virus infections, Dengue",,-
GEORGIA,2024,46,"Dengue virus infections, Dengue",,-
MARYLAND,2024,46,"Dengue virus infections, Dengue",1,-
NORTH CAROLINA,2024,46,"Dengue virus infections, Dengue",,-
SOUTH CAROLINA,2024,46,"Dengue virus infections, Dengue",,-
VIRGINIA,2024,46,"Dengue virus infections, Dengue",,-
WEST VIRGINIA,2024,46,"Dengue virus infections, Dengue",,-
EAST SOUTH CENTRAL,2024,46,"Dengue virus infections, Dengue",,-
ALABAMA,2024,46,"Dengue virus infections, Dengue",,-
KENTUCKY,2024,46,"Dengue virus infections, Dengue",,-
MISSISSIPPI,2024,46,"Dengue virus infections, Dengue",,-
TENNESSEE,2024,46,"Dengue virus infections, Dengue",,-
WEST SOUTH CENTRAL,2024,46,"Dengue virus infections, Dengue",,-
ARKANSAS,2024,46,"Dengue virus infections, Dengue",,-
LOUISIANA,2024,46,"Dengue virus infections, Dengue",,-
OKLAHOMA,2024,46,"Dengue virus infections, Dengue",,-
TEXAS,2024,46,"Dengue virus infections, Dengue",,-
MOUNTAIN,2024,46,"Dengue virus infections, Dengue",,-
ARIZONA,2024,46,"Dengue virus infections, Dengue",,-
COLORADO,2024,46,"Dengue virus infections, Dengue",,-
IDAHO,2024,46,"Dengue virus infections, Dengue",,-
MONTANA,2024,46,"Dengue virus infections, Dengue",,-
NEVADA,2024,46,"Dengue virus infections, Dengue",,-
NEW MEXICO,2024,46,"Dengue virus infections, Dengue",,-
UTAH,2024,46,"Dengue virus infections, Dengue",,-
WYOMING,2024,46,"Dengue virus infections, Dengue",,-
PACIFIC,2024,46,"Dengue virus infections, Dengue",,-
ALASKA,2024,46,"Dengue virus infections, Dengue",,-
CALIFORNIA,2024,46,"Dengue virus infections, Dengue",,-
HAWAII,2024,46,"Dengue virus infections, Dengue",,-
OREGON,2024,46,"Dengue virus infections, Dengue",,-
WASHINGTON,2024,46,"Dengue virus infections, Dengue",,-
US TERRITORIES,2024,46,"Dengue virus infections, Dengue",,-
AMERICAN SAMOA,2024,46,"Dengue virus infections, Dengue",,-
NORTHERN MARIANA ISLANDS,2024,46,"Dengue virus infections, Dengue",,-
GUAM,2024,46,"Dengue virus infections, Dengue",,-
PUERTO RICO,2024,46,"Dengue virus infections, Dengue",,-
U.S. VIRGIN ISLANDS,2024,46,"Dengue virus infections, Dengue",,-
NON-US RESIDENTS,2024,46,"Dengue virus infections, Dengue",,-
TOTAL,2024,46,"Dengue virus infections, Dengue",1,-
US RESIDENTS,2024,47,"Dengue virus infections, Dengue",1,-
NEW ENGLAND,2024,47,"Dengue virus infections, Dengue",,-
CONNECTICUT,2024,47,"Dengue virus infections, Dengue",,-
MAINE,2024,47,"Dengue virus infections, Dengue",,-
MASSACHUSETTS,2024,47,"Dengue virus infections, Dengue",,-
NEW HAMPSHIRE,2024,47,"Dengue virus infections, Dengue",,-
RHODE ISLAND,2024,47,"Dengue virus infections, Dengue",,-
VERMONT,2024,47,"Dengue virus infections, Dengue",,-
MIDDLE ATLANTIC,2024,47,"Dengue virus infections, Dengue",1,-
NEW JERSEY,2024,47,"Dengue virus infections, Dengue",,-
NEW YORK,2024,47,"Dengue virus infections, Dengue",1,-
NEW YORK CITY,2024,47,"Dengue virus infections, Dengue",,-
PENNSYLVANIA,2024,47,"Dengue virus infections, Dengue",,-
EAST NORTH CENTRAL,2024,47,"Dengue virus infections, Dengue",,-
ILLINOIS,2024,47,"Dengue virus infections, Dengue",,-
INDIANA,2024,47,"Dengue virus infections, Dengue",,-
MICHIGAN,2024,47,"Dengue virus infections, Dengue",,-
OHIO,2024,47,"Dengue virus infections, Dengue",,-
WISCONSIN,2024,47,"Dengue virus infections, Dengue",,-
WEST NORTH CENTRAL,2024,47,"Dengue virus infections, Dengue",,-
IOWA,2024,47,"Dengue virus infections, Dengue",,-
KANSAS,2024,47,"Dengue virus infections, Dengue",,-
MINNESOTA,2024,47,"Dengue virus infections, Dengue",,-
MISSOURI,2024,47,"Dengue virus infections, Dengue",,-
NEBRASKA,2024,47,"Dengue virus infections, Dengue",,-
NORTH DAKOTA,2024,47,"Dengue virus infections, Dengue",,-
SOUTH DAKOTA,2024,47,"Dengue virus infections, Dengue",,-
SOUTH ATLANTIC,2024,47,"Dengue virus infections, Dengue",,-
DELAWARE,2024,47,"Dengue virus infections, Dengue",,-
DISTRICT OF COLUMBIA,2024,47,"Dengue virus infections, Dengue",,-
FLORIDA,2024,47,"Dengue virus infections, Dengue",,-
GEORGIA,2024,47,"Dengue virus infections, Dengue",,-
MARYLAND,2024,47,"Dengue virus infections, Dengue",,-
NORTH CAROLINA,2024,47,"Dengue virus infections, Dengue",,-
SOUTH CAROLINA,2024,47,"Dengue virus infections, Dengue",,-
VIRGINIA,2024,47,"Dengue virus infections, Dengue",,-
WEST VIRGINIA,2024,47,"Dengue virus infections, Dengue",,-
EAST SOUTH CENTRAL,2024,47,"Dengue virus infections, Dengue",,-
ALABAMA,2024,47,"Dengue virus infections, Dengue",,-
KENTUCKY,2024,47,"Dengue virus infections, Dengue",,-
MISSISSIPPI,2024,47,"Dengue virus infections, Dengue",,-
TENNESSEE,2024,47,"Dengue virus infections, Dengue",,-
WEST SOUTH CENTRAL,2024,47,"Dengue virus infections, Dengue",,-
ARKANSAS,2024,47,"Dengue virus infections, Dengue",,-
LOUISIANA,2024,47,"Dengue virus infections, Dengue",,-
OKLAHOMA,2024,47,"Dengue virus infections, Dengue",,-
TEXAS,2024,47,"Dengue virus infections, Dengue",,-
MOUNTAIN,2024,47,"Dengue virus infections, Dengue",,-
ARIZONA,2024,47,"Dengue virus infections, Dengue",,-
COLORADO,2024,47,"Dengue virus infections, Dengue",,-
IDAHO,2024,47,"Dengue virus infections, Dengue",,-
MONTANA,2024,47,"Dengue virus infections, Dengue",,-
NEVADA,2024,47,"Dengue virus infections, Dengue",,-
NEW MEXICO,2024,47,"Dengue virus infections, Dengue",,-
UTAH,2024,47,"Dengue virus infections, Dengue",,-
WYOMING,2024,47,"Dengue virus infections, Dengue",,-
PACIFIC,2024,47,"Dengue virus infections, Dengue",,-
ALASKA,2024,47,"Dengue virus infections, Dengue",,-
CALIFORNIA,2024,47,"Dengue virus infections, Dengue",,-
HAWAII,2024,47,"Dengue virus infections, Dengue",,-
OREGON,2024,47,"Dengue virus infections, Dengue",,-
WASHINGTON,2024,47,"Dengue virus infections, Dengue",,-
US TERRITORIES,2024,47,"Dengue virus infections, Dengue",,-
AMERICAN SAMOA,2024,47,"Dengue virus infections, Dengue",,-
NORTHERN MARIANA ISLANDS,2024,47,"Dengue virus infections, Dengue",,-
GUAM,2024,47,"Dengue virus infections, Dengue",,-
PUERTO RICO,2024,47,"Dengue virus infections, Dengue",,-
U.S. VIRGIN ISLANDS,2024,47,"Dengue virus infections, Dengue",,-
NON-US RESIDENTS,2024,47,"Dengue virus infections, Dengue",,-
TOTAL,2024,47,"Dengue virus infections, Dengue",1,-
US RESIDENTS,2024,48,"Dengue virus infections, Dengue",10,-
NEW ENGLAND,2024,48,"Dengue virus infections, Dengue",,-
CONNECTICUT,2024,48,"Dengue virus infections, Dengue",,-
MAINE,2024,48,"Dengue virus infections, Dengue",,-
MASSACHUSETTS,2024,48,"Dengue virus infections, Dengue",,-
NEW HAMPSHIRE,2024,48,"Dengue virus infections, Dengue",,-
RHODE ISLAND,2024,48,"Dengue virus infections, Dengue",,-
VERMONT,2024,48,"Dengue virus infections, Dengue",,-
MIDDLE ATLANTIC,2024,48,"Dengue virus infections, Dengue",,-
NEW JERSEY,2024,48,"Dengue virus infections, Dengue",,-
NEW YORK,2024,48,"Dengue virus infections, Dengue",,-
NEW YORK CITY,2024,48,"Dengue virus infections, Dengue",,-
PENNSYLVANIA,2024,48,"Dengue virus infections, Dengue",,-
EAST NORTH CENTRAL,2024,48,"Dengue virus infections, Dengue",,-
ILLINOIS,2024,48,"Dengue virus infections, Dengue",,-
INDIANA,2024,48,"Dengue virus infections, Dengue",,-
MICHIGAN,2024,48,"Dengue virus infections, Dengue",,-
OHIO,2024,48,"Dengue virus infections, Dengue",,-
WISCONSIN,2024,48,"Dengue virus infections, Dengue",,-
WEST NORTH CENTRAL,2024,48,"Dengue virus infections, Dengue",1,-
IOWA,2024,48,"Dengue virus infections, Dengue",,-
KANSAS,2024,48,"Dengue virus infections, Dengue",,-
MINNESOTA,2024,48,"Dengue virus infections, Dengue",,-
MISSOURI,2024,48,"Dengue virus infections, Dengue",,-
NEBRASKA,2024,48,"Dengue virus infections, Dengue",1,-
NORTH DAKOTA,2024,48,"Dengue virus infections, Dengue",,-
SOUTH DAKOTA,2024,48,"Dengue virus infections, Dengue",,-
SOUTH ATLANTIC,2024,48,"Dengue virus infections, Dengue",7,-
DELAWARE,2024,48,"Dengue virus infections, Dengue",,-
DISTRICT OF COLUMBIA,2024,48,"Dengue virus infections, Dengue",,-
FLORIDA,2024,48,"Dengue virus infections, Dengue",7,-
GEORGIA,2024,48,"Dengue virus infections, Dengue",,-
MARYLAND,2024,48,"Dengue virus infections, Dengue",,-
NORTH CAROLINA,2024,48,"Dengue virus infections, Dengue",,-
SOUTH CAROLINA,2024,48,"Dengue virus infections, Dengue",,-
VIRGINIA,2024,48,"Dengue virus infections, Dengue",,-
WEST VIRGINIA,2024,48,"Dengue virus infections, Dengue",,-
EAST SOUTH CENTRAL,2024,48,"Dengue virus infections, Dengue",,-
ALABAMA,2024,48,"Dengue virus infections, Dengue",,-
KENTUCKY,2024,48,"Dengue virus infections, Dengue",,-
MISSISSIPPI,2024,48,"Dengue virus infections, Dengue",,-
TENNESSEE,2024,48,"Dengue virus infections, Dengue",,-
WEST SOUTH CENTRAL,2024,48,"Dengue virus infections, Dengue",1,-
ARKANSAS,2024,48,"Dengue virus infections, Dengue",,-
LOUISIANA,2024,48,"Dengue virus infections, Dengue",,-
OKLAHOMA,2024,48,"Dengue virus infections, Dengue",,-
TEXAS,2024,48,"Dengue virus infections, Dengue",1,-
MOUNTAIN,2024,48,"Dengue virus infections, Dengue",1,-
ARIZONA,2024,48,"Dengue virus infections, Dengue",1,-
COLORADO,2024,48,"Dengue virus infections, Dengue",,-
IDAHO,2024,48,"Dengue virus infections, Dengue",,-
MONTANA,2024,48,"Dengue virus infections, Dengue",,-
NEVADA,2024,48,"Dengue virus infections, Dengue",,-
NEW MEXICO,2024,48,"Dengue virus infections, Dengue",,-
UTAH,2024,48,"Dengue virus infections, Dengue",,-
WYOMING,2024,48,"Dengue virus infections, Dengue",,-
PACIFIC,2024,48,"Dengue virus infections, Dengue",,-
ALASKA,2024,48,"Dengue virus infections, Dengue",,-
CALIFORNIA,2024,48,"Dengue virus infections, Dengue",,-
HAWAII,2024,48,"Dengue virus infections, Dengue",,-
OREGON,2024,48,"Dengue virus infections, Dengue",,-
WASHINGTON,2024,48,"Dengue virus infections, Dengue",,-
US TERRITORIES,2024,48,"Dengue virus infections, Dengue",2,-
AMERICAN SAMOA,2024,48,"Dengue virus infections, Dengue",,-
NORTHERN MARIANA ISLANDS,2024,48,"Dengue virus infections, Dengue",,-
GUAM,2024,48,"Dengue virus infections, Dengue",,-
PUERTO RICO,2024,48,"Dengue virus infections, Dengue",,-
U.S. VIRGIN ISLANDS,2024,48,"Dengue virus infections, Dengue",2,-
NON-US RESIDENTS,2024,48,"Dengue virus infections, Dengue",,-
TOTAL,2024,48,"Dengue virus infections, Dengue",12,-
US RESIDENTS,2024,49,"Dengue virus infections, Dengue",2,-
NEW ENGLAND,2024,49,"Dengue virus infections, Dengue",,-
CONNECTICUT,2024,49,"Dengue virus infections, Dengue",,-
MAINE,2024,49,"Dengue virus infections, Dengue",,-
MASSACHUSETTS,2024,49,"Dengue virus infections, Dengue",,-
NEW HAMPSHIRE,2024,49,"Dengue virus infections, Dengue",,-
RHODE ISLAND,2024,49,"Dengue virus infections, Dengue",,-
VERMONT,2024,49,"Dengue virus infections, Dengue",,-
MIDDLE ATLANTIC,2024,49,"Dengue virus infections, Dengue",,-
NEW JERSEY,2024,49,"Dengue virus infections, Dengue",,-
NEW YORK,2024,49,"Dengue virus infections, Dengue",,-
NEW YORK CITY,2024,49,"Dengue virus infections, Dengue",,-
PENNSYLVANIA,2024,49,"Dengue virus infections, Dengue",,-
EAST NORTH CENTRAL,2024,49,"Dengue virus infections, Dengue",,-
ILLINOIS,2024,49,"Dengue virus infections, Dengue",,-
INDIANA,2024,49,"Dengue virus infections, Dengue",,-
MICHIGAN,2024,49,"Dengue virus infections, Dengue",,-
OHIO,2024,49,"Dengue virus infections, Dengue",,-
WISCONSIN,2024,49,"Dengue virus infections, Dengue",,-
WEST NORTH CENTRAL,2024,49,"Dengue virus infections, Dengue",,-
IOWA,2024,49,"Dengue virus infections, Dengue",,-
KANSAS,2024,49,"Dengue virus infections, Dengue",,-
MINNESOTA,2024,49,"Dengue virus infections, Dengue",,-
MISSOURI,2024,49,"Dengue virus infections, Dengue",,-
NEBRASKA,2024,49,"Dengue virus infections, Dengue",,-
NORTH DAKOTA,2024,49,"Dengue virus infections, Dengue",,-
SOUTH DAKOTA,2024,49,"Dengue virus infections, Dengue",,-
SOUTH ATLANTIC,2024,49,"Dengue virus infections, Dengue",1,-
DELAWARE,2024,49,"Dengue virus infections, Dengue",,-
DISTRICT OF COLUMBIA,2024,49,"Dengue virus infections, Dengue",,-
FLORIDA,2024,49,"Dengue virus infections, Dengue",,-
GEORGIA,2024,49,"Dengue virus infections, Dengue",,-
MARYLAND,2024,49,"Dengue virus infections, Dengue",1,-
NORTH CAROLINA,2024,49,"Dengue virus infections, Dengue",,-
SOUTH CAROLINA,2024,49,"Dengue virus infections, Dengue",,-
VIRGINIA,2024,49,"Dengue virus infections, Dengue",,-
WEST VIRGINIA,2024,49,"Dengue virus infections, Dengue",,-
EAST SOUTH CENTRAL,2024,49,"Dengue virus infections, Dengue",,-
ALABAMA,2024,49,"Dengue virus infections, Dengue",,-
KENTUCKY,2024,49,"Dengue virus infections, Dengue",,-
MISSISSIPPI,2024,49,"Dengue virus infections, Dengue",,-
TENNESSEE,2024,49,"Dengue virus infections, Dengue",,-
WEST SOUTH CENTRAL,2024,49,"Dengue virus infections, Dengue",,-
ARKANSAS,2024,49,"Dengue virus infections, Dengue",,-
LOUISIANA,2024,49,"Dengue virus infections, Dengue",,-
OKLAHOMA,2024,49,"Dengue virus infections, Dengue",,-
TEXAS,2024,49,"Dengue virus infections, Dengue",,-
MOUNTAIN,2024,49,"Dengue virus infections, Dengue",1,-
ARIZONA,2024,49,"Dengue virus infections, Dengue",1,-
COLORADO,2024,49,"Dengue virus infections, Dengue",,-
IDAHO,2024,49,"Dengue virus infections, Dengue",,-
MONTANA,2024,49,"Dengue virus infections, Dengue",,-
NEVADA,2024,49,"Dengue virus infections, Dengue",,-
NEW MEXICO,2024,49,"Dengue virus infections, Dengue",,-
UTAH,2024,49,"Dengue virus infections, Dengue",,-
WYOMING,2024,49,"Dengue virus infections, Dengue",,-
PACIFIC,2024,49,"Dengue virus infections, Dengue",,-
ALASKA,2024,49,"Dengue virus infections, Dengue",,-
CALIFORNIA,2024,49,"Dengue virus infections, Dengue",,-
HAWAII,2024,49,"Dengue virus infections, Dengue",,-
OREGON,2024,49,"Dengue virus infections, Dengue",,-
WASHINGTON,2024,49,"Dengue virus infections, Dengue",,-
US TERRITORIES,2024,49,"Dengue virus infections, Dengue",1,-
AMERICAN SAMOA,2024,49,"Dengue virus infections, Dengue",,-
NORTHERN MARIANA ISLANDS,2024,49,"Dengue virus infections, Dengue",,-
GUAM,2024,49,"Dengue virus infections, Dengue",,-
PUERTO RICO,2024,49,"Dengue virus infections, Dengue",,-
U.S. VIRGIN ISLANDS,2024,49,"Dengue virus infections, Dengue",1,-
NON-US RESIDENTS,2024,49,"Dengue virus infections, Dengue",,-
TOTAL,2024,49,"Dengue virus infections, Dengue",3,-
US RESIDENTS,2024,50,"Dengue virus infections, Dengue",11,-
NEW ENGLAND,2024,50,"Dengue virus infections, Dengue",,-
CONNECTICUT,2024,50,"Dengue virus infections, Dengue",,-
MAINE,2024,50,"Dengue virus infections, Dengue",,-
MASSACHUSETTS,2024,50,"Dengue virus infections, Dengue",,-
NEW HAMPSHIRE,2024,50,"Dengue virus infections, Dengue",,-
RHODE ISLAND,2024,50,"Dengue virus infections, Dengue",,-
VERMONT,2024,50,"Dengue virus infections, Dengue",,-
MIDDLE ATLANTIC,2024,50,"Dengue virus infections, Dengue",1,-
NEW JERSEY,2024,50,"Dengue virus infections, Dengue",,-
NEW YORK,2024,50,"Dengue virus infections, Dengue",1,-
NEW YORK CITY,2024,50,"Dengue virus infections, Dengue",,-
PENNSYLVANIA,2024,50,"Dengue virus infections, Dengue",,-
EAST NORTH CENTRAL,2024,50,"Dengue virus infections, Dengue",,-
ILLINOIS,2024,50,"Dengue virus infections, Dengue",,-
INDIANA,2024,50,"Dengue virus infections, Dengue",,-
MICHIGAN,2024,50,"Dengue virus infections, Dengue",,-
OHIO,2024,50,"Dengue virus infections, Dengue",,-
WISCONSIN,2024,50,"Dengue virus infections, Dengue",,-
WEST NORTH CENTRAL,2024,50,"Dengue virus infections, Dengue",,-
IOWA,2024,50,"Dengue virus infections, Dengue",,-
KANSAS,2024,50,"Dengue virus infections, Dengue",,-
MINNESOTA,2024,50,"Dengue virus infections, Dengue",,-
MISSOURI,2024,50,"Dengue virus infections, Dengue",,-
NEBRASKA,2024,50,"Dengue virus infections, Dengue",,-
NORTH DAKOTA,2024,50,"Dengue virus infections, Dengue",,-
SOUTH DAKOTA,2024,50,"Dengue virus infections, Dengue",,-
SOUTH ATLANTIC,2024,50,"Dengue virus infections, Dengue",9,-
DELAWARE,2024,50,"Dengue virus infections, Dengue",,-
DISTRICT OF COLUMBIA,2024,50,"Dengue virus infections, Dengue",,-
FLORIDA,2024,50,"Dengue virus infections, Dengue",8,-
GEORGIA,2024,50,"Dengue virus infections, Dengue",,-
MARYLAND,2024,50,"Dengue virus infections, Dengue",,-
NORTH CAROLINA,2024,50,"Dengue virus infections, Dengue",,-
SOUTH CAROLINA,2024,50,"Dengue virus infections, Dengue",,-
VIRGINIA,2024,50,"Dengue virus infections, Dengue",1,-
WEST VIRGINIA,2024,50,"Dengue virus infections, Dengue",,-
EAST SOUTH CENTRAL,2024,50,"Dengue virus infections, Dengue",,-
ALABAMA,2024,50,"Dengue virus infections, Dengue",,-
KENTUCKY,2024,50,"Dengue virus infections, Dengue",,-
MISSISSIPPI,2024,50,"Dengue virus infections, Dengue",,-
TENNESSEE,2024,50,"Dengue virus infections, Dengue",,-
WEST SOUTH CENTRAL,2024,50,"Dengue virus infections, Dengue",1,-
ARKANSAS,2024,50,"Dengue virus infections, Dengue",,-
LOUISIANA,2024,50,"Dengue virus infections, Dengue",,-
OKLAHOMA,2024,50,"Dengue virus infections, Dengue",,-
TEXAS,2024,50,"Dengue virus infections, Dengue",1,-
MOUNTAIN,2024,50,"Dengue virus infections, Dengue",,-
ARIZONA,2024,50,"Dengue virus infections, Dengue",,-
COLORADO,2024,50,"Dengue virus infections, Dengue",,-
IDAHO,2024,50,"Dengue virus infections, Dengue",,-
MONTANA,2024,50,"Dengue virus infections, Dengue",,-
NEVADA,2024,50,"Dengue virus infections, Dengue",,-
NEW MEXICO,2024,50,"Dengue virus infections, Dengue",,-
UTAH,2024,50,"Dengue virus infections, Dengue",,-
WYOMING,2024,50,"Dengue virus infections, Dengue",,-
PACIFIC,2024,50,"Dengue virus infections, Dengue",,-
ALASKA,2024,50,"Dengue virus infections, Dengue",,-
CALIFORNIA,2024,50,"Dengue virus infections, Dengue",,-
HAWAII,2024,50,"Dengue virus infections, Dengue",,-
OREGON,2024,50,"Dengue virus infections, Dengue",,-
WASHINGTON,2024,50,"Dengue virus infections, Dengue",,-
US TERRITORIES,2024,50,"Dengue virus infections, Dengue",,-
AMERICAN SAMOA,2024,50,"Dengue virus infections, Dengue",,-
NORTHERN MARIANA ISLANDS,2024,50,"Dengue virus infections, Dengue",,-
GUAM,2024,50,"Dengue virus infections, Dengue",,-
PUERTO RICO,2024,50,"Dengue virus infections, Dengue",,-
U.S. VIRGIN ISLANDS,2024,50,"Dengue virus infections, Dengue",,-
NON-US RESIDENTS,2024,50,"Dengue virus infections, Dengue",,-
TOTAL,2024,50,"Dengue virus infections, Dengue",11,-
US RESIDENTS,2024,51,"Dengue virus infections, Dengue",1,-
NEW ENGLAND,2024,51,"Dengue virus infections, Dengue",,-
CONNECTICUT,2024,51,"Dengue virus infections, Dengue",,-
MAINE,2024,51,"Dengue virus infections, Dengue",,-
MASSACHUSETTS,2024,51,"Dengue virus infections, Dengue",,-
NEW HAMPSHIRE,2024,51,"Dengue virus infections, Dengue",,-
RHODE ISLAND,2024,51,"Dengue virus infections, Dengue",,-
VERMONT,2024,51,"Dengue virus infections, Dengue",,-
MIDDLE ATLANTIC,2024,51,"Dengue virus infections, Dengue",,-
NEW JERSEY,2024,51,"Dengue virus infections, Dengue",,-
NEW YORK,2024,51,"Dengue virus infections, Dengue",,-
NEW YORK CITY,2024,51,"Dengue virus infections, Dengue",,-
PENNSYLVANIA,2024,51,"Dengue virus infections, Dengue",,-
EAST NORTH CENTRAL,2024,51,"Dengue virus infections, Dengue",,-
ILLINOIS,2024,51,"Dengue virus infections, Dengue",,-
INDIANA,2024,51,"Dengue virus infections, Dengue",,-
MICHIGAN,2024,51,"Dengue virus infections, Dengue",,-
OHIO,2024,51,"Dengue virus infections, Dengue",,-
WISCONSIN,2024,51,"Dengue virus infections, Dengue",,-
WEST NORTH CENTRAL,2024,51,"Dengue virus infections, Dengue",,-
IOWA,2024,51,"Dengue virus infections, Dengue",,-
KANSAS,2024,51,"Dengue virus infections, Dengue",,-
MINNESOTA,2024,51,"Dengue virus infections, Dengue",,-
MISSOURI,2024,51,"Dengue virus infections, Dengue",,-
NEBRASKA,2024,51,"Dengue virus infections, Dengue",,-
NORTH DAKOTA,2024,51,"Dengue virus infections, Dengue",,-
SOUTH DAKOTA,2024,51,"Dengue virus infections, Dengue",,-
SOUTH ATLANTIC,2024,51,"Dengue virus infections, Dengue",,-
DELAWARE,2024,51,"Dengue virus infections, Dengue",,-
DISTRICT OF COLUMBIA,2024,51,"Dengue virus infections, Dengue",,-
FLORIDA,2024,51,"Dengue virus infections, Dengue",,-
GEORGIA,2024,51,"Dengue virus infections, Dengue",,-
MARYLAND,2024,51,"Dengue virus infections, Dengue",,-
NORTH CAROLINA,2024,51,"Dengue virus infections, Dengue",,-
SOUTH CAROLINA,2024,51,"Dengue virus infections, Dengue",,-
VIRGINIA,2024,51,"Dengue virus infections, Dengue",,-
WEST VIRGINIA,2024,51,"Dengue virus infections, Dengue",,-
EAST SOUTH CENTRAL,2024,51,"Dengue virus infections, Dengue",,-
ALABAMA,2024,51,"Dengue virus infections, Dengue",,-
KENTUCKY,2024,51,"Dengue virus infections, Dengue",,-
MISSISSIPPI,2024,51,"Dengue virus infections, Dengue",,-
TENNESSEE,2024,51,"Dengue virus infections, Dengue",,-
WEST SOUTH CENTRAL,2024,51,"Dengue virus infections, Dengue",,-
ARKANSAS,2024,51,"Dengue virus infections, Dengue",,-
LOUISIANA,2024,51,"Dengue virus infections, Dengue",,-
OKLAHOMA,2024,51,"Dengue virus infections, Dengue",,-
TEXAS,2024,51,"Dengue virus infections, Dengue",,-
MOUNTAIN,2024,51,"Dengue virus infections, Dengue",1,-
ARIZONA,2024,51,"Dengue virus infections, Dengue",1,-
COLORADO,2024,51,"Dengue virus infections, Dengue",,-
IDAHO,2024,51,"Dengue virus infections, Dengue",,-
MONTANA,2024,51,"Dengue virus infections, Dengue",,-
NEVADA,2024,51,"Dengue virus infections, Dengue",,-
NEW MEXICO,2024,51,"Dengue virus infections, Dengue",,-
UTAH,2024,51,"Dengue virus infections, Dengue",,-
WYOMING,2024,51,"Dengue virus infections, Dengue",,-
PACIFIC,2024,51,"Dengue virus infections, Dengue",,-
ALASKA,2024,51,"Dengue virus infections, Dengue",,-
CALIFORNIA,2024,51,"Dengue virus infections, Dengue",,-
HAWAII,2024,51,"Dengue virus infections, Dengue",,-
OREGON,2024,51,"Dengue virus infections, Dengue",,-
WASHINGTON,2024,51,"Dengue virus infections, Dengue",,-
US TERRITORIES,2024,51,"Dengue virus infections, Dengue",,-
AMERICAN SAMOA,2024,51,"Dengue virus infections, Dengue",,-
NORTHERN MARIANA ISLANDS,2024,51,"Dengue virus infections, Dengue",,-
GUAM,2024,51,"Dengue virus infections, Dengue",,-
PUERTO RICO,2024,51,"Dengue virus infections, Dengue",,-
U.S. VIRGIN ISLANDS,2024,51,"Dengue virus infections, Dengue",,-
NON-US RESIDENTS,2024,51,"Dengue virus infections, Dengue",,-
TOTAL,2024,51,"Dengue virus infections, Dengue",1,-
US RESIDENTS,2024,52,"Dengue virus infections, Dengue",1,-
NEW ENGLAND,2024,52,"Dengue virus infections, Dengue",,-
CONNECTICUT,2024,52,"Dengue virus infections, Dengue",,-
MAINE,2024,52,"Dengue virus infections, Dengue",,-
MASSACHUSETTS,2024,52,"Dengue virus infections, Dengue",,-
NEW HAMPSHIRE,2024,52,"Dengue virus infections, Dengue",,-
RHODE ISLAND,2024,52,"Dengue virus infections, Dengue",,-
VERMONT,2024,52,"Dengue virus infections, Dengue",,-
MIDDLE ATLANTIC,2024,52,"Dengue virus infections, Dengue",1,-
NEW JERSEY,2024,52,"Dengue virus infections, Dengue",,-
NEW YORK,2024,52,"Dengue virus infections, Dengue",1,-
NEW YORK CITY,2024,52,"Dengue virus infections, Dengue",,-
PENNSYLVANIA,2024,52,"Dengue virus infections, Dengue",,-
EAST NORTH CENTRAL,2024,52,"Dengue virus infections, Dengue",,-
ILLINOIS,2024,52,"Dengue virus infections, Dengue",,-
INDIANA,2024,52,"Dengue virus infections, Dengue",,-
MICHIGAN,2024,52,"Dengue virus infections, Dengue",,-
OHIO,2024,52,"Dengue virus infections, Dengue",,-
WISCONSIN,2024,52,"Dengue virus infections, Dengue",,-
WEST NORTH CENTRAL,2024,52,"Dengue virus infections, Dengue",,-
IOWA,2024,52,"Dengue virus infections, Dengue",,-
KANSAS,2024,52,"Dengue virus infections, Dengue",,-
MINNESOTA,2024,52,"Dengue virus infections, Dengue",,-
MISSOURI,2024,52,"Dengue virus infections, Dengue",,-
NEBRASKA,2024,52,"Dengue virus infections, Dengue",,-
NORTH DAKOTA,2024,52,"Dengue virus infections, Dengue",,-
SOUTH DAKOTA,2024,52,"Dengue virus infections, Dengue",,-
SOUTH ATLANTIC,2024,52,"Dengue virus infections, Dengue",,-
DELAWARE,2024,52,"Dengue virus infections, Dengue",,-
DISTRICT OF COLUMBIA,2024,52,"Dengue virus infections, Dengue",,-
FLORIDA,2024,52,"Dengue virus infections, Dengue",,-
GEORGIA,2024,52,"Dengue virus infections, Dengue",,-
MARYLAND,2024,52,"Dengue virus infections, Dengue",,-
NORTH CAROLINA,2024,52,"Dengue virus infections, Dengue",,-
SOUTH CAROLINA,2024,52,"Dengue virus infections, Dengue",,-
VIRGINIA,2024,52,"Dengue virus infections, Dengue",,-
WEST VIRGINIA,2024,52,"Dengue virus infections, Dengue",,-
EAST SOUTH CENTRAL,2024,52,"Dengue virus infections, Dengue",,-
ALABAMA,2024,52,"Dengue virus infections, Dengue",,-
KENTUCKY,2024,52,"Dengue virus infections, Dengue",,-
MISSISSIPPI,2024,52,"Dengue virus infections, Dengue",,-
TENNESSEE,2024,52,"Dengue virus infections, Dengue",,-
WEST SOUTH CENTRAL,2024,52,"Dengue virus infections, Dengue",,-
ARKANSAS,2024,52,"Dengue virus infections, Dengue",,-
LOUISIANA,2024,52,"Dengue virus infections, Dengue",,-
OKLAHOMA,2024,52,"Dengue virus infections, Dengue",,-
TEXAS,2024,52,"Dengue virus infections, Dengue",,-
MOUNTAIN,2024,52,"Dengue virus infections, Dengue",,-
ARIZONA,2024,52,"Dengue virus infections, Dengue",,-
COLORADO,2024,52,"Dengue virus infections, Dengue",,-
IDAHO,2024,52,"Dengue virus infections, Dengue",,-
MONTANA,2024,52,"Dengue virus infections, Dengue",,-
NEVADA,2024,52,"Dengue virus infections, Dengue",,-
NEW MEXICO,2024,52,"Dengue virus infections, Dengue",,-
UTAH,2024,52,"Dengue virus infections, Dengue",,-
WYOMING,2024,52,"Dengue virus infections, Dengue",,-
PACIFIC,2024,52,"Dengue virus infections, Dengue",,-
ALASKA,2024,52,"Dengue virus infections, Dengue",,-
CALIFORNIA,2024,52,"Dengue virus infections, Dengue",,-
HAWAII,2024,52,"Dengue virus infections, Dengue",,-
OREGON,2024,52,"Dengue virus infections, Dengue",,-
WASHINGTON,2024,52,"Dengue virus infections, Dengue",,-
US TERRITORIES,2024,52,"Dengue virus infections, Dengue",,-
AMERICAN SAMOA,2024,52,"Dengue virus infections, Dengue",,-
NORTHERN MARIANA ISLANDS,2024,52,"Dengue virus infections, Dengue",,-
GUAM,2024,52,"Dengue virus infections, Dengue",,-
PUERTO RICO,2024,52,"Dengue virus infections, Dengue",,-
U.S. VIRGIN ISLANDS,2024,52,"Dengue virus infections, Dengue",,-
NON-US RESIDENTS,2024,52,"Dengue virus infections, Dengue",,-
TOTAL,2024,52,"Dengue virus infections, Dengue",1,-
U.S. Residents,2025,1,"Dengue virus infections, Dengue",12,
New England,2025,1,"Dengue virus infections, Dengue",,-
Connecticut,2025,1,"Dengue virus infections, Dengue",,-
Maine,2025,1,"Dengue virus infections, Dengue",,-
Massachusetts,2025,1,"Dengue virus infections, Dengue",,-
New Hampshire,2025,1,"Dengue virus infections, Dengue",,-
Rhode Island,2025,1,"Dengue virus infections, Dengue",,-
Vermont,2025,1,"Dengue virus infections, Dengue",,-
Middle Atlantic,2025,1,"Dengue virus infections, Dengue",,-
New Jersey,2025,1,"Dengue virus infections, Dengue",,-
New York,2025,1,"Dengue virus infections, Dengue",,-
New York City,2025,1,"Dengue virus infections, Dengue",,-
Pennsylvania,2025,1,"Dengue virus infections, Dengue",,-
East North Central,2025,1,"Dengue virus infections, Dengue",,-
Illinois,2025,1,"Dengue virus infections, Dengue",,-
Indiana,2025,1,"Dengue virus infections, Dengue",,-
Michigan,2025,1,"Dengue virus infections, Dengue",,-
Ohio,2025,1,"Dengue virus infections, Dengue",,-
Wisconsin,2025,1,"Dengue virus infections, Dengue",,-
West North Central,2025,1,"Dengue virus infections, Dengue",,-
Iowa,2025,1,"Dengue virus infections, Dengue",,-
Kansas,2025,1,"Dengue virus infections, Dengue",,-
Minnesota,2025,1,"Dengue virus infections, Dengue",,-
Missouri,2025,1,"Dengue virus infections, Dengue",,-
Nebraska,2025,1,"Dengue virus infections, Dengue",,-
North Dakota,2025,1,"Dengue virus infections, Dengue",,-
South Dakota,2025,1,"Dengue virus infections, Dengue",,-
South Atlantic,2025,1,"Dengue virus infections, Dengue",12,
Delaware,2025,1,"Dengue virus infections, Dengue",,-
District of Columbia,2025,1,"Dengue virus infections, Dengue",,-
Florida,2025,1,"Dengue virus infections, Dengue",12,
Georgia,2025,1,"Dengue virus infections, Dengue",,-
Maryland,2025,1,"Dengue virus infections, Dengue",,-
North Carolina,2025,1,"Dengue virus infections, Dengue",,-
South Carolina,2025,1,"Dengue virus infections, Dengue",,-
Virginia,2025,1,"Dengue virus infections, Dengue",,-
West Virginia,2025,1,"Dengue virus infections, Dengue",,-
East South Central,2025,1,"Dengue virus infections, Dengue",,-
Alabama,2025,1,"Dengue virus infections, Dengue",,-
Kentucky,2025,1,"Dengue virus infections, Dengue",,-
Mississippi,2025,1,"Dengue virus infections, Dengue",,-
Tennessee,2025,1,"Dengue virus infections, Dengue",,-
West South Central,2025,1,"Dengue virus infections, Dengue",,-
Arkansas,2025,1,"Dengue virus infections, Dengue",,-
Louisiana,2025,1,"Dengue virus infections, Dengue",,-
Oklahoma,2025,1,"Dengue virus infections, Dengue",,-
Texas,2025,1,"Dengue virus infections, Dengue",,-
Mountain,2025,1,"Dengue virus infections, Dengue",,-
Arizona,2025,1,"Dengue virus infections, Dengue",,-
Colorado,2025,1,"Dengue virus infections, Dengue",,-
Idaho,2025,1,"Dengue virus infections, Dengue",,-
Montana,2025,1,"Dengue virus infections, Dengue",,-
Nevada,2025,1,"Dengue virus infections, Dengue",,-
New Mexico,2025,1,"Dengue virus infections, Dengue",,-
Utah,2025,1,"Dengue virus infections, Dengue",,-
Wyoming,2025,1,"Dengue virus infections, Dengue",,-
Pacific,2025,1,"Dengue virus infections, Dengue",,-
Alaska,2025,1,"Dengue virus infections, Dengue",,-
California,2025,1,"Dengue virus infections, Dengue",,-
Hawaii,2025,1,"Dengue virus infections, Dengue",,-
Oregon,2025,1,"Dengue virus infections, Dengue",,-
Washington,2025,1,"Dengue virus infections, Dengue",,-
U.S. Territories,2025,1,"Dengue virus infections, Dengue",,-
American Samoa,2025,1,"Dengue virus infections, Dengue",,-
Commonwealth of Northern Mariana Islands,2025,1,"Dengue virus infections, Dengue",,-
Guam,2025,1,"Dengue virus infections, Dengue",,-
Puerto Rico,2025,1,"Dengue virus infections, Dengue",,-
U.S. Virgin Islands,2025,1,"Dengue virus infections, Dengue",,-
Non-U.S. Residents,2025,1,"Dengue virus infections, Dengue",,-
Total,2025,1,"Dengue virus infections, Dengue",12,
U.S. Residents,2025,2,"Dengue virus infections, Dengue",8,
New England,2025,2,"Dengue virus infections, Dengue",,-
Connecticut,2025,2,"Dengue virus infections, Dengue",,-
Maine,2025,2,"Dengue virus infections, Dengue",,-
Massachusetts,2025,2,"Dengue virus infections, Dengue",,-
New Hampshire,2025,2,"Dengue virus infections, Dengue",,-
Rhode Island,2025,2,"Dengue virus infections, Dengue",,-
Vermont,2025,2,"Dengue virus infections, Dengue",,-
Middle Atlantic,2025,2,"Dengue virus infections, Dengue",,-
New Jersey,2025,2,"Dengue virus infections, Dengue",,-
New York,2025,2,"Dengue virus infections, Dengue",,-
New York City,2025,2,"Dengue virus infections, Dengue",,-
Pennsylvania,2025,2,"Dengue virus infections, Dengue",,-
East North Central,2025,2,"Dengue virus infections, Dengue",,-
Illinois,2025,2,"Dengue virus infections, Dengue",,-
Indiana,2025,2,"Dengue virus infections, Dengue",,-
Michigan,2025,2,"Dengue virus infections, Dengue",,-
Ohio,2025,2,"Dengue virus infections, Dengue",,-
Wisconsin,2025,2,"Dengue virus infections, Dengue",,-
West North Central,2025,2,"Dengue virus infections, Dengue",,-
Iowa,2025,2,"Dengue virus infections, Dengue",,-
Kansas,2025,2,"Dengue virus infections, Dengue",,-
Minnesota,2025,2,"Dengue virus infections, Dengue",,-
Missouri,2025,2,"Dengue virus infections, Dengue",,-
Nebraska,2025,2,"Dengue virus infections, Dengue",,-
North Dakota,2025,2,"Dengue virus infections, Dengue",,-
South Dakota,2025,2,"Dengue virus infections, Dengue",,-
South Atlantic,2025,2,"Dengue virus infections, Dengue",8,
Delaware,2025,2,"Dengue virus infections, Dengue",,-
District of Columbia,2025,2,"Dengue virus infections, Dengue",,-
Florida,2025,2,"Dengue virus infections, Dengue",7,
Georgia,2025,2,"Dengue virus infections, Dengue",,-
Maryland,2025,2,"Dengue virus infections, Dengue",1,
North Carolina,2025,2,"Dengue virus infections, Dengue",,-
South Carolina,2025,2,"Dengue virus infections, Dengue",,-
Virginia,2025,2,"Dengue virus infections, Dengue",,-
West Virginia,2025,2,"Dengue virus infections, Dengue",,-
East South Central,2025,2,"Dengue virus infections, Dengue",,-
Alabama,2025,2,"Dengue virus infections, Dengue",,-
Kentucky,2025,2,"Dengue virus infections, Dengue",,-
Mississippi,2025,2,"Dengue virus infections, Dengue",,-
Tennessee,2025,2,"Dengue virus infections, Dengue",,-
West South Central,2025,2,"Dengue virus infections, Dengue",,-
Arkansas,2025,2,"Dengue virus infections, Dengue",,-
Louisiana,2025,2,"Dengue virus infections, Dengue",,-
Oklahoma,2025,2,"Dengue virus infections, Dengue",,-
Texas,2025,2,"Dengue virus infections, Dengue",,-
Mountain,2025,2,"Dengue virus infections, Dengue",,-
Arizona,2025,2,"Dengue virus infections, Dengue",,-
Colorado,2025,2,"Dengue virus infections, Dengue",,-
Idaho,2025,2,"Dengue virus infections, Dengue",,-
Montana,2025,2,"Dengue virus infections, Dengue",,-
Nevada,2025,2,"Dengue virus infections, Dengue",,-
New Mexico,2025,2,"Dengue virus infections, Dengue",,-
Utah,2025,2,"Dengue virus infections, Dengue",,-
Wyoming,2025,2,"Dengue virus infections, Dengue",,-
Pacific,2025,2,"Dengue virus infections, Dengue",,-
Alaska,2025,2,"Dengue virus infections, Dengue",,-
California,2025,2,"Dengue virus infections, Dengue",,-
Hawaii,2025,2,"Dengue virus infections, Dengue",,-
Oregon,2025,2,"Dengue virus infections, Dengue",,-
Washington,2025,2,"Dengue virus infections, Dengue",,-
U.S. Territories,2025,2,"Dengue virus infections, Dengue",1,
American Samoa,2025,2,"Dengue virus infections, Dengue",,-
Commonwealth of Northern Mariana Islands,2025,2,"Dengue virus infections, Dengue",,-
Guam,2025,2,"Dengue virus infections, Dengue",,-
Puerto Rico,2025,2,"Dengue virus infections, Dengue",,-
U.S. Virgin Islands,2025,2,"Dengue virus infections, Dengue",1,
Non-U.S. Residents,2025,2,"Dengue virus infections, Dengue",,-
Total,2025,2,"Dengue virus infections, Dengue",9,
U.S. Residents,2025,3,"Dengue virus infections, Dengue",1,
New England,2025,3,"Dengue virus infections, Dengue",,-
Connecticut,2025,3,"Dengue virus infections, Dengue",,-
Maine,2025,3,"Dengue virus infections, Dengue",,-
Massachusetts,2025,3,"Dengue virus infections, Dengue",,-
New Hampshire,2025,3,"Dengue virus infections, Dengue",,-
Rhode Island,2025,3,"Dengue virus infections, Dengue",,-
Vermont,2025,3,"Dengue virus infections, Dengue",,-
Middle Atlantic,2025,3,"Dengue virus infections, Dengue",,-
New Jersey,2025,3,"Dengue virus infections, Dengue",,-
New York,2025,3,"Dengue virus infections, Dengue",,-
New York City,2025,3,"Dengue virus infections, Dengue",,-
Pennsylvania,2025,3,"Dengue virus infections, Dengue",,-
East North Central,2025,3,"Dengue virus infections, Dengue",,-
Illinois,2025,3,"Dengue virus infections, Dengue",,-
Indiana,2025,3,"Dengue virus infections, Dengue",,-
Michigan,2025,3,"Dengue virus infections, Dengue",,-
Ohio,2025,3,"Dengue virus infections, Dengue",,-
Wisconsin,2025,3,"Dengue virus infections, Dengue",,-
West North Central,2025,3,"Dengue virus infections, Dengue",,-
Iowa,2025,3,"Dengue virus infections, Dengue",,-
Kansas,2025,3,"Dengue virus infections, Dengue",,-
Minnesota,2025,3,"Dengue virus infections, Dengue",,-
Missouri,2025,3,"Dengue virus infections, Dengue",,-
Nebraska,2025,3,"Dengue virus infections, Dengue",,-
North Dakota,2025,3,"Dengue virus infections, Dengue",,-
South Dakota,2025,3,"Dengue virus infections, Dengue",,-
South Atlantic,2025,3,"Dengue virus infections, Dengue",,-
Delaware,2025,3,"Dengue virus infections, Dengue",,-
District of Columbia,2025,3,"Dengue virus infections, Dengue",,-
Florida,2025,3,"Dengue virus infections, Dengue",,-
Georgia,2025,3,"Dengue virus infections, Dengue",,-
Maryland,2025,3,"Dengue virus infections, Dengue",,-
North Carolina,2025,3,"Dengue virus infections, Dengue",,-
South Carolina,2025,3,"Dengue virus infections, Dengue",,-
Virginia,2025,3,"Dengue virus infections, Dengue",,-
West Virginia,2025,3,"Dengue virus infections, Dengue",,-
East South Central,2025,3,"Dengue virus infections, Dengue",,-
Alabama,2025,3,"Dengue virus infections, Dengue",,-
Kentucky,2025,3,"Dengue virus infections, Dengue",,-
Mississippi,2025,3,"Dengue virus infections, Dengue",,-
Tennessee,2025,3,"Dengue virus infections, Dengue",,-
West South Central,2025,3,"Dengue virus infections, Dengue",,-
Arkansas,2025,3,"Dengue virus infections, Dengue",,-
Louisiana,2025,3,"Dengue virus infections, Dengue",,-
Oklahoma,2025,3,"Dengue virus infections, Dengue",,-
Texas,2025,3,"Dengue virus infections, Dengue",,-
Mountain,2025,3,"Dengue virus infections, Dengue",1,
Arizona,2025,3,"Dengue virus infections, Dengue",1,
Colorado,2025,3,"Dengue virus infections, Dengue",,-
Idaho,2025,3,"Dengue virus infections, Dengue",,-
Montana,2025,3,"Dengue virus infections, Dengue",,-
Nevada,2025,3,"Dengue virus infections, Dengue",,-
New Mexico,2025,3,"Dengue virus infections, Dengue",,-
Utah,2025,3,"Dengue virus infections, Dengue",,-
Wyoming,2025,3,"Dengue virus infections, Dengue",,-
Pacific,2025,3,"Dengue virus infections, Dengue",,-
Alaska,2025,3,"Dengue virus infections, Dengue",,-
California,2025,3,"Dengue virus infections, Dengue",,-
Hawaii,2025,3,"Dengue virus infections, Dengue",,-
Oregon,2025,3,"Dengue virus infections, Dengue",,-
Washington,2025,3,"Dengue virus infections, Dengue",,-
U.S. Territories,2025,3,"Dengue virus infections, Dengue",,-
American Samoa,2025,3,"Dengue virus infections, Dengue",,-
Commonwealth of Northern Mariana Islands,2025,3,"Dengue virus infections, Dengue",,-
Guam,2025,3,"Dengue virus infections, Dengue",,-
Puerto Rico,2025,3,"Dengue virus infections, Dengue",,-
U.S. Virgin Islands,2025,3,"Dengue virus infections, Dengue",,-
Non-U.S. Residents,2025,3,"Dengue virus infections, Dengue",,-
Total,2025,3,"Dengue virus infections, Dengue",1,
U.S. Residents,2025,4,"Dengue virus infections, Dengue",6,
New England,2025,4,"Dengue virus infections, Dengue",,-
Connecticut,2025,4,"Dengue virus infections, Dengue",,-
Maine,2025,4,"Dengue virus infections, Dengue",,-
Massachusetts,2025,4,"Dengue virus infections, Dengue",,-
New Hampshire,2025,4,"Dengue virus infections, Dengue",,-
Rhode Island,2025,4,"Dengue virus infections, Dengue",,-
Vermont,2025,4,"Dengue virus infections, Dengue",,-
Middle Atlantic,2025,4,"Dengue virus infections, Dengue",,-
New Jersey,2025,4,"Dengue virus infections, Dengue",,-
New York,2025,4,"Dengue virus infections, Dengue",,-
New York City,2025,4,"Dengue virus infections, Dengue",,-
Pennsylvania,2025,4,"Dengue virus infections, Dengue",,-
East North Central,2025,4,"Dengue virus infections, Dengue",,-
Illinois,2025,4,"Dengue virus infections, Dengue",,-
Indiana,2025,4,"Dengue virus infections, Dengue",,-
Michigan,2025,4,"Dengue virus infections, Dengue",,-
Ohio,2025,4,"Dengue virus infections, Dengue",,-
Wisconsin,2025,4,"Dengue virus infections, Dengue",,-
West North Central,2025,4,"Dengue virus infections, Dengue",,-
Iowa,2025,4,"Dengue virus infections, Dengue",,-
Kansas,2025,4,"Dengue virus infections, Dengue",,-
Minnesota,2025,4,"Dengue virus infections, Dengue",,-
Missouri,2025,4,"Dengue virus infections, Dengue",,-
Nebraska,2025,4,"Dengue virus infections, Dengue",,-
North Dakota,2025,4,"Dengue virus infections, Dengue",,-
South Dakota,2025,4,"Dengue virus infections, Dengue",,-
South Atlantic,2025,4,"Dengue virus infections, Dengue",6,
Delaware,2025,4,"Dengue virus infections, Dengue",,-
District of Columbia,2025,4,"Dengue virus infections, Dengue",,-
Florida,2025,4,"Dengue virus infections, Dengue",6,
Georgia,2025,4,"Dengue virus infections, Dengue",,-
Maryland,2025,4,"Dengue virus infections, Dengue",,-
North Carolina,2025,4,"Dengue virus infections, Dengue",,-
South Carolina,2025,4,"Dengue virus infections, Dengue",,-
Virginia,2025,4,"Dengue virus infections, Dengue",,-
West Virginia,2025,4,"Dengue virus infections, Dengue",,-
East South Central,2025,4,"Dengue virus infections, Dengue",,-
Alabama,2025,4,"Dengue virus infections, Dengue",,-
Kentucky,2025,4,"Dengue virus infections, Dengue",,-
Mississippi,2025,4,"Dengue virus infections, Dengue",,-
Tennessee,2025,4,"Dengue virus infections, Dengue",,-
West South Central,2025,4,"Dengue virus infections, Dengue",,-
Arkansas,2025,4,"Dengue virus infections, Dengue",,-
Louisiana,2025,4,"Dengue virus infections, Dengue",,-
Oklahoma,2025,4,"Dengue virus infections, Dengue",,-
Texas,2025,4,"Dengue virus infections, Dengue",,-
Mountain,2025,4,"Dengue virus infections, Dengue",,-
Arizona,2025,4,"Dengue virus infections, Dengue",,-
Colorado,2025,4,"Dengue virus infections, Dengue",,-
Idaho,2025,4,"Dengue virus infections, Dengue",,-
Montana,2025,4,"Dengue virus infections, Dengue",,-
Nevada,2025,4,"Dengue virus infections, Dengue",,-
New Mexico,2025,4,"Dengue virus infections, Dengue",,-
Utah,2025,4,"Dengue virus infections, Dengue",,-
Wyoming,2025,4,"Dengue virus infections, Dengue",,-
Pacific,2025,4,"Dengue virus infections, Dengue",,-
Alaska,2025,4,"Dengue virus infections, Dengue",,-
California,2025,4,"Dengue virus infections, Dengue",,-
Hawaii,2025,4,"Dengue virus infections, Dengue",,-
Oregon,2025,4,"Dengue virus infections, Dengue",,-
Washington,2025,4,"Dengue virus infections, Dengue",,-
U.S. Territories,2025,4,"Dengue virus infections, Dengue",,-
American Samoa,2025,4,"Dengue virus infections, Dengue",,-
Commonwealth of Northern Mariana Islands,2025,4,"Dengue virus infections, Dengue",,-
Guam,2025,4,"Dengue virus infections, Dengue",,-
Puerto Rico,2025,4,"Dengue virus infections, Dengue",,-
U.S. Virgin Islands,2025,4,"Dengue virus infections, Dengue",,-
Non-U.S. Residents,2025,4,"Dengue virus infections, Dengue",,-
Total,2025,4,"Dengue virus infections, Dengue",6,
U.S. Residents,2025,5,"Dengue virus infections, Dengue",4,
New England,2025,5,"Dengue virus infections, Dengue",,-
Connecticut,2025,5,"Dengue virus infections, Dengue",,-
Maine,2025,5,"Dengue virus infections, Dengue",,-
Massachusetts,2025,5,"Dengue virus infections, Dengue",,-
New Hampshire,2025,5,"Dengue virus infections, Dengue",,-
Rhode Island,2025,5,"Dengue virus infections, Dengue",,-
Vermont,2025,5,"Dengue virus infections, Dengue",,-
Middle Atlantic,2025,5,"Dengue virus infections, Dengue",,-
New Jersey,2025,5,"Dengue virus infections, Dengue",,-
New York,2025,5,"Dengue virus infections, Dengue",,-
New York City,2025,5,"Dengue virus infections, Dengue",,-
Pennsylvania,2025,5,"Dengue virus infections, Dengue",,-
East North Central,2025,5,"Dengue virus infections, Dengue",,-
Illinois,2025,5,"Dengue virus infections, Dengue",,-
Indiana,2025,5,"Dengue virus infections, Dengue",,-
Michigan,2025,5,"Dengue virus infections, Dengue",,-
Ohio,2025,5,"Dengue virus infections, Dengue",,-
Wisconsin,2025,5,"Dengue virus infections, Dengue",,-
West North Central,2025,5,"Dengue virus infections, Dengue",,-
Iowa,2025,5,"Dengue virus infections, Dengue",,-
Kansas,2025,5,"Dengue virus infections, Dengue",,-
Minnesota,2025,5,"Dengue virus infections, Dengue",,-
Missouri,2025,5,"Dengue virus infections, Dengue",,-
Nebraska,2025,5,"Dengue virus infections, Dengue",,-
North Dakota,2025,5,"Dengue virus infections, Dengue",,-
South Dakota,2025,5,"Dengue virus infections, Dengue",,-
South Atlantic,2025,5,"Dengue virus infections, Dengue",4,
Delaware,2025,5,"Dengue virus infections, Dengue",,-
District of Columbia,2025,5,"Dengue virus infections, Dengue",,-
Florida,2025,5,"Dengue virus infections, Dengue",4,
Georgia,2025,5,"Dengue virus infections, Dengue",,-
Maryland,2025,5,"Dengue virus infections, Dengue",,-
North Carolina,2025,5,"Dengue virus infections, Dengue",,-
South Carolina,2025,5,"Dengue virus infections, Dengue",,-
Virginia,2025,5,"Dengue virus infections, Dengue",,-
West Virginia,2025,5,"Dengue virus infections, Dengue",,-
East South Central,2025,5,"Dengue virus infections, Dengue",,-
Alabama,2025,5,"Dengue virus infections, Dengue",,-
Kentucky,2025,5,"Dengue virus infections, Dengue",,-
Mississippi,2025,5,"Dengue virus infections, Dengue",,-
Tennessee,2025,5,"Dengue virus infections, Dengue",,-
West South Central,2025,5,"Dengue virus infections, Dengue",,-
Arkansas,2025,5,"Dengue virus infections, Dengue",,-
Louisiana,2025,5,"Dengue virus infections, Dengue",,-
Oklahoma,2025,5,"Dengue virus infections, Dengue",,-
Texas,2025,5,"Dengue virus infections, Dengue",,-
Mountain,2025,5,"Dengue virus infections, Dengue",,-
Arizona,2025,5,"Dengue virus infections, Dengue",,-
Colorado,2025,5,"Dengue virus infections, Dengue",,-
Idaho,2025,5,"Dengue virus infections, Dengue",,-
Montana,2025,5,"Dengue virus infections, Dengue",,-
Nevada,2025,5,"Dengue virus infections, Dengue",,-
New Mexico,2025,5,"Dengue virus infections, Dengue",,-
Utah,2025,5,"Dengue virus infections, Dengue",,-
Wyoming,2025,5,"Dengue virus infections, Dengue",,-
Pacific,2025,5,"Dengue virus infections, Dengue",,-
Alaska,2025,5,"Dengue virus infections, Dengue",,-
California,2025,5,"Dengue virus infections, Dengue",,-
Hawaii,2025,5,"Dengue virus infections, Dengue",,-
Oregon,2025,5,"Dengue virus infections, Dengue",,-
Washington,2025,5,"Dengue virus infections, Dengue",,-
U.S. Territories,2025,5,"Dengue virus infections, Dengue",,-
American Samoa,2025,5,"Dengue virus infections, Dengue",,-
Commonwealth of Northern Mariana Islands,2025,5,"Dengue virus infections, Dengue",,-
Guam,2025,5,"Dengue virus infections, Dengue",,-
Puerto Rico,2025,5,"Dengue virus infections, Dengue",,-
U.S. Virgin Islands,2025,5,"Dengue virus infections, Dengue",,-
Non-U.S. Residents,2025,5,"Dengue virus infections, Dengue",,-
Total,2025,5,"Dengue virus infections, Dengue",4,
U.S. Residents,2025,6,"Dengue virus infections, Dengue",6,
New England,2025,6,"Dengue virus infections, Dengue",,-
Connecticut,2025,6,"Dengue virus infections, Dengue",,-
Maine,2025,6,"Dengue virus infections, Dengue",,-
Massachusetts,2025,6,"Dengue virus infections, Dengue",,-
New Hampshire,2025,6,"Dengue virus infections, Dengue",,-
Rhode Island,2025,6,"Dengue virus infections, Dengue",,-
Vermont,2025,6,"Dengue virus infections, Dengue",,-
Middle Atlantic,2025,6,"Dengue virus infections, Dengue",,-
New Jersey,2025,6,"Dengue virus infections, Dengue",,-
New York,2025,6,"Dengue virus infections, Dengue",,-
New York City,2025,6,"Dengue virus infections, Dengue",,-
Pennsylvania,2025,6,"Dengue virus infections, Dengue",,-
East North Central,2025,6,"Dengue virus infections, Dengue",,-
Illinois,2025,6,"Dengue virus infections, Dengue",,-
Indiana,2025,6,"Dengue virus infections, Dengue",,-
Michigan,2025,6,"Dengue virus infections, Dengue",,-
Ohio,2025,6,"Dengue virus infections, Dengue",,-
Wisconsin,2025,6,"Dengue virus infections, Dengue",,-
West North Central,2025,6,"Dengue virus infections, Dengue",,-
Iowa,2025,6,"Dengue virus infections, Dengue",,-
Kansas,2025,6,"Dengue virus infections, Dengue",,-
Minnesota,2025,6,"Dengue virus infections, Dengue",,-
Missouri,2025,6,"Dengue virus infections, Dengue",,-
Nebraska,2025,6,"Dengue virus infections, Dengue",,-
North Dakota,2025,6,"Dengue virus infections, Dengue",,-
South Dakota,2025,6,"Dengue virus infections, Dengue",,-
South Atlantic,2025,6,"Dengue virus infections, Dengue",5,
Delaware,2025,6,"Dengue virus infections, Dengue",1,
District of Columbia,2025,6,"Dengue virus infections, Dengue",,-
Florida,2025,6,"Dengue virus infections, Dengue",3,
Georgia,2025,6,"Dengue virus infections, Dengue",,-
Maryland,2025,6,"Dengue virus infections, Dengue",,-
North Carolina,2025,6,"Dengue virus infections, Dengue",,-
South Carolina,2025,6,"Dengue virus infections, Dengue",,-
Virginia,2025,6,"Dengue virus infections, Dengue",1,
West Virginia,2025,6,"Dengue virus infections, Dengue",,-
East South Central,2025,6,"Dengue virus infections, Dengue",,-
Alabama,2025,6,"Dengue virus infections, Dengue",,-
Kentucky,2025,6,"Dengue virus infections, Dengue",,-
Mississippi,2025,6,"Dengue virus infections, Dengue",,-
Tennessee,2025,6,"Dengue virus infections, Dengue",,-
West South Central,2025,6,"Dengue virus infections, Dengue",,-
Arkansas,2025,6,"Dengue virus infections, Dengue",,-
Louisiana,2025,6,"Dengue virus infections, Dengue",,-
Oklahoma,2025,6,"Dengue virus infections, Dengue",,-
Texas,2025,6,"Dengue virus infections, Dengue",,-
Mountain,2025,6,"Dengue virus infections, Dengue",1,
Arizona,2025,6,"Dengue virus infections, Dengue",1,
Colorado,2025,6,"Dengue virus infections, Dengue",,-
Idaho,2025,6,"Dengue virus infections, Dengue",,-
Montana,2025,6,"Dengue virus infections, Dengue",,-
Nevada,2025,6,"Dengue virus infections, Dengue",,-
New Mexico,2025,6,"Dengue virus infections, Dengue",,-
Utah,2025,6,"Dengue virus infections, Dengue",,-
Wyoming,2025,6,"Dengue virus infections, Dengue",,-
Pacific,2025,6,"Dengue virus infections, Dengue",,-
Alaska,2025,6,"Dengue virus infections, Dengue",,-
California,2025,6,"Dengue virus infections, Dengue",,-
Hawaii,2025,6,"Dengue virus infections, Dengue",,-
Oregon,2025,6,"Dengue virus infections, Dengue",,-
Washington,2025,6,"Dengue virus infections, Dengue",,-
U.S. Territories,2025,6,"Dengue virus infections, Dengue",,-
American Samoa,2025,6,"Dengue virus infections, Dengue",,-
Commonwealth of Northern Mariana Islands,2025,6,"Dengue virus infections, Dengue",,-
Guam,2025,6,"Dengue virus infections, Dengue",,-
Puerto Rico,2025,6,"Dengue virus infections, Dengue",,-
U.S. Virgin Islands,2025,6,"Dengue virus infections, Dengue",,-
Non-U.S. Residents,2025,6,"Dengue virus infections, Dengue",,-
Total,2025,6,"Dengue virus infections, Dengue",6,
U.S. Residents,2025,7,"Dengue virus infections, Dengue",3,
New England,2025,7,"Dengue virus infections, Dengue",,-
Connecticut,2025,7,"Dengue virus infections, Dengue",,-
Maine,2025,7,"Dengue virus infections, Dengue",,-
Massachusetts,2025,7,"Dengue virus infections, Dengue",,-
New Hampshire,2025,7,"Dengue virus infections, Dengue",,-
Rhode Island,2025,7,"Dengue virus infections, Dengue",,-
Vermont,2025,7,"Dengue virus infections, Dengue",,-
Middle Atlantic,2025,7,"Dengue virus infections, Dengue",1,
New Jersey,2025,7,"Dengue virus infections, Dengue",,-
New York,2025,7,"Dengue virus infections, Dengue",1,
New York City,2025,7,"Dengue virus infections, Dengue",,-
Pennsylvania,2025,7,"Dengue virus infections, Dengue",,-
East North Central,2025,7,"Dengue virus infections, Dengue",,-
Illinois,2025,7,"Dengue virus infections, Dengue",,-
Indiana,2025,7,"Dengue virus infections, Dengue",,-
Michigan,2025,7,"Dengue virus infections, Dengue",,-
Ohio,2025,7,"Dengue virus infections, Dengue",,-
Wisconsin,2025,7,"Dengue virus infections, Dengue",,-
West North Central,2025,7,"Dengue virus infections, Dengue",,-
Iowa,2025,7,"Dengue virus infections, Dengue",,-
Kansas,2025,7,"Dengue virus infections, Dengue",,-
Minnesota,2025,7,"Dengue virus infections, Dengue",,-
Missouri,2025,7,"Dengue virus infections, Dengue",,-
Nebraska,2025,7,"Dengue virus infections, Dengue",,-
North Dakota,2025,7,"Dengue virus infections, Dengue",,-
South Dakota,2025,7,"Dengue virus infections, Dengue",,-
South Atlantic,2025,7,"Dengue virus infections, Dengue",2,
Delaware,2025,7,"Dengue virus infections, Dengue",,-
District of Columbia,2025,7,"Dengue virus infections, Dengue",,-
Florida,2025,7,"Dengue virus infections, Dengue",2,
Georgia,2025,7,"Dengue virus infections, Dengue",,-
Maryland,2025,7,"Dengue virus infections, Dengue",,-
North Carolina,2025,7,"Dengue virus infections, Dengue",,-
South Carolina,2025,7,"Dengue virus infections, Dengue",,-
Virginia,2025,7,"Dengue virus infections, Dengue",,-
West Virginia,2025,7,"Dengue virus infections, Dengue",,-
East South Central,2025,7,"Dengue virus infections, Dengue",,-
Alabama,2025,7,"Dengue virus infections, Dengue",,-
Kentucky,2025,7,"Dengue virus infections, Dengue",,-
Mississippi,2025,7,"Dengue virus infections, Dengue",,-
Tennessee,2025,7,"Dengue virus infections, Dengue",,-
West South Central,2025,7,"Dengue virus infections, Dengue",,-
Arkansas,2025,7,"Dengue virus infections, Dengue",,-
Louisiana,2025,7,"Dengue virus infections, Dengue",,-
Oklahoma,2025,7,"Dengue virus infections, Dengue",,-
Texas,2025,7,"Dengue virus infections, Dengue",,-
Mountain,2025,7,"Dengue virus infections, Dengue",,-
Arizona,2025,7,"Dengue virus infections, Dengue",,-
Colorado,2025,7,"Dengue virus infections, Dengue",,-
Idaho,2025,7,"Dengue virus infections, Dengue",,-
Montana,2025,7,"Dengue virus infections, Dengue",,-
Nevada,2025,7,"Dengue virus infections, Dengue",,-
New Mexico,2025,7,"Dengue virus infections, Dengue",,-
Utah,2025,7,"Dengue virus infections, Dengue",,-
Wyoming,2025,7,"Dengue virus infections, Dengue",,-
Pacific,2025,7,"Dengue virus infections, Dengue",,-
Alaska,2025,7,"Dengue virus infections, Dengue",,-
California,2025,7,"Dengue virus infections, Dengue",,-
Hawaii,2025,7,"Dengue virus infections, Dengue",,-
Oregon,2025,7,"Dengue virus infections, Dengue",,-
Washington,2025,7,"Dengue virus infections, Dengue",,-
U.S. Territories,2025,7,"Dengue virus infections, Dengue",,-
American Samoa,2025,7,"Dengue virus infections, Dengue",,-
Commonwealth of Northern Mariana Islands,2025,7,"Dengue virus infections, Dengue",,-
Guam,2025,7,"Dengue virus infections, Dengue",,-
Puerto Rico,2025,7,"Dengue virus infections, Dengue",,-
U.S. Virgin Islands,2025,7,"Dengue virus infections, Dengue",,-
Non-U.S. Residents,2025,7,"Dengue virus infections, Dengue",,-
Total,2025,7,"Dengue virus infections, Dengue",3,
U.S. Residents,2025,8,"Dengue virus infections, Dengue",1,
New England,2025,8,"Dengue virus infections, Dengue",,-
Connecticut,2025,8,"Dengue virus infections, Dengue",,-
Maine,2025,8,"Dengue virus infections, Dengue",,-
Massachusetts,2025,8,"Dengue virus infections, Dengue",,-
New Hampshire,2025,8,"Dengue virus infections, Dengue",,-
Rhode Island,2025,8,"Dengue virus infections, Dengue",,-
Vermont,2025,8,"Dengue virus infections, Dengue",,-
Middle Atlantic,2025,8,"Dengue virus infections, Dengue",,-
New Jersey,2025,8,"Dengue virus infections, Dengue",,-
New York,2025,8,"Dengue virus infections, Dengue",,-
New York City,2025,8,"Dengue virus infections, Dengue",,-
Pennsylvania,2025,8,"Dengue virus infections, Dengue",,-
East North Central,2025,8,"Dengue virus infections, Dengue",,-
Illinois,2025,8,"Dengue virus infections, Dengue",,-
Indiana,2025,8,"Dengue virus infections, Dengue",,-
Michigan,2025,8,"Dengue virus infections, Dengue",,-
Ohio,2025,8,"Dengue virus infections, Dengue",,-
Wisconsin,2025,8,"Dengue virus infections, Dengue",,-
West North Central,2025,8,"Dengue virus infections, Dengue",,-
Iowa,2025,8,"Dengue virus infections, Dengue",,-
Kansas,2025,8,"Dengue virus infections, Dengue",,-
Minnesota,2025,8,"Dengue virus infections, Dengue",,-
Missouri,2025,8,"Dengue virus infections, Dengue",,-
Nebraska,2025,8,"Dengue virus infections, Dengue",,-
North Dakota,2025,8,"Dengue virus infections, Dengue",,-
South Dakota,2025,8,"Dengue virus infections, Dengue",,-
South Atlantic,2025,8,"Dengue virus infections, Dengue",,-
Delaware,2025,8,"Dengue virus infections, Dengue",,-
District of Columbia,2025,8,"Dengue virus infections, Dengue",,-
Florida,2025,8,"Dengue virus infections, Dengue",,-
Georgia,2025,8,"Dengue virus infections, Dengue",,-
Maryland,2025,8,"Dengue virus infections, Dengue",,-
North Carolina,2025,8,"Dengue virus infections, Dengue",,-
South Carolina,2025,8,"Dengue virus infections, Dengue",,-
Virginia,2025,8,"Dengue virus infections, Dengue",,-
West Virginia,2025,8,"Dengue virus infections, Dengue",,-
East South Central,2025,8,"Dengue virus infections, Dengue",,-
Alabama,2025,8,"Dengue virus infections, Dengue",,-
Kentucky,2025,8,"Dengue virus infections, Dengue",,-
Mississippi,2025,8,"Dengue virus infections, Dengue",,-
Tennessee,2025,8,"Dengue virus infections, Dengue",,-
West South Central,2025,8,"Dengue virus infections, Dengue",,-
Arkansas,2025,8,"Dengue virus infections, Dengue",,-
Louisiana,2025,8,"Dengue virus infections, Dengue",,-
Oklahoma,2025,8,"Dengue virus infections, Dengue",,-
Texas,2025,8,"Dengue virus infections, Dengue",,-
Mountain,2025,8,"Dengue virus infections, Dengue",,-
Arizona,2025,8,"Dengue virus infections, Dengue",,-
Colorado,2025,8,"Dengue virus infections, Dengue",,-
Idaho,2025,8,"Dengue virus infections, Dengue",,-
Montana,2025,8,"Dengue virus infections, Dengue",,-
Nevada,2025,8,"Dengue virus infections, Dengue",,-
New Mexico,2025,8,"Dengue virus infections, Dengue",,-
Utah,2025,8,"Dengue virus infections, Dengue",,-
Wyoming,2025,8,"Dengue virus infections, Dengue",,-
Pacific,2025,8,"Dengue virus infections, Dengue",1,
Alaska,2025,8,"Dengue virus infections, Dengue",,-
California,2025,8,"Dengue virus infections, Dengue",,-
Hawaii,2025,8,"Dengue virus infections, Dengue",1,
Oregon,2025,8,"Dengue virus infections, Dengue",,-
Washington,2025,8,"Dengue virus infections, Dengue",,-
U.S. Territories,2025,8,"Dengue virus infections, Dengue",,-
American Samoa,2025,8,"Dengue virus infections, Dengue",,-
Commonwealth of Northern Mariana Islands,2025,8,"Dengue virus infections, Dengue",,-
Guam,2025,8,"Dengue virus infections, Dengue",,-
Puerto Rico,2025,8,"Dengue virus infections, Dengue",,-
U.S. Virgin Islands,2025,8,"Dengue virus infections, Dengue",,-
Non-U.S. Residents,2025,8,"Dengue virus infections, Dengue",,-
Total,2025,8,"Dengue virus infections, Dengue",1,
U.S. Residents,2025,9,"Dengue virus infections, Dengue",6,
New England,2025,9,"Dengue virus infections, Dengue",,-
Connecticut,2025,9,"Dengue virus infections, Dengue",,-
Maine,2025,9,"Dengue virus infections, Dengue",,-
Massachusetts,2025,9,"Dengue virus infections, Dengue",,-
New Hampshire,2025,9,"Dengue virus infections, Dengue",,-
Rhode Island,2025,9,"Dengue virus infections, Dengue",,-
Vermont,2025,9,"Dengue virus infections, Dengue",,-
Middle Atlantic,2025,9,"Dengue virus infections, Dengue",,-
New Jersey,2025,9,"Dengue virus infections, Dengue",,-
New York,2025,9,"Dengue virus infections, Dengue",,-
New York City,2025,9,"Dengue virus infections, Dengue",,-
Pennsylvania,2025,9,"Dengue virus infections, Dengue",,-
East North Central,2025,9,"Dengue virus infections, Dengue",,-
Illinois,2025,9,"Dengue virus infections, Dengue",,-
Indiana,2025,9,"Dengue virus infections, Dengue",,-
Michigan,2025,9,"Dengue virus infections, Dengue",,-
Ohio,2025,9,"Dengue virus infections, Dengue",,-
Wisconsin,2025,9,"Dengue virus infections, Dengue",,-
West North Central,2025,9,"Dengue virus infections, Dengue",,-
Iowa,2025,9,"Dengue virus infections, Dengue",,-
Kansas,2025,9,"Dengue virus infections, Dengue",,-
Minnesota,2025,9,"Dengue virus infections, Dengue",,-
Missouri,2025,9,"Dengue virus infections, Dengue",,-
Nebraska,2025,9,"Dengue virus infections, Dengue",,-
North Dakota,2025,9,"Dengue virus infections, Dengue",,-
South Dakota,2025,9,"Dengue virus infections, Dengue",,-
South Atlantic,2025,9,"Dengue virus infections, Dengue",5,
Delaware,2025,9,"Dengue virus infections, Dengue",,-
District of Columbia,2025,9,"Dengue virus infections, Dengue",,-
Florida,2025,9,"Dengue virus infections, Dengue",5,
Georgia,2025,9,"Dengue virus infections, Dengue",,-
Maryland,2025,9,"Dengue virus infections, Dengue",,-
North Carolina,2025,9,"Dengue virus infections, Dengue",,-
South Carolina,2025,9,"Dengue virus infections, Dengue",,-
Virginia,2025,9,"Dengue virus infections, Dengue",,-
West Virginia,2025,9,"Dengue virus infections, Dengue",,-
East South Central,2025,9,"Dengue virus infections, Dengue",,-
Alabama,2025,9,"Dengue virus infections, Dengue",,-
Kentucky,2025,9,"Dengue virus infections, Dengue",,-
Mississippi,2025,9,"Dengue virus infections, Dengue",,-
Tennessee,2025,9,"Dengue virus infections, Dengue",,-
West South Central,2025,9,"Dengue virus infections, Dengue",,-
Arkansas,2025,9,"Dengue virus infections, Dengue",,-
Louisiana,2025,9,"Dengue virus infections, Dengue",,-
Oklahoma,2025,9,"Dengue virus infections, Dengue",,-
Texas,2025,9,"Dengue virus infections, Dengue",,-
Mountain,2025,9,"Dengue virus infections, Dengue",1,
Arizona,2025,9,"Dengue virus infections, Dengue",,-
Colorado,2025,9,"Dengue virus infections, Dengue",,-
Idaho,2025,9,"Dengue virus infections, Dengue",1,
Montana,2025,9,"Dengue virus infections, Dengue",,-
Nevada,2025,9,"Dengue virus infections, Dengue",,-
New Mexico,2025,9,"Dengue virus infections, Dengue",,-
Utah,2025,9,"Dengue virus infections, Dengue",,-
Wyoming,2025,9,"Dengue virus infections, Dengue",,-
Pacific,2025,9,"Dengue virus infections, Dengue",,-
Alaska,2025,9,"Dengue virus infections, Dengue",,-
California,2025,9,"Dengue virus infections, Dengue",,-
Hawaii,2025,9,"Dengue virus infections, Dengue",,-
Oregon,2025,9,"Dengue virus infections, Dengue",,-
Washington,2025,9,"Dengue virus infections, Dengue",,-
U.S. Territories,2025,9,"Dengue virus infections, Dengue",1,
American Samoa,2025,9,"Dengue virus infections, Dengue",,-
Commonwealth of Northern Mariana Islands,2025,9,"Dengue virus infections, Dengue",,-
Guam,2025,9,"Dengue virus infections, Dengue",,-
Puerto Rico,2025,9,"Dengue virus infections, Dengue",,-
U.S. Virgin Islands,2025,9,"Dengue virus infections, Dengue",1,
Non-U.S. Residents,2025,9,"Dengue virus infections, Dengue",,-
Total,2025,9,"Dengue virus infections, Dengue",7,
U.S. Residents,2025,10,"Dengue virus infections, Dengue",,-
New England,2025,10,"Dengue virus infections, Dengue",,-
Connecticut,2025,10,"Dengue virus infections, Dengue",,-
Maine,2025,10,"Dengue virus infections, Dengue",,-
Massachusetts,2025,10,"Dengue virus infections, Dengue",,-
New Hampshire,2025,10,"Dengue virus infections, Dengue",,-
Rhode Island,2025,10,"Dengue virus infections, Dengue",,-
Vermont,2025,10,"Dengue virus infections, Dengue",,-
Middle Atlantic,2025,10,"Dengue virus infections, Dengue",,-
New Jersey,2025,10,"Dengue virus infections, Dengue",,-
New York,2025,10,"Dengue virus infections, Dengue",,-
New York City,2025,10,"Dengue virus infections, Dengue",,-
Pennsylvania,2025,10,"Dengue virus infections, Dengue",,-
East North Central,2025,10,"Dengue virus infections, Dengue",,-
Illinois,2025,10,"Dengue virus infections, Dengue",,-
Indiana,2025,10,"Dengue virus infections, Dengue",,-
Michigan,2025,10,"Dengue virus infections, Dengue",,-
Ohio,2025,10,"Dengue virus infections, Dengue",,-
Wisconsin,2025,10,"Dengue virus infections, Dengue",,-
West North Central,2025,10,"Dengue virus infections, Dengue",,-
Iowa,2025,10,"Dengue virus infections, Dengue",,-
Kansas,2025,10,"Dengue virus infections, Dengue",,-
Minnesota,2025,10,"Dengue virus infections, Dengue",,-
Missouri,2025,10,"Dengue virus infections, Dengue",,-
Nebraska,2025,10,"Dengue virus infections, Dengue",,-
North Dakota,2025,10,"Dengue virus infections, Dengue",,-
South Dakota,2025,10,"Dengue virus infections, Dengue",,-
South Atlantic,2025,10,"Dengue virus infections, Dengue",,-
Delaware,2025,10,"Dengue virus infections, Dengue",,-
District of Columbia,2025,10,"Dengue virus infections, Dengue",,-
Florida,2025,10,"Dengue virus infections, Dengue",,-
Georgia,2025,10,"Dengue virus infections, Dengue",,-
Maryland,2025,10,"Dengue virus infections, Dengue",,-
North Carolina,2025,10,"Dengue virus infections, Dengue",,-
South Carolina,2025,10,"Dengue virus infections, Dengue",,-
Virginia,2025,10,"Dengue virus infections, Dengue",,-
West Virginia,2025,10,"Dengue virus infections, Dengue",,-
East South Central,2025,10,"Dengue virus infections, Dengue",,-
Alabama,2025,10,"Dengue virus infections, Dengue",,-
Kentucky,2025,10,"Dengue virus infections, Dengue",,-
Mississippi,2025,10,"Dengue virus infections, Dengue",,-
Tennessee,2025,10,"Dengue virus infections, Dengue",,-
West South Central,2025,10,"Dengue virus infections, Dengue",,-
Arkansas,2025,10,"Dengue virus infections, Dengue",,-
Louisiana,2025,10,"Dengue virus infections, Dengue",,-
Oklahoma,2025,10,"Dengue virus infections, Dengue",,-
Texas,2025,10,"Dengue virus infections, Dengue",,-
Mountain,2025,10,"Dengue virus infections, Dengue",,-
Arizona,2025,10,"Dengue virus infections, Dengue",,-
Colorado,2025,10,"Dengue virus infections, Dengue",,-
Idaho,2025,10,"Dengue virus infections, Dengue",,-
Montana,2025,10,"Dengue virus infections, Dengue",,-
Nevada,2025,10,"Dengue virus infections, Dengue",,-
New Mexico,2025,10,"Dengue virus infections, Dengue",,-
Utah,2025,10,"Dengue virus infections, Dengue",,-
Wyoming,2025,10,"Dengue virus infections, Dengue",,-
Pacific,2025,10,"Dengue virus infections, Dengue",,-
Alaska,2025,10,"Dengue virus infections, Dengue",,-
California,2025,10,"Dengue virus infections, Dengue",,-
Hawaii,2025,10,"Dengue virus infections, Dengue",,-
Oregon,2025,10,"Dengue virus infections, Dengue",,-
Washington,2025,10,"Dengue virus infections, Dengue",,-
U.S. Territories,2025,10,"Dengue virus infections, Dengue",,-
American Samoa,2025,10,"Dengue virus infections, Dengue",,-
Commonwealth of Northern Mariana Islands,2025,10,"Dengue virus infections, Dengue",,-
Guam,2025,10,"Dengue virus infections, Dengue",,-
Puerto Rico,2025,10,"Dengue virus infections, Dengue",,-
U.S. Virgin Islands,2025,10,"Dengue virus infections, Dengue",,-
Non-U.S. Residents,2025,10,"Dengue virus infections, Dengue",,-
Total,2025,10,"Dengue virus infections, Dengue",,-
U.S. Residents,2025,11,"Dengue virus infections, Dengue",,-
New England,2025,11,"Dengue virus infections, Dengue",,-
Connecticut,2025,11,"Dengue virus infections, Dengue",,-
Maine,2025,11,"Dengue virus infections, Dengue",,-
Massachusetts,2025,11,"Dengue virus infections, Dengue",,-
New Hampshire,2025,11,"Dengue virus infections, Dengue",,-
Rhode Island,2025,11,"Dengue virus infections, Dengue",,-
Vermont,2025,11,"Dengue virus infections, Dengue",,-
Middle Atlantic,2025,11,"Dengue virus infections, Dengue",,-
New Jersey,2025,11,"Dengue virus infections, Dengue",,-
New York,2025,11,"Dengue virus infections, Dengue",,-
New York City,2025,11,"Dengue virus infections, Dengue",,-
Pennsylvania,2025,11,"Dengue virus infections, Dengue",,-
East North Central,2025,11,"Dengue virus infections, Dengue",,-
Illinois,2025,11,"Dengue virus infections, Dengue",,-
Indiana,2025,11,"Dengue virus infections, Dengue",,-
Michigan,2025,11,"Dengue virus infections, Dengue",,-
Ohio,2025,11,"Dengue virus infections, Dengue",,-
Wisconsin,2025,11,"Dengue virus infections, Dengue",,-
West North Central,2025,11,"Dengue virus infections, Dengue",,-
Iowa,2025,11,"Dengue virus infections, Dengue",,-
Kansas,2025,11,"Dengue virus infections, Dengue",,-
Minnesota,2025,11,"Dengue virus infections, Dengue",,-
Missouri,2025,11,"Dengue virus infections, Dengue",,-
Nebraska,2025,11,"Dengue virus infections, Dengue",,-
North Dakota,2025,11,"Dengue virus infections, Dengue",,-
South Dakota,2025,11,"Dengue virus infections, Dengue",,-
South Atlantic,2025,11,"Dengue virus infections, Dengue",,-
Delaware,2025,11,"Dengue virus infections, Dengue",,-
District of Columbia,2025,11,"Dengue virus infections, Dengue",,-
Florida,2025,11,"Dengue virus infections, Dengue",,-
Georgia,2025,11,"Dengue virus infections, Dengue",,-
Maryland,2025,11,"Dengue virus infections, Dengue",,-
North Carolina,2025,11,"Dengue virus infections, Dengue",,-
South Carolina,2025,11,"Dengue virus infections, Dengue",,-
Virginia,2025,11,"Dengue virus infections, Dengue",,-
West Virginia,2025,11,"Dengue virus infections, Dengue",,-
East South Central,2025,11,"Dengue virus infections, Dengue",,-
Alabama,2025,11,"Dengue virus infections, Dengue",,-
Kentucky,2025,11,"Dengue virus infections, Dengue",,-
Mississippi,2025,11,"Dengue virus infections, Dengue",,-
Tennessee,2025,11,"Dengue virus infections, Dengue",,-
West South Central,2025,11,"Dengue virus infections, Dengue",,-
Arkansas,2025,11,"Dengue virus infections, Dengue",,-
Louisiana,2025,11,"Dengue virus infections, Dengue",,-
Oklahoma,2025,11,"Dengue virus infections, Dengue",,-
Texas,2025,11,"Dengue virus infections, Dengue",,-
Mountain,2025,11,"Dengue virus infections, Dengue",,-
Arizona,2025,11,"Dengue virus infections, Dengue",,-
Colorado,2025,11,"Dengue virus infections, Dengue",,-
Idaho,2025,11,"Dengue virus infections, Dengue",,-
Montana,2025,11,"Dengue virus infections, Dengue",,-
Nevada,2025,11,"Dengue virus infections, Dengue",,-
New Mexico,2025,11,"Dengue virus infections, Dengue",,-
Utah,2025,11,"Dengue virus infections, Dengue",,-
Wyoming,2025,11,"Dengue virus infections, Dengue",,-
Pacific,2025,11,"Dengue virus infections, Dengue",,-
Alaska,2025,11,"Dengue virus infections, Dengue",,-
California,2025,11,"Dengue virus infections, Dengue",,-
Hawaii,2025,11,"Dengue virus infections, Dengue",,-
Oregon,2025,11,"Dengue virus infections, Dengue",,-
Washington,2025,11,"Dengue virus infections, Dengue",,-
U.S. Territories,2025,11,"Dengue virus infections, Dengue",2,
American Samoa,2025,11,"Dengue virus infections, Dengue",,-
Commonwealth of Northern Mariana Islands,2025,11,"Dengue virus infections, Dengue",,-
Guam,2025,11,"Dengue virus infections, Dengue",,-
Puerto Rico,2025,11,"Dengue virus infections, Dengue",,-
U.S. Virgin Islands,2025,11,"Dengue virus infections, Dengue",2,
Non-U.S. Residents,2025,11,"Dengue virus infections, Dengue",,-
Total,2025,11,"Dengue virus infections, Dengue",2,
U.S. Residents,2025,12,"Dengue virus infections, Dengue",,-
New England,2025,12,"Dengue virus infections, Dengue",,-
Connecticut,2025,12,"Dengue virus infections, Dengue",,-
Maine,2025,12,"Dengue virus infections, Dengue",,-
Massachusetts,2025,12,"Dengue virus infections, Dengue",,-
New Hampshire,2025,12,"Dengue virus infections, Dengue",,-
Rhode Island,2025,12,"Dengue virus infections, Dengue",,-
Vermont,2025,12,"Dengue virus infections, Dengue",,-
Middle Atlantic,2025,12,"Dengue virus infections, Dengue",,-
New Jersey,2025,12,"Dengue virus infections, Dengue",,-
New York,2025,12,"Dengue virus infections, Dengue",,-
New York City,2025,12,"Dengue virus infections, Dengue",,-
Pennsylvania,2025,12,"Dengue virus infections, Dengue",,-
East North Central,2025,12,"Dengue virus infections, Dengue",,-
Illinois,2025,12,"Dengue virus infections, Dengue",,-
Indiana,2025,12,"Dengue virus infections, Dengue",,-
Michigan,2025,12,"Dengue virus infections, Dengue",,-
Ohio,2025,12,"Dengue virus infections, Dengue",,-
Wisconsin,2025,12,"Dengue virus infections, Dengue",,-
West North Central,2025,12,"Dengue virus infections, Dengue",,-
Iowa,2025,12,"Dengue virus infections, Dengue",,-
Kansas,2025,12,"Dengue virus infections, Dengue",,-
Minnesota,2025,12,"Dengue virus infections, Dengue",,-
Missouri,2025,12,"Dengue virus infections, Dengue",,-
Nebraska,2025,12,"Dengue virus infections, Dengue",,-
North Dakota,2025,12,"Dengue virus infections, Dengue",,-
South Dakota,2025,12,"Dengue virus infections, Dengue",,-
South Atlantic,2025,12,"Dengue virus infections, Dengue",,-
Delaware,2025,12,"Dengue virus infections, Dengue",,-
District of Columbia,2025,12,"Dengue virus infections, Dengue",,-
Florida,2025,12,"Dengue virus infections, Dengue",,-
Georgia,2025,12,"Dengue virus infections, Dengue",,-
Maryland,2025,12,"Dengue virus infections, Dengue",,-
North Carolina,2025,12,"Dengue virus infections, Dengue",,-
South Carolina,2025,12,"Dengue virus infections, Dengue",,-
Virginia,2025,12,"Dengue virus infections, Dengue",,-
West Virginia,2025,12,"Dengue virus infections, Dengue",,-
East South Central,2025,12,"Dengue virus infections, Dengue",,-
Alabama,2025,12,"Dengue virus infections, Dengue",,-
Kentucky,2025,12,"Dengue virus infections, Dengue",,-
Mississippi,2025,12,"Dengue virus infections, Dengue",,-
Tennessee,2025,12,"Dengue virus infections, Dengue",,-
West South Central,2025,12,"Dengue virus infections, Dengue",,-
Arkansas,2025,12,"Dengue virus infections, Dengue",,-
Louisiana,2025,12,"Dengue virus infections, Dengue",,-
Oklahoma,2025,12,"Dengue virus infections, Dengue",,-
Texas,2025,12,"Dengue virus infections, Dengue",,-
Mountain,2025,12,"Dengue virus infections, Dengue",,-
Arizona,2025,12,"Dengue virus infections, Dengue",,-
Colorado,2025,12,"Dengue virus infections, Dengue",,-
Idaho,2025,12,"Dengue virus infections, Dengue",,-
Montana,2025,12,"Dengue virus infections, Dengue",,-
Nevada,2025,12,"Dengue virus infections, Dengue",,-
New Mexico,2025,12,"Dengue virus infections, Dengue",,-
Utah,2025,12,"Dengue virus infections, Dengue",,-
Wyoming,2025,12,"Dengue virus infections, Dengue",,-
Pacific,2025,12,"Dengue virus infections, Dengue",,-
Alaska,2025,12,"Dengue virus infections, Dengue",,-
California,2025,12,"Dengue virus infections, Dengue",,-
Hawaii,2025,12,"Dengue virus infections, Dengue",,-
Oregon,2025,12,"Dengue virus infections, Dengue",,-
Washington,2025,12,"Dengue virus infections, Dengue",,-
U.S. Territories,2025,12,"Dengue virus infections, Dengue",,-
American Samoa,2025,12,"Dengue virus infections, Dengue",,-
Commonwealth of Northern Mariana Islands,2025,12,"Dengue virus infections, Dengue",,-
Guam,2025,12,"Dengue virus infections, Dengue",,-
Puerto Rico,2025,12,"Dengue virus infections, Dengue",,-
U.S. Virgin Islands,2025,12,"Dengue virus infections, Dengue",,-
Non-U.S. Residents,2025,12,"Dengue virus infections, Dengue",,-
Total,2025,12,"Dengue virus infections, Dengue",,-
U.S. Residents,2025,13,"Dengue virus infections, Dengue",3,
New England,2025,13,"Dengue virus infections, Dengue",,-
Connecticut,2025,13,"Dengue virus infections, Dengue",,-
Maine,2025,13,"Dengue virus infections, Dengue",,-
Massachusetts,2025,13,"Dengue virus infections, Dengue",,-
New Hampshire,2025,13,"Dengue virus infections, Dengue",,-
Rhode Island,2025,13,"Dengue virus infections, Dengue",,-
Vermont,2025,13,"Dengue virus infections, Dengue",,-
Middle Atlantic,2025,13,"Dengue virus infections, Dengue",1,
New Jersey,2025,13,"Dengue virus infections, Dengue",,-
New York,2025,13,"Dengue virus infections, Dengue",1,
New York City,2025,13,"Dengue virus infections, Dengue",,-
Pennsylvania,2025,13,"Dengue virus infections, Dengue",,-
East North Central,2025,13,"Dengue virus infections, Dengue",,-
Illinois,2025,13,"Dengue virus infections, Dengue",,-
Indiana,2025,13,"Dengue virus infections, Dengue",,-
Michigan,2025,13,"Dengue virus infections, Dengue",,-
Ohio,2025,13,"Dengue virus infections, Dengue",,-
Wisconsin,2025,13,"Dengue virus infections, Dengue",,-
West North Central,2025,13,"Dengue virus infections, Dengue",,-
Iowa,2025,13,"Dengue virus infections, Dengue",,-
Kansas,2025,13,"Dengue virus infections, Dengue",,-
Minnesota,2025,13,"Dengue virus infections, Dengue",,-
Missouri,2025,13,"Dengue virus infections, Dengue",,-
Nebraska,2025,13,"Dengue virus infections, Dengue",,-
North Dakota,2025,13,"Dengue virus infections, Dengue",,-
South Dakota,2025,13,"Dengue virus infections, Dengue",,-
South Atlantic,2025,13,"Dengue virus infections, Dengue",2,
Delaware,2025,13,"Dengue virus infections, Dengue",,-
District of Columbia,2025,13,"Dengue virus infections, Dengue",,-
Florida,2025,13,"Dengue virus infections, Dengue",2,
Georgia,2025,13,"Dengue virus infections, Dengue",,-
Maryland,2025,13,"Dengue virus infections, Dengue",,-
North Carolina,2025,13,"Dengue virus infections, Dengue",,-
South Carolina,2025,13,"Dengue virus infections, Dengue",,-
Virginia,2025,13,"Dengue virus infections, Dengue",,-
West Virginia,2025,13,"Dengue virus infections, Dengue",,-
East South Central,2025,13,"Dengue virus infections, Dengue",,-
Alabama,2025,13,"Dengue virus infections, Dengue",,-
Kentucky,2025,13,"Dengue virus infections, Dengue",,-
Mississippi,2025,13,"Dengue virus infections, Dengue",,-
Tennessee,2025,13,"Dengue virus infections, Dengue",,-
West South Central,2025,13,"Dengue virus infections, Dengue",,-
Arkansas,2025,13,"Dengue virus infections, Dengue",,-
Louisiana,2025,13,"Dengue virus infections, Dengue",,-
Oklahoma,2025,13,"Dengue virus infections, Dengue",,-
Texas,2025,13,"Dengue virus infections, Dengue",,-
Mountain,2025,13,"Dengue virus infections, Dengue",,-
Arizona,2025,13,"Dengue virus infections, Dengue",,-
Colorado,2025,13,"Dengue virus infections, Dengue",,-
Idaho,2025,13,"Dengue virus infections, Dengue",,-
Montana,2025,13,"Dengue virus infections, Dengue",,-
Nevada,2025,13,"Dengue virus infections, Dengue",,-
New Mexico,2025,13,"Dengue virus infections, Dengue",,-
Utah,2025,13,"Dengue virus infections, Dengue",,-
Wyoming,2025,13,"Dengue virus infections, Dengue",,-
Pacific,2025,13,"Dengue virus infections, Dengue",,-
Alaska,2025,13,"Dengue virus infections, Dengue",,-
California,2025,13,"Dengue virus infections, Dengue",,-
Hawaii,2025,13,"Dengue virus infections, Dengue",,-
Oregon,2025,13,"Dengue virus infections, Dengue",,-
Washington,2025,13,"Dengue virus infections, Dengue",,-
U.S. Territories,2025,13,"Dengue virus infections, Dengue",,-
American Samoa,2025,13,"Dengue virus infections, Dengue",,-
Commonwealth of Northern Mariana Islands,2025,13,"Dengue virus infections, Dengue",,-
Guam,2025,13,"Dengue virus infections, Dengue",,-
Puerto Rico,2025,13,"Dengue virus infections, Dengue",,-
U.S. Virgin Islands,2025,13,"Dengue virus infections, Dengue",,-
Non-U.S. Residents,2025,13,"Dengue virus infections, Dengue",,-
Total,2025,13,"Dengue virus infections, Dengue",3,
U.S. Residents,2025,14,"Dengue virus infections, Dengue",,-
New England,2025,14,"Dengue virus infections, Dengue",,-
Connecticut,2025,14,"Dengue virus infections, Dengue",,-
Maine,2025,14,"Dengue virus infections, Dengue",,-
Massachusetts,2025,14,"Dengue virus infections, Dengue",,-
New Hampshire,2025,14,"Dengue virus infections, Dengue",,-
Rhode Island,2025,14,"Dengue virus infections, Dengue",,-
Vermont,2025,14,"Dengue virus infections, Dengue",,-
Middle Atlantic,2025,14,"Dengue virus infections, Dengue",,-
New Jersey,2025,14,"Dengue virus infections, Dengue",,-
New York,2025,14,"Dengue virus infections, Dengue",,-
New York City,2025,14,"Dengue virus infections, Dengue",,-
Pennsylvania,2025,14,"Dengue virus infections, Dengue",,-
East North Central,2025,14,"Dengue virus infections, Dengue",,-
Illinois,2025,14,"Dengue virus infections, Dengue",,-
Indiana,2025,14,"Dengue virus infections, Dengue",,-
Michigan,2025,14,"Dengue virus infections, Dengue",,-
Ohio,2025,14,"Dengue virus infections, Dengue",,-
Wisconsin,2025,14,"Dengue virus infections, Dengue",,-
West North Central,2025,14,"Dengue virus infections, Dengue",,-
Iowa,2025,14,"Dengue virus infections, Dengue",,-
Kansas,2025,14,"Dengue virus infections, Dengue",,-
Minnesota,2025,14,"Dengue virus infections, Dengue",,-
Missouri,2025,14,"Dengue virus infections, Dengue",,-
Nebraska,2025,14,"Dengue virus infections, Dengue",,-
North Dakota,2025,14,"Dengue virus infections, Dengue",,-
South Dakota,2025,14,"Dengue virus infections, Dengue",,-
South Atlantic,2025,14,"Dengue virus infections, Dengue",,-
Delaware,2025,14,"Dengue virus infections, Dengue",,-
District of Columbia,2025,14,"Dengue virus infections, Dengue",,-
Florida,2025,14,"Dengue virus infections, Dengue",,-
Georgia,2025,14,"Dengue virus infections, Dengue",,-
Maryland,2025,14,"Dengue virus infections, Dengue",,-
North Carolina,2025,14,"Dengue virus infections, Dengue",,-
South Carolina,2025,14,"Dengue virus infections, Dengue",,-
Virginia,2025,14,"Dengue virus infections, Dengue",,-
West Virginia,2025,14,"Dengue virus infections, Dengue",,-
East South Central,2025,14,"Dengue virus infections, Dengue",,-
Alabama,2025,14,"Dengue virus infections, Dengue",,-
Kentucky,2025,14,"Dengue virus infections, Dengue",,-
Mississippi,2025,14,"Dengue virus infections, Dengue",,-
Tennessee,2025,14,"Dengue virus infections, Dengue",,-
West South Central,2025,14,"Dengue virus infections, Dengue",,-
Arkansas,2025,14,"Dengue virus infections, Dengue",,-
Louisiana,2025,14,"Dengue virus infections, Dengue",,-
Oklahoma,2025,14,"Dengue virus infections, Dengue",,-
Texas,2025,14,"Dengue virus infections, Dengue",,-
Mountain,2025,14,"Dengue virus infections, Dengue",,-
Arizona,2025,14,"Dengue virus infections, Dengue",,-
Colorado,2025,14,"Dengue virus infections, Dengue",,-
Idaho,2025,14,"Dengue virus infections, Dengue",,-
Montana,2025,14,"Dengue virus infections, Dengue",,-
Nevada,2025,14,"Dengue virus infections, Dengue",,-
New Mexico,2025,14,"Dengue virus infections, Dengue",,-
Utah,2025,14,"Dengue virus infections, Dengue",,-
Wyoming,2025,14,"Dengue virus infections, Dengue",,-
Pacific,2025,14,"Dengue virus infections, Dengue",,-
Alaska,2025,14,"Dengue virus infections, Dengue",,-
California,2025,14,"Dengue virus infections, Dengue",,-
Hawaii,2025,14,"Dengue virus infections, Dengue",,-
Oregon,2025,14,"Dengue virus infections, Dengue",,-
Washington,2025,14,"Dengue virus infections, Dengue",,-
U.S. Territories,2025,14,"Dengue virus infections, Dengue",,-
American Samoa,2025,14,"Dengue virus infections, Dengue",,-
Commonwealth of Northern Mariana Islands,2025,14,"Dengue virus infections, Dengue",,-
Guam,2025,14,"Dengue virus infections, Dengue",,-
Puerto Rico,2025,14,"Dengue virus infections, Dengue",,-
U.S. Virgin Islands,2025,14,"Dengue virus infections, Dengue",,-
Non-U.S. Residents,2025,14,"Dengue virus infections, Dengue",,-
Total,2025,14,"Dengue virus infections, Dengue",,-
U.S. Residents,2025,15,"Dengue virus infections, Dengue",1,
New England,2025,15,"Dengue virus infections, Dengue",,-
Connecticut,2025,15,"Dengue virus infections, Dengue",,-
Maine,2025,15,"Dengue virus infections, Dengue",,-
Massachusetts,2025,15,"Dengue virus infections, Dengue",,-
New Hampshire,2025,15,"Dengue virus infections, Dengue",,-
Rhode Island,2025,15,"Dengue virus infections, Dengue",,-
Vermont,2025,15,"Dengue virus infections, Dengue",,-
Middle Atlantic,2025,15,"Dengue virus infections, Dengue",,-
New Jersey,2025,15,"Dengue virus infections, Dengue",,-
New York,2025,15,"Dengue virus infections, Dengue",,-
New York City,2025,15,"Dengue virus infections, Dengue",,-
Pennsylvania,2025,15,"Dengue virus infections, Dengue",,-
East North Central,2025,15,"Dengue virus infections, Dengue",,-
Illinois,2025,15,"Dengue virus infections, Dengue",,-
Indiana,2025,15,"Dengue virus infections, Dengue",,-
Michigan,2025,15,"Dengue virus infections, Dengue",,-
Ohio,2025,15,"Dengue virus infections, Dengue",,-
Wisconsin,2025,15,"Dengue virus infections, Dengue",,-
West North Central,2025,15,"Dengue virus infections, Dengue",,-
Iowa,2025,15,"Dengue virus infections, Dengue",,-
Kansas,2025,15,"Dengue virus infections, Dengue",,-
Minnesota,2025,15,"Dengue virus infections, Dengue",,-
Missouri,2025,15,"Dengue virus infections, Dengue",,-
Nebraska,2025,15,"Dengue virus infections, Dengue",,-
North Dakota,2025,15,"Dengue virus infections, Dengue",,-
South Dakota,2025,15,"Dengue virus infections, Dengue",,-
South Atlantic,2025,15,"Dengue virus infections, Dengue",1,
Delaware,2025,15,"Dengue virus infections, Dengue",,-
District of Columbia,2025,15,"Dengue virus infections, Dengue",,-
Florida,2025,15,"Dengue virus infections, Dengue",1,
Georgia,2025,15,"Dengue virus infections, Dengue",,-
Maryland,2025,15,"Dengue virus infections, Dengue",,-
North Carolina,2025,15,"Dengue virus infections, Dengue",,-
South Carolina,2025,15,"Dengue virus infections, Dengue",,-
Virginia,2025,15,"Dengue virus infections, Dengue",,-
West Virginia,2025,15,"Dengue virus infections, Dengue",,-
East South Central,2025,15,"Dengue virus infections, Dengue",,-
Alabama,2025,15,"Dengue virus infections, Dengue",,-
Kentucky,2025,15,"Dengue virus infections, Dengue",,-
Mississippi,2025,15,"Dengue virus infections, Dengue",,-
Tennessee,2025,15,"Dengue virus infections, Dengue",,-
West South Central,2025,15,"Dengue virus infections, Dengue",,-
Arkansas,2025,15,"Dengue virus infections, Dengue",,-
Louisiana,2025,15,"Dengue virus infections, Dengue",,-
Oklahoma,2025,15,"Dengue virus infections, Dengue",,-
Texas,2025,15,"Dengue virus infections, Dengue",,-
Mountain,2025,15,"Dengue virus infections, Dengue",,-
Arizona,2025,15,"Dengue virus infections, Dengue",,-
Colorado,2025,15,"Dengue virus infections, Dengue",,-
Idaho,2025,15,"Dengue virus infections, Dengue",,-
Montana,2025,15,"Dengue virus infections, Dengue",,-
Nevada,2025,15,"Dengue virus infections, Dengue",,-
New Mexico,2025,15,"Dengue virus infections, Dengue",,-
Utah,2025,15,"Dengue virus infections, Dengue",,-
Wyoming,2025,15,"Dengue virus infections, Dengue",,-
Pacific,2025,15,"Dengue virus infections, Dengue",,-
Alaska,2025,15,"Dengue virus infections, Dengue",,-
California,2025,15,"Dengue virus infections, Dengue",,-
Hawaii,2025,15,"Dengue virus infections, Dengue",,-
Oregon,2025,15,"Dengue virus infections, Dengue",,-
Washington,2025,15,"Dengue virus infections, Dengue",,-
U.S. Territories,2025,15,"Dengue virus infections, Dengue",,-
American Samoa,2025,15,"Dengue virus infections, Dengue",,-
Commonwealth of Northern Mariana Islands,2025,15,"Dengue virus infections, Dengue",,-
Guam,2025,15,"Dengue virus infections, Dengue",,-
Puerto Rico,2025,15,"Dengue virus infections, Dengue",,-
U.S. Virgin Islands,2025,15,"Dengue virus infections, Dengue",,-
Non-U.S. Residents,2025,15,"Dengue virus infections, Dengue",,-
Total,2025,15,"Dengue virus infections, Dengue",1,
U.S. Residents,2025,16,"Dengue virus infections, Dengue",1,
New England,2025,16,"Dengue virus infections, Dengue",,-
Connecticut,2025,16,"Dengue virus infections, Dengue",,-
Maine,2025,16,"Dengue virus infections, Dengue",,-
Massachusetts,2025,16,"Dengue virus infections, Dengue",,-
New Hampshire,2025,16,"Dengue virus infections, Dengue",,-
Rhode Island,2025,16,"Dengue virus infections, Dengue",,-
Vermont,2025,16,"Dengue virus infections, Dengue",,-
Middle Atlantic,2025,16,"Dengue virus infections, Dengue",,-
New Jersey,2025,16,"Dengue virus infections, Dengue",,-
New York,2025,16,"Dengue virus infections, Dengue",,-
New York City,2025,16,"Dengue virus infections, Dengue",,-
Pennsylvania,2025,16,"Dengue virus infections, Dengue",,-
East North Central,2025,16,"Dengue virus infections, Dengue",,-
Illinois,2025,16,"Dengue virus infections, Dengue",,-
Indiana,2025,16,"Dengue virus infections, Dengue",,-
Michigan,2025,16,"Dengue virus infections, Dengue",,-
Ohio,2025,16,"Dengue virus infections, Dengue",,-
Wisconsin,2025,16,"Dengue virus infections, Dengue",,-
West North Central,2025,16,"Dengue virus infections, Dengue",,-
Iowa,2025,16,"Dengue virus infections, Dengue",,-
Kansas,2025,16,"Dengue virus infections, Dengue",,-
Minnesota,2025,16,"Dengue virus infections, Dengue",,-
Missouri,2025,16,"Dengue virus infections, Dengue",,-
Nebraska,2025,16,"Dengue virus infections, Dengue",,-
North Dakota,2025,16,"Dengue virus infections, Dengue",,-
South Dakota,2025,16,"Dengue virus infections, Dengue",,-
South Atlantic,2025,16,"Dengue virus infections, Dengue",1,
Delaware,2025,16,"Dengue virus infections, Dengue",1,
District of Columbia,2025,16,"Dengue virus infections, Dengue",,-
Florida,2025,16,"Dengue virus infections, Dengue",,-
Georgia,2025,16,"Dengue virus infections, Dengue",,-
Maryland,2025,16,"Dengue virus infections, Dengue",,-
North Carolina,2025,16,"Dengue virus infections, Dengue",,-
South Carolina,2025,16,"Dengue virus infections, Dengue",,-
Virginia,2025,16,"Dengue virus infections, Dengue",,-
West Virginia,2025,16,"Dengue virus infections, Dengue",,-
East South Central,2025,16,"Dengue virus infections, Dengue",,-
Alabama,2025,16,"Dengue virus infections, Dengue",,-
Kentucky,2025,16,"Dengue virus infections, Dengue",,-
Mississippi,2025,16,"Dengue virus infections, Dengue",,-
Tennessee,2025,16,"Dengue virus infections, Dengue",,-
West South Central,2025,16,"Dengue virus infections, Dengue",,-
Arkansas,2025,16,"Dengue virus infections, Dengue",,-
Louisiana,2025,16,"Dengue virus infections, Dengue",,-
Oklahoma,2025,16,"Dengue virus infections, Dengue",,-
Texas,2025,16,"Dengue virus infections, Dengue",,-
Mountain,2025,16,"Dengue virus infections, Dengue",,-
Arizona,2025,16,"Dengue virus infections, Dengue",,-
Colorado,2025,16,"Dengue virus infections, Dengue",,-
Idaho,2025,16,"Dengue virus infections, Dengue",,-
Montana,2025,16,"Dengue virus infections, Dengue",,-
Nevada,2025,16,"Dengue virus infections, Dengue",,-
New Mexico,2025,16,"Dengue virus infections, Dengue",,-
Utah,2025,16,"Dengue virus infections, Dengue",,-
Wyoming,2025,16,"Dengue virus infections, Dengue",,-
Pacific,2025,16,"Dengue virus infections, Dengue",,-
Alaska,2025,16,"Dengue virus infections, Dengue",,-
California,2025,16,"Dengue virus infections, Dengue",,-
Hawaii,2025,16,"Dengue virus infections, Dengue",,-
Oregon,2025,16,"Dengue virus infections, Dengue",,-
Washington,2025,16,"Dengue virus infections, Dengue",,-
U.S. Territories,2025,16,"Dengue virus infections, Dengue",,-
American Samoa,2025,16,"Dengue virus infections, Dengue",,-
Commonwealth of Northern Mariana Islands,2025,16,"Dengue virus infections, Dengue",,-
Guam,2025,16,"Dengue virus infections, Dengue",,-
Puerto Rico,2025,16,"Dengue virus infections, Dengue",,-
U.S. Virgin Islands,2025,16,"Dengue virus infections, Dengue",,-
Non-U.S. Residents,2025,16,"Dengue virus infections, Dengue",,-
Total,2025,16,"Dengue virus infections, Dengue",1,
U.S. Residents,2025,17,"Dengue virus infections, Dengue",3,
New England,2025,17,"Dengue virus infections, Dengue",,-
Connecticut,2025,17,"Dengue virus infections, Dengue",,-
Maine,2025,17,"Dengue virus infections, Dengue",,-
Massachusetts,2025,17,"Dengue virus infections, Dengue",,-
New Hampshire,2025,17,"Dengue virus infections, Dengue",,-
Rhode Island,2025,17,"Dengue virus infections, Dengue",,-
Vermont,2025,17,"Dengue virus infections, Dengue",,-
Middle Atlantic,2025,17,"Dengue virus infections, Dengue",,-
New Jersey,2025,17,"Dengue virus infections, Dengue",,-
New York,2025,17,"Dengue virus infections, Dengue",,-
New York City,2025,17,"Dengue virus infections, Dengue",,-
Pennsylvania,2025,17,"Dengue virus infections, Dengue",,-
East North Central,2025,17,"Dengue virus infections, Dengue",,-
Illinois,2025,17,"Dengue virus infections, Dengue",,-
Indiana,2025,17,"Dengue virus infections, Dengue",,-
Michigan,2025,17,"Dengue virus infections, Dengue",,-
Ohio,2025,17,"Dengue virus infections, Dengue",,-
Wisconsin,2025,17,"Dengue virus infections, Dengue",,-
West North Central,2025,17,"Dengue virus infections, Dengue",,-
Iowa,2025,17,"Dengue virus infections, Dengue",,-
Kansas,2025,17,"Dengue virus infections, Dengue",,-
Minnesota,2025,17,"Dengue virus infections, Dengue",,-
Missouri,2025,17,"Dengue virus infections, Dengue",,-
Nebraska,2025,17,"Dengue virus infections, Dengue",,-
North Dakota,2025,17,"Dengue virus infections, Dengue",,-
South Dakota,2025,17,"Dengue virus infections, Dengue",,-
South Atlantic,2025,17,"Dengue virus infections, Dengue",3,
Delaware,2025,17,"Dengue virus infections, Dengue",,-
District of Columbia,2025,17,"Dengue virus infections, Dengue",,-
Florida,2025,17,"Dengue virus infections, Dengue",2,
Georgia,2025,17,"Dengue virus infections, Dengue",,-
Maryland,2025,17,"Dengue virus infections, Dengue",1,
North Carolina,2025,17,"Dengue virus infections, Dengue",,-
South Carolina,2025,17,"Dengue virus infections, Dengue",,-
Virginia,2025,17,"Dengue virus infections, Dengue",,-
West Virginia,2025,17,"Dengue virus infections, Dengue",,-
East South Central,2025,17,"Dengue virus infections, Dengue",,-
Alabama,2025,17,"Dengue virus infections, Dengue",,-
Kentucky,2025,17,"Dengue virus infections, Dengue",,-
Mississippi,2025,17,"Dengue virus infections, Dengue",,-
Tennessee,2025,17,"Dengue virus infections, Dengue",,-
West South Central,2025,17,"Dengue virus infections, Dengue",,-
Arkansas,2025,17,"Dengue virus infections, Dengue",,-
Louisiana,2025,17,"Dengue virus infections, Dengue",,-
Oklahoma,2025,17,"Dengue virus infections, Dengue",,-
Texas,2025,17,"Dengue virus infections, Dengue",,-
Mountain,2025,17,"Dengue virus infections, Dengue",,-
Arizona,2025,17,"Dengue virus infections, Dengue",,-
Colorado,2025,17,"Dengue virus infections, Dengue",,-
Idaho,2025,17,"Dengue virus infections, Dengue",,-
Montana,2025,17,"Dengue virus infections, Dengue",,-
Nevada,2025,17,"Dengue virus infections, Dengue",,-
New Mexico,2025,17,"Dengue virus infections, Dengue",,-
Utah,2025,17,"Dengue virus infections, Dengue",,-
Wyoming,2025,17,"Dengue virus infections, Dengue",,-
Pacific,2025,17,"Dengue virus infections, Dengue",,-
Alaska,2025,17,"Dengue virus infections, Dengue",,-
California,2025,17,"Dengue virus infections, Dengue",,-
Hawaii,2025,17,"Dengue virus infections, Dengue",,-
Oregon,2025,17,"Dengue virus infections, Dengue",,-
Washington,2025,17,"Dengue virus infections, Dengue",,-
U.S. Territories,2025,17,"Dengue virus infections, Dengue",,-
American Samoa,2025,17,"Dengue virus infections, Dengue",,-
Commonwealth of Northern Mariana Islands,2025,17,"Dengue virus infections, Dengue",,-
Guam,2025,17,"Dengue virus infections, Dengue",,-
Puerto Rico,2025,17,"Dengue virus infections, Dengue",,-
U.S. Virgin Islands,2025,17,"Dengue virus infections, Dengue",,-
Non-U.S. Residents,2025,17,"Dengue virus infections, Dengue",,-
Total,2025,17,"Dengue virus infections, Dengue",3,
U.S. Residents,2025,18,"Dengue virus infections, Dengue",2,
New England,2025,18,"Dengue virus infections, Dengue",,-
Connecticut,2025,18,"Dengue virus infections, Dengue",,-
Maine,2025,18,"Dengue virus infections, Dengue",,-
Massachusetts,2025,18,"Dengue virus infections, Dengue",,-
New Hampshire,2025,18,"Dengue virus infections, Dengue",,-
Rhode Island,2025,18,"Dengue virus infections, Dengue",,-
Vermont,2025,18,"Dengue virus infections, Dengue",,-
Middle Atlantic,2025,18,"Dengue virus infections, Dengue",,-
New Jersey,2025,18,"Dengue virus infections, Dengue",,-
New York,2025,18,"Dengue virus infections, Dengue",,-
New York City,2025,18,"Dengue virus infections, Dengue",,-
Pennsylvania,2025,18,"Dengue virus infections, Dengue",,-
East North Central,2025,18,"Dengue virus infections, Dengue",,-
Illinois,2025,18,"Dengue virus infections, Dengue",,-
Indiana,2025,18,"Dengue virus infections, Dengue",,-
Michigan,2025,18,"Dengue virus infections, Dengue",,-
Ohio,2025,18,"Dengue virus infections, Dengue",,-
Wisconsin,2025,18,"Dengue virus infections, Dengue",,-
West North Central,2025,18,"Dengue virus infections, Dengue",,-
Iowa,2025,18,"Dengue virus infections, Dengue",,-
Kansas,2025,18,"Dengue virus infections, Dengue",,-
Minnesota,2025,18,"Dengue virus infections, Dengue",,-
Missouri,2025,18,"Dengue virus infections, Dengue",,-
Nebraska,2025,18,"Dengue virus infections, Dengue",,-
North Dakota,2025,18,"Dengue virus infections, Dengue",,-
South Dakota,2025,18,"Dengue virus infections, Dengue",,-
South Atlantic,2025,18,"Dengue virus infections, Dengue",1,
Delaware,2025,18,"Dengue virus infections, Dengue",,-
District of Columbia,2025,18,"Dengue virus infections, Dengue",,-
Florida,2025,18,"Dengue virus infections, Dengue",1,
Georgia,2025,18,"Dengue virus infections, Dengue",,-
Maryland,2025,18,"Dengue virus infections, Dengue",,-
North Carolina,2025,18,"Dengue virus infections, Dengue",,-
South Carolina,2025,18,"Dengue virus infections, Dengue",,-
Virginia,2025,18,"Dengue virus infections, Dengue",,-
West Virginia,2025,18,"Dengue virus infections, Dengue",,-
East South Central,2025,18,"Dengue virus infections, Dengue",,-
Alabama,2025,18,"Dengue virus infections, Dengue",,-
Kentucky,2025,18,"Dengue virus infections, Dengue",,-
Mississippi,2025,18,"Dengue virus infections, Dengue",,-
Tennessee,2025,18,"Dengue virus infections, Dengue",,-
West South Central,2025,18,"Dengue virus infections, Dengue",,-
Arkansas,2025,18,"Dengue virus infections, Dengue",,-
Louisiana,2025,18,"Dengue virus infections, Dengue",,-
Oklahoma,2025,18,"Dengue virus infections, Dengue",,-
Texas,2025,18,"Dengue virus infections, Dengue",,-
Mountain,2025,18,"Dengue virus infections, Dengue",1,
Arizona,2025,18,"Dengue virus infections, Dengue",1,
Colorado,2025,18,"Dengue virus infections, Dengue",,-
Idaho,2025,18,"Dengue virus infections, Dengue",,-
Montana,2025,18,"Dengue virus infections, Dengue",,-
Nevada,2025,18,"Dengue virus infections, Dengue",,-
New Mexico,2025,18,"Dengue virus infections, Dengue",,-
Utah,2025,18,"Dengue virus infections, Dengue",,-
Wyoming,2025,18,"Dengue virus infections, Dengue",,-
Pacific,2025,18,"Dengue virus infections, Dengue",,-
Alaska,2025,18,"Dengue virus infections, Dengue",,-
California,2025,18,"Dengue virus infections, Dengue",,-
Hawaii,2025,18,"Dengue virus infections, Dengue",,-
Oregon,2025,18,"Dengue virus infections, Dengue",,-
Washington,2025,18,"Dengue virus infections, Dengue",,-
U.S. Territories,2025,18,"Dengue virus infections, Dengue",,-
American Samoa,2025,18,"Dengue virus infections, Dengue",,-
Commonwealth of Northern Mariana Islands,2025,18,"Dengue virus infections, Dengue",,-
Guam,2025,18,"Dengue virus infections, Dengue",,-
Puerto Rico,2025,18,"Dengue virus infections, Dengue",,-
U.S. Virgin Islands,2025,18,"Dengue virus infections, Dengue",,-
Non-U.S. Residents,2025,18,"Dengue virus infections, Dengue",,-
Total,2025,18,"Dengue virus infections, Dengue",2,
U.S. Residents,2025,19,"Dengue virus infections, Dengue",2,
New England,2025,19,"Dengue virus infections, Dengue",,-
Connecticut,2025,19,"Dengue virus infections, Dengue",,-
Maine,2025,19,"Dengue virus infections, Dengue",,-
Massachusetts,2025,19,"Dengue virus infections, Dengue",,-
New Hampshire,2025,19,"Dengue virus infections, Dengue",,-
Rhode Island,2025,19,"Dengue virus infections, Dengue",,-
Vermont,2025,19,"Dengue virus infections, Dengue",,-
Middle Atlantic,2025,19,"Dengue virus infections, Dengue",,-
New Jersey,2025,19,"Dengue virus infections, Dengue",,-
New York,2025,19,"Dengue virus infections, Dengue",,-
New York City,2025,19,"Dengue virus infections, Dengue",,-
Pennsylvania,2025,19,"Dengue virus infections, Dengue",,-
East North Central,2025,19,"Dengue virus infections, Dengue",,-
Illinois,2025,19,"Dengue virus infections, Dengue",,-
Indiana,2025,19,"Dengue virus infections, Dengue",,-
Michigan,2025,19,"Dengue virus infections, Dengue",,-
Ohio,2025,19,"Dengue virus infections, Dengue",,-
Wisconsin,2025,19,"Dengue virus infections, Dengue",,-
West North Central,2025,19,"Dengue virus infections, Dengue",,-
Iowa,2025,19,"Dengue virus infections, Dengue",,-
Kansas,2025,19,"Dengue virus infections, Dengue",,-
Minnesota,2025,19,"Dengue virus infections, Dengue",,-
Missouri,2025,19,"Dengue virus infections, Dengue",,-
Nebraska,2025,19,"Dengue virus infections, Dengue",,-
North Dakota,2025,19,"Dengue virus infections, Dengue",,-
South Dakota,2025,19,"Dengue virus infections, Dengue",,-
South Atlantic,2025,19,"Dengue virus infections, Dengue",1,
Delaware,2025,19,"Dengue virus infections, Dengue",,-
District of Columbia,2025,19,"Dengue virus infections, Dengue",,-
Florida,2025,19,"Dengue virus infections, Dengue",,-
Georgia,2025,19,"Dengue virus infections, Dengue",,-
Maryland,2025,19,"Dengue virus infections, Dengue",1,
North Carolina,2025,19,"Dengue virus infections, Dengue",,-
South Carolina,2025,19,"Dengue virus infections, Dengue",,-
Virginia,2025,19,"Dengue virus infections, Dengue",,-
West Virginia,2025,19,"Dengue virus infections, Dengue",,-
East South Central,2025,19,"Dengue virus infections, Dengue",,-
Alabama,2025,19,"Dengue virus infections, Dengue",,-
Kentucky,2025,19,"Dengue virus infections, Dengue",,-
Mississippi,2025,19,"Dengue virus infections, Dengue",,-
Tennessee,2025,19,"Dengue virus infections, Dengue",,-
West South Central,2025,19,"Dengue virus infections, Dengue",,-
Arkansas,2025,19,"Dengue virus infections, Dengue",,-
Louisiana,2025,19,"Dengue virus infections, Dengue",,-
Oklahoma,2025,19,"Dengue virus infections, Dengue",,-
Texas,2025,19,"Dengue virus infections, Dengue",,-
Mountain,2025,19,"Dengue virus infections, Dengue",1,
Arizona,2025,19,"Dengue virus infections, Dengue",1,
Colorado,2025,19,"Dengue virus infections, Dengue",,-
Idaho,2025,19,"Dengue virus infections, Dengue",,-
Montana,2025,19,"Dengue virus infections, Dengue",,-
Nevada,2025,19,"Dengue virus infections, Dengue",,-
New Mexico,2025,19,"Dengue virus infections, Dengue",,-
Utah,2025,19,"Dengue virus infections, Dengue",,-
Wyoming,2025,19,"Dengue virus infections, Dengue",,-
Pacific,2025,19,"Dengue virus infections, Dengue",,-
Alaska,2025,19,"Dengue virus infections, Dengue",,-
California,2025,19,"Dengue virus infections, Dengue",,-
Hawaii,2025,19,"Dengue virus infections, Dengue",,-
Oregon,2025,19,"Dengue virus infections, Dengue",,-
Washington,2025,19,"Dengue virus infections, Dengue",,-
U.S. Territories,2025,19,"Dengue virus infections, Dengue",,-
American Samoa,2025,19,"Dengue virus infections, Dengue",,-
Commonwealth of Northern Mariana Islands,2025,19,"Dengue virus infections, Dengue",,-
Guam,2025,19,"Dengue virus infections, Dengue",,-
Puerto Rico,2025,19,"Dengue virus infections, Dengue",,-
U.S. Virgin Islands,2025,19,"Dengue virus infections, Dengue",,-
Non-U.S. Residents,2025,19,"Dengue virus infections, Dengue",,-
Total,2025,19,"Dengue virus infections, Dengue",2,
U.S. Residents,2025,20,"Dengue virus infections, Dengue",2,
New England,2025,20,"Dengue virus infections, Dengue",,-
Connecticut,2025,20,"Dengue virus infections, Dengue",,-
Maine,2025,20,"Dengue virus infections, Dengue",,-
Massachusetts,2025,20,"Dengue virus infections, Dengue",,-
New Hampshire,2025,20,"Dengue virus infections, Dengue",,-
Rhode Island,2025,20,"Dengue virus infections, Dengue",,-
Vermont,2025,20,"Dengue virus infections, Dengue",,-
Middle Atlantic,2025,20,"Dengue virus infections, Dengue",1,
New Jersey,2025,20,"Dengue virus infections, Dengue",,-
New York,2025,20,"Dengue virus infections, Dengue",1,
New York City,2025,20,"Dengue virus infections, Dengue",,-
Pennsylvania,2025,20,"Dengue virus infections, Dengue",,-
East North Central,2025,20,"Dengue virus infections, Dengue",,-
Illinois,2025,20,"Dengue virus infections, Dengue",,-
Indiana,2025,20,"Dengue virus infections, Dengue",,-
Michigan,2025,20,"Dengue virus infections, Dengue",,-
Ohio,2025,20,"Dengue virus infections, Dengue",,-
Wisconsin,2025,20,"Dengue virus infections, Dengue",,-
West North Central,2025,20,"Dengue virus infections, Dengue",,-
Iowa,2025,20,"Dengue virus infections, Dengue",,-
Kansas,2025,20,"Dengue virus infections, Dengue",,-
Minnesota,2025,20,"Dengue virus infections, Dengue",,-
Missouri,2025,20,"Dengue virus infections, Dengue",,-
Nebraska,2025,20,"Dengue virus infections, Dengue",,-
North Dakota,2025,20,"Dengue virus infections, Dengue",,-
South Dakota,2025,20,"Dengue virus infections, Dengue",,-
South Atlantic,2025,20,"Dengue virus infections, Dengue",1,
Delaware,2025,20,"Dengue virus infections, Dengue",,-
District of Columbia,2025,20,"Dengue virus infections, Dengue",,-
Florida,2025,20,"Dengue virus infections, Dengue",,-
Georgia,2025,20,"Dengue virus infections, Dengue",,-
Maryland,2025,20,"Dengue virus infections, Dengue",1,
North Carolina,2025,20,"Dengue virus infections, Dengue",,-
South Carolina,2025,20,"Dengue virus infections, Dengue",,-
Virginia,2025,20,"Dengue virus infections, Dengue",,-
West Virginia,2025,20,"Dengue virus infections, Dengue",,-
East South Central,2025,20,"Dengue virus infections, Dengue",,-
Alabama,2025,20,"Dengue virus infections, Dengue",,-
Kentucky,2025,20,"Dengue virus infections, Dengue",,-
Mississippi,2025,20,"Dengue virus infections, Dengue",,-
Tennessee,2025,20,"Dengue virus infections, Dengue",,-
West South Central,2025,20,"Dengue virus infections, Dengue",,-
Arkansas,2025,20,"Dengue virus infections, Dengue",,-
Louisiana,2025,20,"Dengue virus infections, Dengue",,-
Oklahoma,2025,20,"Dengue virus infections, Dengue",,-
Texas,2025,20,"Dengue virus infections, Dengue",,-
Mountain,2025,20,"Dengue virus infections, Dengue",,-
Arizona,2025,20,"Dengue virus infections, Dengue",,-
Colorado,2025,20,"Dengue virus infections, Dengue",,-
Idaho,2025,20,"Dengue virus infections, Dengue",,-
Montana,2025,20,"Dengue virus infections, Dengue",,-
Nevada,2025,20,"Dengue virus infections, Dengue",,-
New Mexico,2025,20,"Dengue virus infections, Dengue",,-
Utah,2025,20,"Dengue virus infections, Dengue",,-
Wyoming,2025,20,"Dengue virus infections, Dengue",,-
Pacific,2025,20,"Dengue virus infections, Dengue",,-
Alaska,2025,20,"Dengue virus infections, Dengue",,-
California,2025,20,"Dengue virus infections, Dengue",,-
Hawaii,2025,20,"Dengue virus infections, Dengue",,-
Oregon,2025,20,"Dengue virus infections, Dengue",,-
Washington,2025,20,"Dengue virus infections, Dengue",,-
U.S. Territories,2025,20,"Dengue virus infections, Dengue",,-
American Samoa,2025,20,"Dengue virus infections, Dengue",,-
Commonwealth of Northern Mariana Islands,2025,20,"Dengue virus infections, Dengue",,-
Guam,2025,20,"Dengue virus infections, Dengue",,-
Puerto Rico,2025,20,"Dengue virus infections, Dengue",,-
U.S. Virgin Islands,2025,20,"Dengue virus infections, Dengue",,-
Non-U.S. Residents,2025,20,"Dengue virus infections, Dengue",,-
Total,2025,20,"Dengue virus infections, Dengue",2,
U.S. Residents,2025,21,"Dengue virus infections, Dengue",,-
New England,2025,21,"Dengue virus infections, Dengue",,-
Connecticut,2025,21,"Dengue virus infections, Dengue",,-
Maine,2025,21,"Dengue virus infections, Dengue",,-
Massachusetts,2025,21,"Dengue virus infections, Dengue",,-
New Hampshire,2025,21,"Dengue virus infections, Dengue",,-
Rhode Island,2025,21,"Dengue virus infections, Dengue",,-
Vermont,2025,21,"Dengue virus infections, Dengue",,-
Middle Atlantic,2025,21,"Dengue virus infections, Dengue",,-
New Jersey,2025,21,"Dengue virus infections, Dengue",,-
New York,2025,21,"Dengue virus infections, Dengue",,-
New York City,2025,21,"Dengue virus infections, Dengue",,-
Pennsylvania,2025,21,"Dengue virus infections, Dengue",,-
East North Central,2025,21,"Dengue virus infections, Dengue",,-
Illinois,2025,21,"Dengue virus infections, Dengue",,-
Indiana,2025,21,"Dengue virus infections, Dengue",,-
Michigan,2025,21,"Dengue virus infections, Dengue",,-
Ohio,2025,21,"Dengue virus infections, Dengue",,-
Wisconsin,2025,21,"Dengue virus infections, Dengue",,-
West North Central,2025,21,"Dengue virus infections, Dengue",,-
Iowa,2025,21,"Dengue virus infections, Dengue",,-
Kansas,2025,21,"Dengue virus infections, Dengue",,-
Minnesota,2025,21,"Dengue virus infections, Dengue",,-
Missouri,2025,21,"Dengue virus infections, Dengue",,-
Nebraska,2025,21,"Dengue virus infections, Dengue",,-
North Dakota,2025,21,"Dengue virus infections, Dengue",,-
South Dakota,2025,21,"Dengue virus infections, Dengue",,-
South Atlantic,2025,21,"Dengue virus infections, Dengue",,-
Delaware,2025,21,"Dengue virus infections, Dengue",,-
District of Columbia,2025,21,"Dengue virus infections, Dengue",,-
Florida,2025,21,"Dengue virus infections, Dengue",,-
Georgia,2025,21,"Dengue virus infections, Dengue",,-
Maryland,2025,21,"Dengue virus infections, Dengue",,-
North Carolina,2025,21,"Dengue virus infections, Dengue",,-
South Carolina,2025,21,"Dengue virus infections, Dengue",,-
Virginia,2025,21,"Dengue virus infections, Dengue",,-
West Virginia,2025,21,"Dengue virus infections, Dengue",,-
East South Central,2025,21,"Dengue virus infections, Dengue",,-
Alabama,2025,21,"Dengue virus infections, Dengue",,-
Kentucky,2025,21,"Dengue virus infections, Dengue",,-
Mississippi,2025,21,"Dengue virus infections, Dengue",,-
Tennessee,2025,21,"Dengue virus infections, Dengue",,-
West South Central,2025,21,"Dengue virus infections, Dengue",,-
Arkansas,2025,21,"Dengue virus infections, Dengue",,-
Louisiana,2025,21,"Dengue virus infections, Dengue",,-
Oklahoma,2025,21,"Dengue virus infections, Dengue",,-
Texas,2025,21,"Dengue virus infections, Dengue",,-
Mountain,2025,21,"Dengue virus infections, Dengue",,-
Arizona,2025,21,"Dengue virus infections, Dengue",,-
Colorado,2025,21,"Dengue virus infections, Dengue",,-
Idaho,2025,21,"Dengue virus infections, Dengue",,-
Montana,2025,21,"Dengue virus infections, Dengue",,-
Nevada,2025,21,"Dengue virus infections, Dengue",,-
New Mexico,2025,21,"Dengue virus infections, Dengue",,-
Utah,2025,21,"Dengue virus infections, Dengue",,-
Wyoming,2025,21,"Dengue virus infections, Dengue",,-
Pacific,2025,21,"Dengue virus infections, Dengue",,-
Alaska,2025,21,"Dengue virus infections, Dengue",,-
California,2025,21,"Dengue virus infections, Dengue",,-
Hawaii,2025,21,"Dengue virus infections, Dengue",,-
Oregon,2025,21,"Dengue virus infections, Dengue",,-
Washington,2025,21,"Dengue virus infections, Dengue",,-
U.S. Territories,2025,21,"Dengue virus infections, Dengue",,-
American Samoa,2025,21,"Dengue virus infections, Dengue",,-
Commonwealth of Northern Mariana Islands,2025,21,"Dengue virus infections, Dengue",,-
Guam,2025,21,"Dengue virus infections, Dengue",,-
Puerto Rico,2025,21,"Dengue virus infections, Dengue",,-
U.S. Virgin Islands,2025,21,"Dengue virus infections, Dengue",,-
Non-U.S. Residents,2025,21,"Dengue virus infections, Dengue",,-
Total,2025,21,"Dengue virus infections, Dengue",,-
U.S. Residents,2025,22,"Dengue virus infections, Dengue",,-
New England,2025,22,"Dengue virus infections, Dengue",,-
Connecticut,2025,22,"Dengue virus infections, Dengue",,-
Maine,2025,22,"Dengue virus infections, Dengue",,-
Massachusetts,2025,22,"Dengue virus infections, Dengue",,-
New Hampshire,2025,22,"Dengue virus infections, Dengue",,-
Rhode Island,2025,22,"Dengue virus infections, Dengue",,-
Vermont,2025,22,"Dengue virus infections, Dengue",,-
Middle Atlantic,2025,22,"Dengue virus infections, Dengue",,-
New Jersey,2025,22,"Dengue virus infections, Dengue",,-
New York,2025,22,"Dengue virus infections, Dengue",,-
New York City,2025,22,"Dengue virus infections, Dengue",,-
Pennsylvania,2025,22,"Dengue virus infections, Dengue",,-
East North Central,2025,22,"Dengue virus infections, Dengue",,-
Illinois,2025,22,"Dengue virus infections, Dengue",,-
Indiana,2025,22,"Dengue virus infections, Dengue",,-
Michigan,2025,22,"Dengue virus infections, Dengue",,-
Ohio,2025,22,"Dengue virus infections, Dengue",,-
Wisconsin,2025,22,"Dengue virus infections, Dengue",,-
West North Central,2025,22,"Dengue virus infections, Dengue",,-
Iowa,2025,22,"Dengue virus infections, Dengue",,-
Kansas,2025,22,"Dengue virus infections, Dengue",,-
Minnesota,2025,22,"Dengue virus infections, Dengue",,-
Missouri,2025,22,"Dengue virus infections, Dengue",,-
Nebraska,2025,22,"Dengue virus infections, Dengue",,-
North Dakota,2025,22,"Dengue virus infections, Dengue",,-
South Dakota,2025,22,"Dengue virus infections, Dengue",,-
South Atlantic,2025,22,"Dengue virus infections, Dengue",,-
Delaware,2025,22,"Dengue virus infections, Dengue",,-
District of Columbia,2025,22,"Dengue virus infections, Dengue",,-
Florida,2025,22,"Dengue virus infections, Dengue",,-
Georgia,2025,22,"Dengue virus infections, Dengue",,-
Maryland,2025,22,"Dengue virus infections, Dengue",,-
North Carolina,2025,22,"Dengue virus infections, Dengue",,-
South Carolina,2025,22,"Dengue virus infections, Dengue",,-
Virginia,2025,22,"Dengue virus infections, Dengue",,-
West Virginia,2025,22,"Dengue virus infections, Dengue",,-
East South Central,2025,22,"Dengue virus infections, Dengue",,-
Alabama,2025,22,"Dengue virus infections, Dengue",,-
Kentucky,2025,22,"Dengue virus infections, Dengue",,-
Mississippi,2025,22,"Dengue virus infections, Dengue",,-
Tennessee,2025,22,"Dengue virus infections, Dengue",,-
West South Central,2025,22,"Dengue virus infections, Dengue",,-
Arkansas,2025,22,"Dengue virus infections, Dengue",,-
Louisiana,2025,22,"Dengue virus infections, Dengue",,-
Oklahoma,2025,22,"Dengue virus infections, Dengue",,-
Texas,2025,22,"Dengue virus infections, Dengue",,-
Mountain,2025,22,"Dengue virus infections, Dengue",,-
Arizona,2025,22,"Dengue virus infections, Dengue",,-
Colorado,2025,22,"Dengue virus infections, Dengue",,-
Idaho,2025,22,"Dengue virus infections, Dengue",,-
Montana,2025,22,"Dengue virus infections, Dengue",,-
Nevada,2025,22,"Dengue virus infections, Dengue",,-
New Mexico,2025,22,"Dengue virus infections, Dengue",,-
Utah,2025,22,"Dengue virus infections, Dengue",,-
Wyoming,2025,22,"Dengue virus infections, Dengue",,-
Pacific,2025,22,"Dengue virus infections, Dengue",,-
Alaska,2025,22,"Dengue virus infections, Dengue",,-
California,2025,22,"Dengue virus infections, Dengue",,-
Hawaii,2025,22,"Dengue virus infections, Dengue",,-
Oregon,2025,22,"Dengue virus infections, Dengue",,-
Washington,2025,22,"Dengue virus infections, Dengue",,-
U.S. Territories,2025,22,"Dengue virus infections, Dengue",,-
American Samoa,2025,22,"Dengue virus infections, Dengue",,-
Commonwealth of Northern Mariana Islands,2025,22,"Dengue virus infections, Dengue",,-
Guam,2025,22,"Dengue virus infections, Dengue",,-
Puerto Rico,2025,22,"Dengue virus infections, Dengue",,-
U.S. Virgin Islands,2025,22,"Dengue virus infections, Dengue",,-
Non-U.S. Residents,2025,22,"Dengue virus infections, Dengue",,-
Total,2025,22,"Dengue virus infections, Dengue",,-
U.S. Residents,2025,23,"Dengue virus infections, Dengue",1,
New England,2025,23,"Dengue virus infections, Dengue",,-
Connecticut,2025,23,"Dengue virus infections, Dengue",,-
Maine,2025,23,"Dengue virus infections, Dengue",,-
Massachusetts,2025,23,"Dengue virus infections, Dengue",,-
New Hampshire,2025,23,"Dengue virus infections, Dengue",,-
Rhode Island,2025,23,"Dengue virus infections, Dengue",,-
Vermont,2025,23,"Dengue virus infections, Dengue",,-
Middle Atlantic,2025,23,"Dengue virus infections, Dengue",1,
New Jersey,2025,23,"Dengue virus infections, Dengue",,-
New York,2025,23,"Dengue virus infections, Dengue",1,
New York City,2025,23,"Dengue virus infections, Dengue",,-
Pennsylvania,2025,23,"Dengue virus infections, Dengue",,-
East North Central,2025,23,"Dengue virus infections, Dengue",,-
Illinois,2025,23,"Dengue virus infections, Dengue",,-
Indiana,2025,23,"Dengue virus infections, Dengue",,-
Michigan,2025,23,"Dengue virus infections, Dengue",,-
Ohio,2025,23,"Dengue virus infections, Dengue",,-
Wisconsin,2025,23,"Dengue virus infections, Dengue",,-
West North Central,2025,23,"Dengue virus infections, Dengue",,-
Iowa,2025,23,"Dengue virus infections, Dengue",,-
Kansas,2025,23,"Dengue virus infections, Dengue",,-
Minnesota,2025,23,"Dengue virus infections, Dengue",,-
Missouri,2025,23,"Dengue virus infections, Dengue",,-
Nebraska,2025,23,"Dengue virus infections, Dengue",,-
North Dakota,2025,23,"Dengue virus infections, Dengue",,-
South Dakota,2025,23,"Dengue virus infections, Dengue",,-
South Atlantic,2025,23,"Dengue virus infections, Dengue",,-
Delaware,2025,23,"Dengue virus infections, Dengue",,-
District of Columbia,2025,23,"Dengue virus infections, Dengue",,-
Florida,2025,23,"Dengue virus infections, Dengue",,-
Georgia,2025,23,"Dengue virus infections, Dengue",,-
Maryland,2025,23,"Dengue virus infections, Dengue",,-
North Carolina,2025,23,"Dengue virus infections, Dengue",,-
South Carolina,2025,23,"Dengue virus infections, Dengue",,-
Virginia,2025,23,"Dengue virus infections, Dengue",,-
West Virginia,2025,23,"Dengue virus infections, Dengue",,-
East South Central,2025,23,"Dengue virus infections, Dengue",,-
Alabama,2025,23,"Dengue virus infections, Dengue",,-
Kentucky,2025,23,"Dengue virus infections, Dengue",,-
Mississippi,2025,23,"Dengue virus infections, Dengue",,-
Tennessee,2025,23,"Dengue virus infections, Dengue",,-
West South Central,2025,23,"Dengue virus infections, Dengue",,-
Arkansas,2025,23,"Dengue virus infections, Dengue",,-
Louisiana,2025,23,"Dengue virus infections, Dengue",,-
Oklahoma,2025,23,"Dengue virus infections, Dengue",,-
Texas,2025,23,"Dengue virus infections, Dengue",,-
Mountain,2025,23,"Dengue virus infections, Dengue",,-
Arizona,2025,23,"Dengue virus infections, Dengue",,-
Colorado,2025,23,"Dengue virus infections, Dengue",,-
Idaho,2025,23,"Dengue virus infections, Dengue",,-
Montana,2025,23,"Dengue virus infections, Dengue",,-
Nevada,2025,23,"Dengue virus infections, Dengue",,-
New Mexico,2025,23,"Dengue virus infections, Dengue",,-
Utah,2025,23,"Dengue virus infections, Dengue",,-
Wyoming,2025,23,"Dengue virus infections, Dengue",,-
Pacific,2025,23,"Dengue virus infections, Dengue",,-
Alaska,2025,23,"Dengue virus infections, Dengue",,-
California,2025,23,"Dengue virus infections, Dengue",,-
Hawaii,2025,23,"Dengue virus infections, Dengue",,-
Oregon,2025,23,"Dengue virus infections, Dengue",,-
Washington,2025,23,"Dengue virus infections, Dengue",,-
U.S. Territories,2025,23,"Dengue virus infections, Dengue",1,
American Samoa,2025,23,"Dengue virus infections, Dengue",,-
Commonwealth of Northern Mariana Islands,2025,23,"Dengue virus infections, Dengue",,-
Guam,2025,23,"Dengue virus infections, Dengue",,-
Puerto Rico,2025,23,"Dengue virus infections, Dengue",,-
U.S. Virgin Islands,2025,23,"Dengue virus infections, Dengue",1,
Non-U.S. Residents,2025,23,"Dengue virus infections, Dengue",,-
Total,2025,23,"Dengue virus infections, Dengue",2,
U.S. Residents,2025,24,"Dengue virus infections, Dengue",1,
New England,2025,24,"Dengue virus infections, Dengue",,-
Connecticut,2025,24,"Dengue virus infections, Dengue",,-
Maine,2025,24,"Dengue virus infections, Dengue",,-
Massachusetts,2025,24,"Dengue virus infections, Dengue",,-
New Hampshire,2025,24,"Dengue virus infections, Dengue",,-
Rhode Island,2025,24,"Dengue virus infections, Dengue",,-
Vermont,2025,24,"Dengue virus infections, Dengue",,-
Middle Atlantic,2025,24,"Dengue virus infections, Dengue",1,
New Jersey,2025,24,"Dengue virus infections, Dengue",,-
New York,2025,24,"Dengue virus infections, Dengue",1,
New York City,2025,24,"Dengue virus infections, Dengue",,-
Pennsylvania,2025,24,"Dengue virus infections, Dengue",,-
East North Central,2025,24,"Dengue virus infections, Dengue",,-
Illinois,2025,24,"Dengue virus infections, Dengue",,-
Indiana,2025,24,"Dengue virus infections, Dengue",,-
Michigan,2025,24,"Dengue virus infections, Dengue",,-
Ohio,2025,24,"Dengue virus infections, Dengue",,-
Wisconsin,2025,24,"Dengue virus infections, Dengue",,-
West North Central,2025,24,"Dengue virus infections, Dengue",,-
Iowa,2025,24,"Dengue virus infections, Dengue",,-
Kansas,2025,24,"Dengue virus infections, Dengue",,-
Minnesota,2025,24,"Dengue virus infections, Dengue",,-
Missouri,2025,24,"Dengue virus infections, Dengue",,-
Nebraska,2025,24,"Dengue virus infections, Dengue",,-
North Dakota,2025,24,"Dengue virus infections, Dengue",,-
South Dakota,2025,24,"Dengue virus infections, Dengue",,-
South Atlantic,2025,24,"Dengue virus infections, Dengue",,-
Delaware,2025,24,"Dengue virus infections, Dengue",,-
District of Columbia,2025,24,"Dengue virus infections, Dengue",,-
Florida,2025,24,"Dengue virus infections, Dengue",,-
Georgia,2025,24,"Dengue virus infections, Dengue",,-
Maryland,2025,24,"Dengue virus infections, Dengue",,-
North Carolina,2025,24,"Dengue virus infections, Dengue",,-
South Carolina,2025,24,"Dengue virus infections, Dengue",,-
Virginia,2025,24,"Dengue virus infections, Dengue",,-
West Virginia,2025,24,"Dengue virus infections, Dengue",,-
East South Central,2025,24,"Dengue virus infections, Dengue",,-
Alabama,2025,24,"Dengue virus infections, Dengue",,-
Kentucky,2025,24,"Dengue virus infections, Dengue",,-
Mississippi,2025,24,"Dengue virus infections, Dengue",,-
Tennessee,2025,24,"Dengue virus infections, Dengue",,-
West South Central,2025,24,"Dengue virus infections, Dengue",,-
Arkansas,2025,24,"Dengue virus infections, Dengue",,-
Louisiana,2025,24,"Dengue virus infections, Dengue",,-
Oklahoma,2025,24,"Dengue virus infections, Dengue",,-
Texas,2025,24,"Dengue virus infections, Dengue",,-
Mountain,2025,24,"Dengue virus infections, Dengue",,-
Arizona,2025,24,"Dengue virus infections, Dengue",,-
Colorado,2025,24,"Dengue virus infections, Dengue",,-
Idaho,2025,24,"Dengue virus infections, Dengue",,-
Montana,2025,24,"Dengue virus infections, Dengue",,-
Nevada,2025,24,"Dengue virus infections, Dengue",,-
New Mexico,2025,24,"Dengue virus infections, Dengue",,-
Utah,2025,24,"Dengue virus infections, Dengue",,-
Wyoming,2025,24,"Dengue virus infections, Dengue",,-
Pacific,2025,24,"Dengue virus infections, Dengue",,-
Alaska,2025,24,"Dengue virus infections, Dengue",,-
California,2025,24,"Dengue virus infections, Dengue",,-
Hawaii,2025,24,"Dengue virus infections, Dengue",,-
Oregon,2025,24,"Dengue virus infections, Dengue",,-
Washington,2025,24,"Dengue virus infections, Dengue",,-
U.S. Territories,2025,24,"Dengue virus infections, Dengue",,-
American Samoa,2025,24,"Dengue virus infections, Dengue",,-
Commonwealth of Northern Mariana Islands,2025,24,"Dengue virus infections, Dengue",,-
Guam,2025,24,"Dengue virus infections, Dengue",,-
Puerto Rico,2025,24,"Dengue virus infections, Dengue",,-
U.S. Virgin Islands,2025,24,"Dengue virus infections, Dengue",,-
Non-U.S. Residents,2025,24,"Dengue virus infections, Dengue",,-
Total,2025,24,"Dengue virus infections, Dengue",1,
U.S. Residents,2025,25,"Dengue virus infections, Dengue",,-
New England,2025,25,"Dengue virus infections, Dengue",,-
Connecticut,2025,25,"Dengue virus infections, Dengue",,-
Maine,2025,25,"Dengue virus infections, Dengue",,-
Massachusetts,2025,25,"Dengue virus infections, Dengue",,-
New Hampshire,2025,25,"Dengue virus infections, Dengue",,-
Rhode Island,2025,25,"Dengue virus infections, Dengue",,-
Vermont,2025,25,"Dengue virus infections, Dengue",,-
Middle Atlantic,2025,25,"Dengue virus infections, Dengue",,-
New Jersey,2025,25,"Dengue virus infections, Dengue",,-
New York,2025,25,"Dengue virus infections, Dengue",,-
New York City,2025,25,"Dengue virus infections, Dengue",,-
Pennsylvania,2025,25,"Dengue virus infections, Dengue",,-
East North Central,2025,25,"Dengue virus infections, Dengue",,-
Illinois,2025,25,"Dengue virus infections, Dengue",,-
Indiana,2025,25,"Dengue virus infections, Dengue",,-
Michigan,2025,25,"Dengue virus infections, Dengue",,-
Ohio,2025,25,"Dengue virus infections, Dengue",,-
Wisconsin,2025,25,"Dengue virus infections, Dengue",,-
West North Central,2025,25,"Dengue virus infections, Dengue",,-
Iowa,2025,25,"Dengue virus infections, Dengue",,-
Kansas,2025,25,"Dengue virus infections, Dengue",,-
Minnesota,2025,25,"Dengue virus infections, Dengue",,-
Missouri,2025,25,"Dengue virus infections, Dengue",,-
Nebraska,2025,25,"Dengue virus infections, Dengue",,-
North Dakota,2025,25,"Dengue virus infections, Dengue",,-
South Dakota,2025,25,"Dengue virus infections, Dengue",,-
South Atlantic,2025,25,"Dengue virus infections, Dengue",,-
Delaware,2025,25,"Dengue virus infections, Dengue",,-
District of Columbia,2025,25,"Dengue virus infections, Dengue",,-
Florida,2025,25,"Dengue virus infections, Dengue",,-
Georgia,2025,25,"Dengue virus infections, Dengue",,-
Maryland,2025,25,"Dengue virus infections, Dengue",,-
North Carolina,2025,25,"Dengue virus infections, Dengue",,-
South Carolina,2025,25,"Dengue virus infections, Dengue",,-
Virginia,2025,25,"Dengue virus infections, Dengue",,-
West Virginia,2025,25,"Dengue virus infections, Dengue",,-
East South Central,2025,25,"Dengue virus infections, Dengue",,-
Alabama,2025,25,"Dengue virus infections, Dengue",,-
Kentucky,2025,25,"Dengue virus infections, Dengue",,-
Mississippi,2025,25,"Dengue virus infections, Dengue",,-
Tennessee,2025,25,"Dengue virus infections, Dengue",,-
West South Central,2025,25,"Dengue virus infections, Dengue",,-
Arkansas,2025,25,"Dengue virus infections, Dengue",,-
Louisiana,2025,25,"Dengue virus infections, Dengue",,-
Oklahoma,2025,25,"Dengue virus infections, Dengue",,-
Texas,2025,25,"Dengue virus infections, Dengue",,-
Mountain,2025,25,"Dengue virus infections, Dengue",,-
Arizona,2025,25,"Dengue virus infections, Dengue",,-
Colorado,2025,25,"Dengue virus infections, Dengue",,-
Idaho,2025,25,"Dengue virus infections, Dengue",,-
Montana,2025,25,"Dengue virus infections, Dengue",,-
Nevada,2025,25,"Dengue virus infections, Dengue",,-
New Mexico,2025,25,"Dengue virus infections, Dengue",,-
Utah,2025,25,"Dengue virus infections, Dengue",,-
Wyoming,2025,25,"Dengue virus infections, Dengue",,-
Pacific,2025,25,"Dengue virus infections, Dengue",,-
Alaska,2025,25,"Dengue virus infections, Dengue",,-
California,2025,25,"Dengue virus infections, Dengue",,-
Hawaii,2025,25,"Dengue virus infections, Dengue",,-
Oregon,2025,25,"Dengue virus infections, Dengue",,-
Washington,2025,25,"Dengue virus infections, Dengue",,-
U.S. Territories,2025,25,"Dengue virus infections, Dengue",,-
American Samoa,2025,25,"Dengue virus infections, Dengue",,-
Commonwealth of Northern Mariana Islands,2025,25,"Dengue virus infections, Dengue",,-
Guam,2025,25,"Dengue virus infections, Dengue",,-
Puerto Rico,2025,25,"Dengue virus infections, Dengue",,-
U.S. Virgin Islands,2025,25,"Dengue virus infections, Dengue",,-
Non-U.S. Residents,2025,25,"Dengue virus infections, Dengue",,-
Total,2025,25,"Dengue virus infections, Dengue",,-
U.S. Residents,2025,26,"Dengue virus infections, Dengue",1,
New England,2025,26,"Dengue virus infections, Dengue",,-
Connecticut,2025,26,"Dengue virus infections, Dengue",,-
Maine,2025,26,"Dengue virus infections, Dengue",,-
Massachusetts,2025,26,"Dengue virus infections, Dengue",,-
New Hampshire,2025,26,"Dengue virus infections, Dengue",,-
Rhode Island,2025,26,"Dengue virus infections, Dengue",,-
Vermont,2025,26,"Dengue virus infections, Dengue",,-
Middle Atlantic,2025,26,"Dengue virus infections, Dengue",,-
New Jersey,2025,26,"Dengue virus infections, Dengue",,-
New York,2025,26,"Dengue virus infections, Dengue",,-
New York City,2025,26,"Dengue virus infections, Dengue",,-
Pennsylvania,2025,26,"Dengue virus infections, Dengue",,-
East North Central,2025,26,"Dengue virus infections, Dengue",,-
Illinois,2025,26,"Dengue virus infections, Dengue",,-
Indiana,2025,26,"Dengue virus infections, Dengue",,-
Michigan,2025,26,"Dengue virus infections, Dengue",,-
Ohio,2025,26,"Dengue virus infections, Dengue",,-
Wisconsin,2025,26,"Dengue virus infections, Dengue",,-
West North Central,2025,26,"Dengue virus infections, Dengue",,-
Iowa,2025,26,"Dengue virus infections, Dengue",,-
Kansas,2025,26,"Dengue virus infections, Dengue",,-
Minnesota,2025,26,"Dengue virus infections, Dengue",,-
Missouri,2025,26,"Dengue virus infections, Dengue",,-
Nebraska,2025,26,"Dengue virus infections, Dengue",,-
North Dakota,2025,26,"Dengue virus infections, Dengue",,-
South Dakota,2025,26,"Dengue virus infections, Dengue",,-
South Atlantic,2025,26,"Dengue virus infections, Dengue",,-
Delaware,2025,26,"Dengue virus infections, Dengue",,-
District of Columbia,2025,26,"Dengue virus infections, Dengue",,-
Florida,2025,26,"Dengue virus infections, Dengue",,-
Georgia,2025,26,"Dengue virus infections, Dengue",,-
Maryland,2025,26,"Dengue virus infections, Dengue",,-
North Carolina,2025,26,"Dengue virus infections, Dengue",,-
South Carolina,2025,26,"Dengue virus infections, Dengue",,-
Virginia,2025,26,"Dengue virus infections, Dengue",,-
West Virginia,2025,26,"Dengue virus infections, Dengue",,-
East South Central,2025,26,"Dengue virus infections, Dengue",,-
Alabama,2025,26,"Dengue virus infections, Dengue",,-
Kentucky,2025,26,"Dengue virus infections, Dengue",,-
Mississippi,2025,26,"Dengue virus infections, Dengue",,-
Tennessee,2025,26,"Dengue virus infections, Dengue",,-
West South Central,2025,26,"Dengue virus infections, Dengue",,-
Arkansas,2025,26,"Dengue virus infections, Dengue",,-
Louisiana,2025,26,"Dengue virus infections, Dengue",,-
Oklahoma,2025,26,"Dengue virus infections, Dengue",,-
Texas,2025,26,"Dengue virus infections, Dengue",,-
Mountain,2025,26,"Dengue virus infections, Dengue",,-
Arizona,2025,26,"Dengue virus infections, Dengue",,-
Colorado,2025,26,"Dengue virus infections, Dengue",,-
Idaho,2025,26,"Dengue virus infections, Dengue",,-
Montana,2025,26,"Dengue virus infections, Dengue",,-
Nevada,2025,26,"Dengue virus infections, Dengue",,-
New Mexico,2025,26,"Dengue virus infections, Dengue",,-
Utah,2025,26,"Dengue virus infections, Dengue",,-
Wyoming,2025,26,"Dengue virus infections, Dengue",,-
Pacific,2025,26,"Dengue virus infections, Dengue",1,
Alaska,2025,26,"Dengue virus infections, Dengue",,-
California,2025,26,"Dengue virus infections, Dengue",1,
Hawaii,2025,26,"Dengue virus infections, Dengue",,-
Oregon,2025,26,"Dengue virus infections, Dengue",,-
Washington,2025,26,"Dengue virus infections, Dengue",,-
U.S. Territories,2025,26,"Dengue virus infections, Dengue",,-
American Samoa,2025,26,"Dengue virus infections, Dengue",,-
Commonwealth of Northern Mariana Islands,2025,26,"Dengue virus infections, Dengue",,-
Guam,2025,26,"Dengue virus infections, Dengue",,-
Puerto Rico,2025,26,"Dengue virus infections, Dengue",,-
U.S. Virgin Islands,2025,26,"Dengue virus infections, Dengue",,-
Non-U.S. Residents,2025,26,"Dengue virus infections, Dengue",,-
Total,2025,26,"Dengue virus infections, Dengue",1,
U.S. Residents,2025,27,"Dengue virus infections, Dengue",,-
New England,2025,27,"Dengue virus infections, Dengue",,-
Connecticut,2025,27,"Dengue virus infections, Dengue",,-
Maine,2025,27,"Dengue virus infections, Dengue",,-
Massachusetts,2025,27,"Dengue virus infections, Dengue",,-
New Hampshire,2025,27,"Dengue virus infections, Dengue",,-
Rhode Island,2025,27,"Dengue virus infections, Dengue",,-
Vermont,2025,27,"Dengue virus infections, Dengue",,-
Middle Atlantic,2025,27,"Dengue virus infections, Dengue",,-
New Jersey,2025,27,"Dengue virus infections, Dengue",,-
New York,2025,27,"Dengue virus infections, Dengue",,-
New York City,2025,27,"Dengue virus infections, Dengue",,-
Pennsylvania,2025,27,"Dengue virus infections, Dengue",,-
East North Central,2025,27,"Dengue virus infections, Dengue",,-
Illinois,2025,27,"Dengue virus infections, Dengue",,-
Indiana,2025,27,"Dengue virus infections, Dengue",,-
Michigan,2025,27,"Dengue virus infections, Dengue",,-
Ohio,2025,27,"Dengue virus infections, Dengue",,-
Wisconsin,2025,27,"Dengue virus infections, Dengue",,-
West North Central,2025,27,"Dengue virus infections, Dengue",,-
Iowa,2025,27,"Dengue virus infections, Dengue",,-
Kansas,2025,27,"Dengue virus infections, Dengue",,-
Minnesota,2025,27,"Dengue virus infections, Dengue",,-
Missouri,2025,27,"Dengue virus infections, Dengue",,-
Nebraska,2025,27,"Dengue virus infections, Dengue",,-
North Dakota,2025,27,"Dengue virus infections, Dengue",,-
South Dakota,2025,27,"Dengue virus infections, Dengue",,-
South Atlantic,2025,27,"Dengue virus infections, Dengue",,-
Delaware,2025,27,"Dengue virus infections, Dengue",,-
District of Columbia,2025,27,"Dengue virus infections, Dengue",,-
Florida,2025,27,"Dengue virus infections, Dengue",,-
Georgia,2025,27,"Dengue virus infections, Dengue",,-
Maryland,2025,27,"Dengue virus infections, Dengue",,-
North Carolina,2025,27,"Dengue virus infections, Dengue",,-
South Carolina,2025,27,"Dengue virus infections, Dengue",,-
Virginia,2025,27,"Dengue virus infections, Dengue",,-
West Virginia,2025,27,"Dengue virus infections, Dengue",,-
East South Central,2025,27,"Dengue virus infections, Dengue",,-
Alabama,2025,27,"Dengue virus infections, Dengue",,-
Kentucky,2025,27,"Dengue virus infections, Dengue",,-
Mississippi,2025,27,"Dengue virus infections, Dengue",,-
Tennessee,2025,27,"Dengue virus infections, Dengue",,-
West South Central,2025,27,"Dengue virus infections, Dengue",,-
Arkansas,2025,27,"Dengue virus infections, Dengue",,-
Louisiana,2025,27,"Dengue virus infections, Dengue",,-
Oklahoma,2025,27,"Dengue virus infections, Dengue",,-
Texas,2025,27,"Dengue virus infections, Dengue",,-
Mountain,2025,27,"Dengue virus infections, Dengue",,-
Arizona,2025,27,"Dengue virus infections, Dengue",,-
Colorado,2025,27,"Dengue virus infections, Dengue",,-
Idaho,2025,27,"Dengue virus infections, Dengue",,-
Montana,2025,27,"Dengue virus infections, Dengue",,-
Nevada,2025,27,"Dengue virus infections, Dengue",,-
New Mexico,2025,27,"Dengue virus infections, Dengue",,-
Utah,2025,27,"Dengue virus infections, Dengue",,-
Wyoming,2025,27,"Dengue virus infections, Dengue",,-
Pacific,2025,27,"Dengue virus infections, Dengue",,-
Alaska,2025,27,"Dengue virus infections, Dengue",,-
California,2025,27,"Dengue virus infections, Dengue",,-
Hawaii,2025,27,"Dengue virus infections, Dengue",,-
Oregon,2025,27,"Dengue virus infections, Dengue",,-
Washington,2025,27,"Dengue virus infections, Dengue",,-
U.S. Territories,2025,27,"Dengue virus infections, Dengue",,-
American Samoa,2025,27,"Dengue virus infections, Dengue",,-
Commonwealth of Northern Mariana Islands,2025,27,"Dengue virus infections, Dengue",,-
Guam,2025,27,"Dengue virus infections, Dengue",,-
Puerto Rico,2025,27,"Dengue virus infections, Dengue",,-
U.S. Virgin Islands,2025,27,"Dengue virus infections, Dengue",,-
Non-U.S. Residents,2025,27,"Dengue virus infections, Dengue",,-
Total,2025,27,"Dengue virus infections, Dengue",,-
U.S. Residents,2025,28,"Dengue virus infections, Dengue",6,
New England,2025,28,"Dengue virus infections, Dengue",,-
Connecticut,2025,28,"Dengue virus infections, Dengue",,-
Maine,2025,28,"Dengue virus infections, Dengue",,-
Massachusetts,2025,28,"Dengue virus infections, Dengue",,-
New Hampshire,2025,28,"Dengue virus infections, Dengue",,-
Rhode Island,2025,28,"Dengue virus infections, Dengue",,-
Vermont,2025,28,"Dengue virus infections, Dengue",,-
Middle Atlantic,2025,28,"Dengue virus infections, Dengue",1,
New Jersey,2025,28,"Dengue virus infections, Dengue",,-
New York,2025,28,"Dengue virus infections, Dengue",1,
New York City,2025,28,"Dengue virus infections, Dengue",,-
Pennsylvania,2025,28,"Dengue virus infections, Dengue",,-
East North Central,2025,28,"Dengue virus infections, Dengue",,-
Illinois,2025,28,"Dengue virus infections, Dengue",,-
Indiana,2025,28,"Dengue virus infections, Dengue",,-
Michigan,2025,28,"Dengue virus infections, Dengue",,-
Ohio,2025,28,"Dengue virus infections, Dengue",,-
Wisconsin,2025,28,"Dengue virus infections, Dengue",,-
West North Central,2025,28,"Dengue virus infections, Dengue",,-
Iowa,2025,28,"Dengue virus infections, Dengue",,-
Kansas,2025,28,"Dengue virus infections, Dengue",,-
Minnesota,2025,28,"Dengue virus infections, Dengue",,-
Missouri,2025,28,"Dengue virus infections, Dengue",,-
Nebraska,2025,28,"Dengue virus infections, Dengue",,-
North Dakota,2025,28,"Dengue virus infections, Dengue",,-
South Dakota,2025,28,"Dengue virus infections, Dengue",,-
South Atlantic,2025,28,"Dengue virus infections, Dengue",3,
Delaware,2025,28,"Dengue virus infections, Dengue",,-
District of Columbia,2025,28,"Dengue virus infections, Dengue",,-
Florida,2025,28,"Dengue virus infections, Dengue",2,
Georgia,2025,28,"Dengue virus infections, Dengue",,-
Maryland,2025,28,"Dengue virus infections, Dengue",,-
North Carolina,2025,28,"Dengue virus infections, Dengue",,-
South Carolina,2025,28,"Dengue virus infections, Dengue",,-
Virginia,2025,28,"Dengue virus infections, Dengue",1,
West Virginia,2025,28,"Dengue virus infections, Dengue",,-
East South Central,2025,28,"Dengue virus infections, Dengue",,-
Alabama,2025,28,"Dengue virus infections, Dengue",,-
Kentucky,2025,28,"Dengue virus infections, Dengue",,-
Mississippi,2025,28,"Dengue virus infections, Dengue",,-
Tennessee,2025,28,"Dengue virus infections, Dengue",,-
West South Central,2025,28,"Dengue virus infections, Dengue",1,
Arkansas,2025,28,"Dengue virus infections, Dengue",,-
Louisiana,2025,28,"Dengue virus infections, Dengue",,-
Oklahoma,2025,28,"Dengue virus infections, Dengue",,-
Texas,2025,28,"Dengue virus infections, Dengue",1,
Mountain,2025,28,"Dengue virus infections, Dengue",1,
Arizona,2025,28,"Dengue virus infections, Dengue",1,
Colorado,2025,28,"Dengue virus infections, Dengue",,-
Idaho,2025,28,"Dengue virus infections, Dengue",,-
Montana,2025,28,"Dengue virus infections, Dengue",,-
Nevada,2025,28,"Dengue virus infections, Dengue",,-
New Mexico,2025,28,"Dengue virus infections, Dengue",,-
Utah,2025,28,"Dengue virus infections, Dengue",,-
Wyoming,2025,28,"Dengue virus infections, Dengue",,-
Pacific,2025,28,"Dengue virus infections, Dengue",,-
Alaska,2025,28,"Dengue virus infections, Dengue",,-
California,2025,28,"Dengue virus infections, Dengue",,-
Hawaii,2025,28,"Dengue virus infections, Dengue",,-
Oregon,2025,28,"Dengue virus infections, Dengue",,-
Washington,2025,28,"Dengue virus infections, Dengue",,-
U.S. Territories,2025,28,"Dengue virus infections, Dengue",,-
American Samoa,2025,28,"Dengue virus infections, Dengue",,-
Commonwealth of Northern Mariana Islands,2025,28,"Dengue virus infections, Dengue",,-
Guam,2025,28,"Dengue virus infections, Dengue",,-
Puerto Rico,2025,28,"Dengue virus infections, Dengue",,-
U.S. Virgin Islands,2025,28,"Dengue virus infections, Dengue",,-
Non-U.S. Residents,2025,28,"Dengue virus infections, Dengue",,-
Total,2025,28,"Dengue virus infections, Dengue",6,
U.S. Residents,2025,29,"Dengue virus infections, Dengue",3,
New England,2025,29,"Dengue virus infections, Dengue",,-
Connecticut,2025,29,"Dengue virus infections, Dengue",,-
Maine,2025,29,"Dengue virus infections, Dengue",,-
Massachusetts,2025,29,"Dengue virus infections, Dengue",,-
New Hampshire,2025,29,"Dengue virus infections, Dengue",,-
Rhode Island,2025,29,"Dengue virus infections, Dengue",,-
Vermont,2025,29,"Dengue virus infections, Dengue",,-
Middle Atlantic,2025,29,"Dengue virus infections, Dengue",,-
New Jersey,2025,29,"Dengue virus infections, Dengue",,-
New York,2025,29,"Dengue virus infections, Dengue",,-
New York City,2025,29,"Dengue virus infections, Dengue",,-
Pennsylvania,2025,29,"Dengue virus infections, Dengue",,-
East North Central,2025,29,"Dengue virus infections, Dengue",,-
Illinois,2025,29,"Dengue virus infections, Dengue",,-
Indiana,2025,29,"Dengue virus infections, Dengue",,-
Michigan,2025,29,"Dengue virus infections, Dengue",,-
Ohio,2025,29,"Dengue virus infections, Dengue",,-
Wisconsin,2025,29,"Dengue virus infections, Dengue",,-
West North Central,2025,29,"Dengue virus infections, Dengue",,-
Iowa,2025,29,"Dengue virus infections, Dengue",,-
Kansas,2025,29,"Dengue virus infections, Dengue",,-
Minnesota,2025,29,"Dengue virus infections, Dengue",,-
Missouri,2025,29,"Dengue virus infections, Dengue",,-
Nebraska,2025,29,"Dengue virus infections, Dengue",,-
North Dakota,2025,29,"Dengue virus infections, Dengue",,-
South Dakota,2025,29,"Dengue virus infections, Dengue",,-
South Atlantic,2025,29,"Dengue virus infections, Dengue",2,
Delaware,2025,29,"Dengue virus infections, Dengue",,-
District of Columbia,2025,29,"Dengue virus infections, Dengue",,-
Florida,2025,29,"Dengue virus infections, Dengue",2,
Georgia,2025,29,"Dengue virus infections, Dengue",,-
Maryland,2025,29,"Dengue virus infections, Dengue",,-
North Carolina,2025,29,"Dengue virus infections, Dengue",,-
South Carolina,2025,29,"Dengue virus infections, Dengue",,-
Virginia,2025,29,"Dengue virus infections, Dengue",,-
West Virginia,2025,29,"Dengue virus infections, Dengue",,-
East South Central,2025,29,"Dengue virus infections, Dengue",,-
Alabama,2025,29,"Dengue virus infections, Dengue",,-
Kentucky,2025,29,"Dengue virus infections, Dengue",,-
Mississippi,2025,29,"Dengue virus infections, Dengue",,-
Tennessee,2025,29,"Dengue virus infections, Dengue",,-
West South Central,2025,29,"Dengue virus infections, Dengue",1,
Arkansas,2025,29,"Dengue virus infections, Dengue",,-
Louisiana,2025,29,"Dengue virus infections, Dengue",,-
Oklahoma,2025,29,"Dengue virus infections, Dengue",,-
Texas,2025,29,"Dengue virus infections, Dengue",1,
Mountain,2025,29,"Dengue virus infections, Dengue",,-
Arizona,2025,29,"Dengue virus infections, Dengue",,-
Colorado,2025,29,"Dengue virus infections, Dengue",,-
Idaho,2025,29,"Dengue virus infections, Dengue",,-
Montana,2025,29,"Dengue virus infections, Dengue",,-
Nevada,2025,29,"Dengue virus infections, Dengue",,-
New Mexico,2025,29,"Dengue virus infections, Dengue",,-
Utah,2025,29,"Dengue virus infections, Dengue",,-
Wyoming,2025,29,"Dengue virus infections, Dengue",,-
Pacific,2025,29,"Dengue virus infections, Dengue",,-
Alaska,2025,29,"Dengue virus infections, Dengue",,-
California,2025,29,"Dengue virus infections, Dengue",,-
Hawaii,2025,29,"Dengue virus infections, Dengue",,-
Oregon,2025,29,"Dengue virus infections, Dengue",,-
Washington,2025,29,"Dengue virus infections, Dengue",,-
U.S. Territories,2025,29,"Dengue virus infections, Dengue",,-
American Samoa,2025,29,"Dengue virus infections, Dengue",,-
Commonwealth of Northern Mariana Islands,2025,29,"Dengue virus infections, Dengue",,-
Guam,2025,29,"Dengue virus infections, Dengue",,-
Puerto Rico,2025,29,"Dengue virus infections, Dengue",,-
U.S. Virgin Islands,2025,29,"Dengue virus infections, Dengue",,-
Non-U.S. Residents,2025,29,"Dengue virus infections, Dengue",,-
Total,2025,29,"Dengue virus infections, Dengue",3,
U.S. Residents,2025,30,"Dengue virus infections, Dengue",2,
New England,2025,30,"Dengue virus infections, Dengue",,-
Connecticut,2025,30,"Dengue virus infections, Dengue",,-
Maine,2025,30,"Dengue virus infections, Dengue",,-
Massachusetts,2025,30,"Dengue virus infections, Dengue",,-
New Hampshire,2025,30,"Dengue virus infections, Dengue",,-
Rhode Island,2025,30,"Dengue virus infections, Dengue",,-
Vermont,2025,30,"Dengue virus infections, Dengue",,-
Middle Atlantic,2025,30,"Dengue virus infections, Dengue",1,
New Jersey,2025,30,"Dengue virus infections, Dengue",,-
New York,2025,30,"Dengue virus infections, Dengue",1,
New York City,2025,30,"Dengue virus infections, Dengue",,-
Pennsylvania,2025,30,"Dengue virus infections, Dengue",,-
East North Central,2025,30,"Dengue virus infections, Dengue",,-
Illinois,2025,30,"Dengue virus infections, Dengue",,-
Indiana,2025,30,"Dengue virus infections, Dengue",,-
Michigan,2025,30,"Dengue virus infections, Dengue",,-
Ohio,2025,30,"Dengue virus infections, Dengue",,-
Wisconsin,2025,30,"Dengue virus infections, Dengue",,-
West North Central,2025,30,"Dengue virus infections, Dengue",,-
Iowa,2025,30,"Dengue virus infections, Dengue",,-
Kansas,2025,30,"Dengue virus infections, Dengue",,-
Minnesota,2025,30,"Dengue virus infections, Dengue",,-
Missouri,2025,30,"Dengue virus infections, Dengue",,-
Nebraska,2025,30,"Dengue virus infections, Dengue",,-
North Dakota,2025,30,"Dengue virus infections, Dengue",,-
South Dakota,2025,30,"Dengue virus infections, Dengue",,-
South Atlantic,2025,30,"Dengue virus infections, Dengue",,-
Delaware,2025,30,"Dengue virus infections, Dengue",,-
District of Columbia,2025,30,"Dengue virus infections, Dengue",,-
Florida,2025,30,"Dengue virus infections, Dengue",,-
Georgia,2025,30,"Dengue virus infections, Dengue",,-
Maryland,2025,30,"Dengue virus infections, Dengue",,-
North Carolina,2025,30,"Dengue virus infections, Dengue",,-
South Carolina,2025,30,"Dengue virus infections, Dengue",,-
Virginia,2025,30,"Dengue virus infections, Dengue",,-
West Virginia,2025,30,"Dengue virus infections, Dengue",,-
East South Central,2025,30,"Dengue virus infections, Dengue",,-
Alabama,2025,30,"Dengue virus infections, Dengue",,-
Kentucky,2025,30,"Dengue virus infections, Dengue",,-
Mississippi,2025,30,"Dengue virus infections, Dengue",,-
Tennessee,2025,30,"Dengue virus infections, Dengue",,-
West South Central,2025,30,"Dengue virus infections, Dengue",,-
Arkansas,2025,30,"Dengue virus infections, Dengue",,-
Louisiana,2025,30,"Dengue virus infections, Dengue",,-
Oklahoma,2025,30,"Dengue virus infections, Dengue",,-
Texas,2025,30,"Dengue virus infections, Dengue",,-
Mountain,2025,30,"Dengue virus infections, Dengue",1,
Arizona,2025,30,"Dengue virus infections, Dengue",1,
Colorado,2025,30,"Dengue virus infections, Dengue",,-
Idaho,2025,30,"Dengue virus infections, Dengue",,-
Montana,2025,30,"Dengue virus infections, Dengue",,-
Nevada,2025,30,"Dengue virus infections, Dengue",,-
New Mexico,2025,30,"Dengue virus infections, Dengue",,-
Utah,2025,30,"Dengue virus infections, Dengue",,-
Wyoming,2025,30,"Dengue virus infections, Dengue",,-
Pacific,2025,30,"Dengue virus infections, Dengue",,-
Alaska,2025,30,"Dengue virus infections, Dengue",,-
California,2025,30,"Dengue virus infections, Dengue",,-
Hawaii,2025,30,"Dengue virus infections, Dengue",,-
Oregon,2025,30,"Dengue virus infections, Dengue",,-
Washington,2025,30,"Dengue virus infections, Dengue",,-
U.S. Territories,2025,30,"Dengue virus infections, Dengue",,-
American Samoa,2025,30,"Dengue virus infections, Dengue",,-
Commonwealth of Northern Mariana Islands,2025,30,"Dengue virus infections, Dengue",,-
Guam,2025,30,"Dengue virus infections, Dengue",,-
Puerto Rico,2025,30,"Dengue virus infections, Dengue",,-
U.S. Virgin Islands,2025,30,"Dengue virus infections, Dengue",,-
Non-U.S. Residents,2025,30,"Dengue virus infections, Dengue",,-
Total,2025,30,"Dengue virus infections, Dengue",2,
U.S. Residents,2025,31,"Dengue virus infections, Dengue",3,
New England,2025,31,"Dengue virus infections, Dengue",,-
Connecticut,2025,31,"Dengue virus infections, Dengue",,-
Maine,2025,31,"Dengue virus infections, Dengue",,-
Massachusetts,2025,31,"Dengue virus infections, Dengue",,-
New Hampshire,2025,31,"Dengue virus infections, Dengue",,-
Rhode Island,2025,31,"Dengue virus infections, Dengue",,-
Vermont,2025,31,"Dengue virus infections, Dengue",,-
Middle Atlantic,2025,31,"Dengue virus infections, Dengue",2,
New Jersey,2025,31,"Dengue virus infections, Dengue",,-
New York,2025,31,"Dengue virus infections, Dengue",2,
New York City,2025,31,"Dengue virus infections, Dengue",,-
Pennsylvania,2025,31,"Dengue virus infections, Dengue",,-
East North Central,2025,31,"Dengue virus infections, Dengue",,-
Illinois,2025,31,"Dengue virus infections, Dengue",,-
Indiana,2025,31,"Dengue virus infections, Dengue",,-
Michigan,2025,31,"Dengue virus infections, Dengue",,-
Ohio,2025,31,"Dengue virus infections, Dengue",,-
Wisconsin,2025,31,"Dengue virus infections, Dengue",,-
West North Central,2025,31,"Dengue virus infections, Dengue",,-
Iowa,2025,31,"Dengue virus infections, Dengue",,-
Kansas,2025,31,"Dengue virus infections, Dengue",,-
Minnesota,2025,31,"Dengue virus infections, Dengue",,-
Missouri,2025,31,"Dengue virus infections, Dengue",,-
Nebraska,2025,31,"Dengue virus infections, Dengue",,-
North Dakota,2025,31,"Dengue virus infections, Dengue",,-
South Dakota,2025,31,"Dengue virus infections, Dengue",,-
South Atlantic,2025,31,"Dengue virus infections, Dengue",1,
Delaware,2025,31,"Dengue virus infections, Dengue",,-
District of Columbia,2025,31,"Dengue virus infections, Dengue",,-
Florida,2025,31,"Dengue virus infections, Dengue",1,
Georgia,2025,31,"Dengue virus infections, Dengue",,-
Maryland,2025,31,"Dengue virus infections, Dengue",,-
North Carolina,2025,31,"Dengue virus infections, Dengue",,-
South Carolina,2025,31,"Dengue virus infections, Dengue",,-
Virginia,2025,31,"Dengue virus infections, Dengue",,-
West Virginia,2025,31,"Dengue virus infections, Dengue",,-
East South Central,2025,31,"Dengue virus infections, Dengue",,-
Alabama,2025,31,"Dengue virus infections, Dengue",,-
Kentucky,2025,31,"Dengue virus infections, Dengue",,-
Mississippi,2025,31,"Dengue virus infections, Dengue",,-
Tennessee,2025,31,"Dengue virus infections, Dengue",,-
West South Central,2025,31,"Dengue virus infections, Dengue",,-
Arkansas,2025,31,"Dengue virus infections, Dengue",,-
Louisiana,2025,31,"Dengue virus infections, Dengue",,-
Oklahoma,2025,31,"Dengue virus infections, Dengue",,-
Texas,2025,31,"Dengue virus infections, Dengue",,-
Mountain,2025,31,"Dengue virus infections, Dengue",,-
Arizona,2025,31,"Dengue virus infections, Dengue",,-
Colorado,2025,31,"Dengue virus infections, Dengue",,-
Idaho,2025,31,"Dengue virus infections, Dengue",,-
Montana,2025,31,"Dengue virus infections, Dengue",,-
Nevada,2025,31,"Dengue virus infections, Dengue",,-
New Mexico,2025,31,"Dengue virus infections, Dengue",,-
Utah,2025,31,"Dengue virus infections, Dengue",,-
Wyoming,2025,31,"Dengue virus infections, Dengue",,-
Pacific,2025,31,"Dengue virus infections, Dengue",,-
Alaska,2025,31,"Dengue virus infections, Dengue",,-
California,2025,31,"Dengue virus infections, Dengue",,-
Hawaii,2025,31,"Dengue virus infections, Dengue",,-
Oregon,2025,31,"Dengue virus infections, Dengue",,-
Washington,2025,31,"Dengue virus infections, Dengue",,-
U.S. Territories,2025,31,"Dengue virus infections, Dengue",,-
American Samoa,2025,31,"Dengue virus infections, Dengue",,-
Commonwealth of Northern Mariana Islands,2025,31,"Dengue virus infections, Dengue",,-
Guam,2025,31,"Dengue virus infections, Dengue",,-
Puerto Rico,2025,31,"Dengue virus infections, Dengue",,-
U.S. Virgin Islands,2025,31,"Dengue virus infections, Dengue",,-
Non-U.S. Residents,2025,31,"Dengue virus infections, Dengue",,-
Total,2025,31,"Dengue virus infections, Dengue",3,
U.S. Residents,2025,32,"Dengue virus infections, Dengue",10,
New England,2025,32,"Dengue virus infections, Dengue",,-
Connecticut,2025,32,"Dengue virus infections, Dengue",,-
Maine,2025,32,"Dengue virus infections, Dengue",,-
Massachusetts,2025,32,"Dengue virus infections, Dengue",,-
New Hampshire,2025,32,"Dengue virus infections, Dengue",,-
Rhode Island,2025,32,"Dengue virus infections, Dengue",,-
Vermont,2025,32,"Dengue virus infections, Dengue",,-
Middle Atlantic,2025,32,"Dengue virus infections, Dengue",2,
New Jersey,2025,32,"Dengue virus infections, Dengue",,-
New York,2025,32,"Dengue virus infections, Dengue",2,
New York City,2025,32,"Dengue virus infections, Dengue",,-
Pennsylvania,2025,32,"Dengue virus infections, Dengue",,-
East North Central,2025,32,"Dengue virus infections, Dengue",,-
Illinois,2025,32,"Dengue virus infections, Dengue",,-
Indiana,2025,32,"Dengue virus infections, Dengue",,-
Michigan,2025,32,"Dengue virus infections, Dengue",,-
Ohio,2025,32,"Dengue virus infections, Dengue",,-
Wisconsin,2025,32,"Dengue virus infections, Dengue",,-
West North Central,2025,32,"Dengue virus infections, Dengue",,-
Iowa,2025,32,"Dengue virus infections, Dengue",,-
Kansas,2025,32,"Dengue virus infections, Dengue",,-
Minnesota,2025,32,"Dengue virus infections, Dengue",,-
Missouri,2025,32,"Dengue virus infections, Dengue",,-
Nebraska,2025,32,"Dengue virus infections, Dengue",,-
North Dakota,2025,32,"Dengue virus infections, Dengue",,-
South Dakota,2025,32,"Dengue virus infections, Dengue",,-
South Atlantic,2025,32,"Dengue virus infections, Dengue",7,
Delaware,2025,32,"Dengue virus infections, Dengue",,-
District of Columbia,2025,32,"Dengue virus infections, Dengue",,-
Florida,2025,32,"Dengue virus infections, Dengue",7,
Georgia,2025,32,"Dengue virus infections, Dengue",,-
Maryland,2025,32,"Dengue virus infections, Dengue",,-
North Carolina,2025,32,"Dengue virus infections, Dengue",,-
South Carolina,2025,32,"Dengue virus infections, Dengue",,-
Virginia,2025,32,"Dengue virus infections, Dengue",,-
West Virginia,2025,32,"Dengue virus infections, Dengue",,-
East South Central,2025,32,"Dengue virus infections, Dengue",,-
Alabama,2025,32,"Dengue virus infections, Dengue",,-
Kentucky,2025,32,"Dengue virus infections, Dengue",,-
Mississippi,2025,32,"Dengue virus infections, Dengue",,-
Tennessee,2025,32,"Dengue virus infections, Dengue",,-
West South Central,2025,32,"Dengue virus infections, Dengue",1,
Arkansas,2025,32,"Dengue virus infections, Dengue",,-
Louisiana,2025,32,"Dengue virus infections, Dengue",,-
Oklahoma,2025,32,"Dengue virus infections, Dengue",,-
Texas,2025,32,"Dengue virus infections, Dengue",1,
Mountain,2025,32,"Dengue virus infections, Dengue",,-
Arizona,2025,32,"Dengue virus infections, Dengue",,-
Colorado,2025,32,"Dengue virus infections, Dengue",,-
Idaho,2025,32,"Dengue virus infections, Dengue",,-
Montana,2025,32,"Dengue virus infections, Dengue",,-
Nevada,2025,32,"Dengue virus infections, Dengue",,-
New Mexico,2025,32,"Dengue virus infections, Dengue",,-
Utah,2025,32,"Dengue virus infections, Dengue",,-
Wyoming,2025,32,"Dengue virus infections, Dengue",,-
Pacific,2025,32,"Dengue virus infections, Dengue",,-
Alaska,2025,32,"Dengue virus infections, Dengue",,-
California,2025,32,"Dengue virus infections, Dengue",,-
Hawaii,2025,32,"Dengue virus infections, Dengue",,-
Oregon,2025,32,"Dengue virus infections, Dengue",,-
Washington,2025,32,"Dengue virus infections, Dengue",,-
U.S. Territories,2025,32,"Dengue virus infections, Dengue",,-
American Samoa,2025,32,"Dengue virus infections, Dengue",,-
Commonwealth of Northern Mariana Islands,2025,32,"Dengue virus infections, Dengue",,-
Guam,2025,32,"Dengue virus infections, Dengue",,-
Puerto Rico,2025,32,"Dengue virus infections, Dengue",,-
U.S. Virgin Islands,2025,32,"Dengue virus infections, Dengue",,-
Non-U.S. Residents,2025,32,"Dengue virus infections, Dengue",,-
Total,2025,32,"Dengue virus infections, Dengue",10,
U.S. Residents,2025,33,"Dengue virus infections, Dengue",1,
New England,2025,33,"Dengue virus infections, Dengue",,-
Connecticut,2025,33,"Dengue virus infections, Dengue",,-
Maine,2025,33,"Dengue virus infections, Dengue",,-
Massachusetts,2025,33,"Dengue virus infections, Dengue",,-
New Hampshire,2025,33,"Dengue virus infections, Dengue",,-
Rhode Island,2025,33,"Dengue virus infections, Dengue",,-
Vermont,2025,33,"Dengue virus infections, Dengue",,-
Middle Atlantic,2025,33,"Dengue virus infections, Dengue",1,
New Jersey,2025,33,"Dengue virus infections, Dengue",,-
New York,2025,33,"Dengue virus infections, Dengue",1,
New York City,2025,33,"Dengue virus infections, Dengue",,-
Pennsylvania,2025,33,"Dengue virus infections, Dengue",,-
East North Central,2025,33,"Dengue virus infections, Dengue",,-
Illinois,2025,33,"Dengue virus infections, Dengue",,-
Indiana,2025,33,"Dengue virus infections, Dengue",,-
Michigan,2025,33,"Dengue virus infections, Dengue",,-
Ohio,2025,33,"Dengue virus infections, Dengue",,-
Wisconsin,2025,33,"Dengue virus infections, Dengue",,-
West North Central,2025,33,"Dengue virus infections, Dengue",,-
Iowa,2025,33,"Dengue virus infections, Dengue",,-
Kansas,2025,33,"Dengue virus infections, Dengue",,-
Minnesota,2025,33,"Dengue virus infections, Dengue",,-
Missouri,2025,33,"Dengue virus infections, Dengue",,-
Nebraska,2025,33,"Dengue virus infections, Dengue",,-
North Dakota,2025,33,"Dengue virus infections, Dengue",,-
South Dakota,2025,33,"Dengue virus infections, Dengue",,-
South Atlantic,2025,33,"Dengue virus infections, Dengue",,-
Delaware,2025,33,"Dengue virus infections, Dengue",,-
District of Columbia,2025,33,"Dengue virus infections, Dengue",,-
Florida,2025,33,"Dengue virus infections, Dengue",,-
Georgia,2025,33,"Dengue virus infections, Dengue",,-
Maryland,2025,33,"Dengue virus infections, Dengue",,-
North Carolina,2025,33,"Dengue virus infections, Dengue",,-
South Carolina,2025,33,"Dengue virus infections, Dengue",,-
Virginia,2025,33,"Dengue virus infections, Dengue",,-
West Virginia,2025,33,"Dengue virus infections, Dengue",,-
East South Central,2025,33,"Dengue virus infections, Dengue",,-
Alabama,2025,33,"Dengue virus infections, Dengue",,-
Kentucky,2025,33,"Dengue virus infections, Dengue",,-
Mississippi,2025,33,"Dengue virus infections, Dengue",,-
Tennessee,2025,33,"Dengue virus infections, Dengue",,-
West South Central,2025,33,"Dengue virus infections, Dengue",,-
Arkansas,2025,33,"Dengue virus infections, Dengue",,-
Louisiana,2025,33,"Dengue virus infections, Dengue",,-
Oklahoma,2025,33,"Dengue virus infections, Dengue",,-
Texas,2025,33,"Dengue virus infections, Dengue",,-
Mountain,2025,33,"Dengue virus infections, Dengue",,-
Arizona,2025,33,"Dengue virus infections, Dengue",,-
Colorado,2025,33,"Dengue virus infections, Dengue",,-
Idaho,2025,33,"Dengue virus infections, Dengue",,-
Montana,2025,33,"Dengue virus infections, Dengue",,-
Nevada,2025,33,"Dengue virus infections, Dengue",,-
New Mexico,2025,33,"Dengue virus infections, Dengue",,-
Utah,2025,33,"Dengue virus infections, Dengue",,-
Wyoming,2025,33,"Dengue virus infections, Dengue",,-
Pacific,2025,33,"Dengue virus infections, Dengue",,-
Alaska,2025,33,"Dengue virus infections, Dengue",,-
California,2025,33,"Dengue virus infections, Dengue",,-
Hawaii,2025,33,"Dengue virus infections, Dengue",,-
Oregon,2025,33,"Dengue virus infections, Dengue",,-
Washington,2025,33,"Dengue virus infections, Dengue",,-
U.S. Territories,2025,33,"Dengue virus infections, Dengue",,-
American Samoa,2025,33,"Dengue virus infections, Dengue",,-
Commonwealth of Northern Mariana Islands,2025,33,"Dengue virus infections, Dengue",,-
Guam,2025,33,"Dengue virus infections, Dengue",,-
Puerto Rico,2025,33,"Dengue virus infections, Dengue",,-
U.S. Virgin Islands,2025,33,"Dengue virus infections, Dengue",,-
Non-U.S. Residents,2025,33,"Dengue virus infections, Dengue",,-
Total,2025,33,"Dengue virus infections, Dengue",1,
U.S. Residents,2025,34,"Dengue virus infections, Dengue",1,
New England,2025,34,"Dengue virus infections, Dengue",,-
Connecticut,2025,34,"Dengue virus infections, Dengue",,-
Maine,2025,34,"Dengue virus infections, Dengue",,-
Massachusetts,2025,34,"Dengue virus infections, Dengue",,-
New Hampshire,2025,34,"Dengue virus infections, Dengue",,-
Rhode Island,2025,34,"Dengue virus infections, Dengue",,-
Vermont,2025,34,"Dengue virus infections, Dengue",,-
Middle Atlantic,2025,34,"Dengue virus infections, Dengue",1,
New Jersey,2025,34,"Dengue virus infections, Dengue",,-
New York,2025,34,"Dengue virus infections, Dengue",1,
New York City,2025,34,"Dengue virus infections, Dengue",,-
Pennsylvania,2025,34,"Dengue virus infections, Dengue",,-
East North Central,2025,34,"Dengue virus infections, Dengue",,-
Illinois,2025,34,"Dengue virus infections, Dengue",,-
Indiana,2025,34,"Dengue virus infections, Dengue",,-
Michigan,2025,34,"Dengue virus infections, Dengue",,-
Ohio,2025,34,"Dengue virus infections, Dengue",,-
Wisconsin,2025,34,"Dengue virus infections, Dengue",,-
West North Central,2025,34,"Dengue virus infections, Dengue",,-
Iowa,2025,34,"Dengue virus infections, Dengue",,-
Kansas,2025,34,"Dengue virus infections, Dengue",,-
Minnesota,2025,34,"Dengue virus infections, Dengue",,-
Missouri,2025,34,"Dengue virus infections, Dengue",,-
Nebraska,2025,34,"Dengue virus infections, Dengue",,-
North Dakota,2025,34,"Dengue virus infections, Dengue",,-
South Dakota,2025,34,"Dengue virus infections, Dengue",,-
South Atlantic,2025,34,"Dengue virus infections, Dengue",,-
Delaware,2025,34,"Dengue virus infections, Dengue",,-
District of Columbia,2025,34,"Dengue virus infections, Dengue",,-
Florida,2025,34,"Dengue virus infections, Dengue",,-
Georgia,2025,34,"Dengue virus infections, Dengue",,-
Maryland,2025,34,"Dengue virus infections, Dengue",,-
North Carolina,2025,34,"Dengue virus infections, Dengue",,-
South Carolina,2025,34,"Dengue virus infections, Dengue",,-
Virginia,2025,34,"Dengue virus infections, Dengue",,-
West Virginia,2025,34,"Dengue virus infections, Dengue",,-
East South Central,2025,34,"Dengue virus infections, Dengue",,-
Alabama,2025,34,"Dengue virus infections, Dengue",,-
Kentucky,2025,34,"Dengue virus infections, Dengue",,-
Mississippi,2025,34,"Dengue virus infections, Dengue",,-
Tennessee,2025,34,"Dengue virus infections, Dengue",,-
West South Central,2025,34,"Dengue virus infections, Dengue",,-
Arkansas,2025,34,"Dengue virus infections, Dengue",,-
Louisiana,2025,34,"Dengue virus infections, Dengue",,-
Oklahoma,2025,34,"Dengue virus infections, Dengue",,-
Texas,2025,34,"Dengue virus infections, Dengue",,-
Mountain,2025,34,"Dengue virus infections, Dengue",,-
Arizona,2025,34,"Dengue virus infections, Dengue",,-
Colorado,2025,34,"Dengue virus infections, Dengue",,-
Idaho,2025,34,"Dengue virus infections, Dengue",,-
Montana,2025,34,"Dengue virus infections, Dengue",,-
Nevada,2025,34,"Dengue virus infections, Dengue",,-
New Mexico,2025,34,"Dengue virus infections, Dengue",,-
Utah,2025,34,"Dengue virus infections, Dengue",,-
Wyoming,2025,34,"Dengue virus infections, Dengue",,-
Pacific,2025,34,"Dengue virus infections, Dengue",,-
Alaska,2025,34,"Dengue virus infections, Dengue",,-
California,2025,34,"Dengue virus infections, Dengue",,-
Hawaii,2025,34,"Dengue virus infections, Dengue",,-
Oregon,2025,34,"Dengue virus infections, Dengue",,-
Washington,2025,34,"Dengue virus infections, Dengue",,-
U.S. Territories,2025,34,"Dengue virus infections, Dengue",,-
American Samoa,2025,34,"Dengue virus infections, Dengue",,-
Commonwealth of Northern Mariana Islands,2025,34,"Dengue virus infections, Dengue",,-
Guam,2025,34,"Dengue virus infections, Dengue",,-
Puerto Rico,2025,34,"Dengue virus infections, Dengue",,-
U.S. Virgin Islands,2025,34,"Dengue virus infections, Dengue",,-
Non-U.S. Residents,2025,34,"Dengue virus infections, Dengue",,-
Total,2025,34,"Dengue virus infections, Dengue",1,
U.S. Residents,2025,35,"Dengue virus infections, Dengue",3,
New England,2025,35,"Dengue virus infections, Dengue",,-
Connecticut,2025,35,"Dengue virus infections, Dengue",,-
Maine,2025,35,"Dengue virus infections, Dengue",,-
Massachusetts,2025,35,"Dengue virus infections, Dengue",,-
New Hampshire,2025,35,"Dengue virus infections, Dengue",,-
Rhode Island,2025,35,"Dengue virus infections, Dengue",,-
Vermont,2025,35,"Dengue virus infections, Dengue",,-
Middle Atlantic,2025,35,"Dengue virus infections, Dengue",2,
New Jersey,2025,35,"Dengue virus infections, Dengue",,-
New York,2025,35,"Dengue virus infections, Dengue",2,
New York City,2025,35,"Dengue virus infections, Dengue",,-
Pennsylvania,2025,35,"Dengue virus infections, Dengue",,-
East North Central,2025,35,"Dengue virus infections, Dengue",,-
Illinois,2025,35,"Dengue virus infections, Dengue",,-
Indiana,2025,35,"Dengue virus infections, Dengue",,-
Michigan,2025,35,"Dengue virus infections, Dengue",,-
Ohio,2025,35,"Dengue virus infections, Dengue",,-
Wisconsin,2025,35,"Dengue virus infections, Dengue",,-
West North Central,2025,35,"Dengue virus infections, Dengue",,-
Iowa,2025,35,"Dengue virus infections, Dengue",,-
Kansas,2025,35,"Dengue virus infections, Dengue",,-
Minnesota,2025,35,"Dengue virus infections, Dengue",,-
Missouri,2025,35,"Dengue virus infections, Dengue",,-
Nebraska,2025,35,"Dengue virus infections, Dengue",,-
North Dakota,2025,35,"Dengue virus infections, Dengue",,-
South Dakota,2025,35,"Dengue virus infections, Dengue",,-
South Atlantic,2025,35,"Dengue virus infections, Dengue",1,
Delaware,2025,35,"Dengue virus infections, Dengue",,-
District of Columbia,2025,35,"Dengue virus infections, Dengue",,-
Florida,2025,35,"Dengue virus infections, Dengue",,-
Georgia,2025,35,"Dengue virus infections, Dengue",,-
Maryland,2025,35,"Dengue virus infections, Dengue",1,
North Carolina,2025,35,"Dengue virus infections, Dengue",,-
South Carolina,2025,35,"Dengue virus infections, Dengue",,-
Virginia,2025,35,"Dengue virus infections, Dengue",,-
West Virginia,2025,35,"Dengue virus infections, Dengue",,-
East South Central,2025,35,"Dengue virus infections, Dengue",,-
Alabama,2025,35,"Dengue virus infections, Dengue",,-
Kentucky,2025,35,"Dengue virus infections, Dengue",,-
Mississippi,2025,35,"Dengue virus infections, Dengue",,-
Tennessee,2025,35,"Dengue virus infections, Dengue",,-
West South Central,2025,35,"Dengue virus infections, Dengue",,-
Arkansas,2025,35,"Dengue virus infections, Dengue",,-
Louisiana,2025,35,"Dengue virus infections, Dengue",,-
Oklahoma,2025,35,"Dengue virus infections, Dengue",,-
Texas,2025,35,"Dengue virus infections, Dengue",,-
Mountain,2025,35,"Dengue virus infections, Dengue",,-
Arizona,2025,35,"Dengue virus infections, Dengue",,-
Colorado,2025,35,"Dengue virus infections, Dengue",,-
Idaho,2025,35,"Dengue virus infections, Dengue",,-
Montana,2025,35,"Dengue virus infections, Dengue",,-
Nevada,2025,35,"Dengue virus infections, Dengue",,-
New Mexico,2025,35,"Dengue virus infections, Dengue",,-
Utah,2025,35,"Dengue virus infections, Dengue",,-
Wyoming,2025,35,"Dengue virus infections, Dengue",,-
Pacific,2025,35,"Dengue virus infections, Dengue",,-
Alaska,2025,35,"Dengue virus infections, Dengue",,-
California,2025,35,"Dengue virus infections, Dengue",,-
Hawaii,2025,35,"Dengue virus infections, Dengue",,-
Oregon,2025,35,"Dengue virus infections, Dengue",,-
Washington,2025,35,"Dengue virus infections, Dengue",,-
U.S. Territories,2025,35,"Dengue virus infections, Dengue",,-
American Samoa,2025,35,"Dengue virus infections, Dengue",,-
Commonwealth of Northern Mariana Islands,2025,35,"Dengue virus infections, Dengue",,-
Guam,2025,35,"Dengue virus infections, Dengue",,-
Puerto Rico,2025,35,"Dengue virus infections, Dengue",,-
U.S. Virgin Islands,2025,35,"Dengue virus infections, Dengue",,-
Non-U.S. Residents,2025,35,"Dengue virus infections, Dengue",,-
Total,2025,35,"Dengue virus infections, Dengue",3,
U.S. Residents,2025,36,"Dengue virus infections, Dengue",8,
New England,2025,36,"Dengue virus infections, Dengue",,-
Connecticut,2025,36,"Dengue virus infections, Dengue",,-
Maine,2025,36,"Dengue virus infections, Dengue",,-
Massachusetts,2025,36,"Dengue virus infections, Dengue",,-
New Hampshire,2025,36,"Dengue virus infections, Dengue",,-
Rhode Island,2025,36,"Dengue virus infections, Dengue",,-
Vermont,2025,36,"Dengue virus infections, Dengue",,-
Middle Atlantic,2025,36,"Dengue virus infections, Dengue",,-
New Jersey,2025,36,"Dengue virus infections, Dengue",,-
New York,2025,36,"Dengue virus infections, Dengue",,-
New York City,2025,36,"Dengue virus infections, Dengue",,-
Pennsylvania,2025,36,"Dengue virus infections, Dengue",,-
East North Central,2025,36,"Dengue virus infections, Dengue",,-
Illinois,2025,36,"Dengue virus infections, Dengue",,-
Indiana,2025,36,"Dengue virus infections, Dengue",,-
Michigan,2025,36,"Dengue virus infections, Dengue",,-
Ohio,2025,36,"Dengue virus infections, Dengue",,-
Wisconsin,2025,36,"Dengue virus infections, Dengue",,-
West North Central,2025,36,"Dengue virus infections, Dengue",,-
Iowa,2025,36,"Dengue virus infections, Dengue",,-
Kansas,2025,36,"Dengue virus infections, Dengue",,-
Minnesota,2025,36,"Dengue virus infections, Dengue",,-
Missouri,2025,36,"Dengue virus infections, Dengue",,-
Nebraska,2025,36,"Dengue virus infections, Dengue",,-
North Dakota,2025,36,"Dengue virus infections, Dengue",,-
South Dakota,2025,36,"Dengue virus infections, Dengue",,-
South Atlantic,2025,36,"Dengue virus infections, Dengue",8,
Delaware,2025,36,"Dengue virus infections, Dengue",,-
District of Columbia,2025,36,"Dengue virus infections, Dengue",,-
Florida,2025,36,"Dengue virus infections, Dengue",8,
Georgia,2025,36,"Dengue virus infections, Dengue",,-
Maryland,2025,36,"Dengue virus infections, Dengue",,-
North Carolina,2025,36,"Dengue virus infections, Dengue",,-
South Carolina,2025,36,"Dengue virus infections, Dengue",,-
Virginia,2025,36,"Dengue virus infections, Dengue",,-
West Virginia,2025,36,"Dengue virus infections, Dengue",,-
East South Central,2025,36,"Dengue virus infections, Dengue",,-
Alabama,2025,36,"Dengue virus infections, Dengue",,-
Kentucky,2025,36,"Dengue virus infections, Dengue",,-
Mississippi,2025,36,"Dengue virus infections, Dengue",,-
Tennessee,2025,36,"Dengue virus infections, Dengue",,-
West South Central,2025,36,"Dengue virus infections, Dengue",,-
Arkansas,2025,36,"Dengue virus infections, Dengue",,-
Louisiana,2025,36,"Dengue virus infections, Dengue",,-
Oklahoma,2025,36,"Dengue virus infections, Dengue",,-
Texas,2025,36,"Dengue virus infections, Dengue",,-
Mountain,2025,36,"Dengue virus infections, Dengue",,-
Arizona,2025,36,"Dengue virus infections, Dengue",,-
Colorado,2025,36,"Dengue virus infections, Dengue",,-
Idaho,2025,36,"Dengue virus infections, Dengue",,-
Montana,2025,36,"Dengue virus infections, Dengue",,-
Nevada,2025,36,"Dengue virus infections, Dengue",,-
New Mexico,2025,36,"Dengue virus infections, Dengue",,-
Utah,2025,36,"Dengue virus infections, Dengue",,-
Wyoming,2025,36,"Dengue virus infections, Dengue",,-
Pacific,2025,36,"Dengue virus infections, Dengue",,-
Alaska,2025,36,"Dengue virus infections, Dengue",,-
California,2025,36,"Dengue virus infections, Dengue",,-
Hawaii,2025,36,"Dengue virus infections, Dengue",,-
Oregon,2025,36,"Dengue virus infections, Dengue",,-
Washington,2025,36,"Dengue virus infections, Dengue",,-
U.S. Territories,2025,36,"Dengue virus infections, Dengue",,-
American Samoa,2025,36,"Dengue virus infections, Dengue",,-
Commonwealth of Northern Mariana Islands,2025,36,"Dengue virus infections, Dengue",,-
Guam,2025,36,"Dengue virus infections, Dengue",,-
Puerto Rico,2025,36,"Dengue virus infections, Dengue",,-
U.S. Virgin Islands,2025,36,"Dengue virus infections, Dengue",,-
Non-U.S. Residents,2025,36,"Dengue virus infections, Dengue",,-
Total,2025,36,"Dengue virus infections, Dengue",8,
U.S. Residents,2025,37,"Dengue virus infections, Dengue",4,
New England,2025,37,"Dengue virus infections, Dengue",1,
Connecticut,2025,37,"Dengue virus infections, Dengue",,-
Maine,2025,37,"Dengue virus infections, Dengue",1,
Massachusetts,2025,37,"Dengue virus infections, Dengue",,-
New Hampshire,2025,37,"Dengue virus infections, Dengue",,-
Rhode Island,2025,37,"Dengue virus infections, Dengue",,-
Vermont,2025,37,"Dengue virus infections, Dengue",,-
Middle Atlantic,2025,37,"Dengue virus infections, Dengue",,-
New Jersey,2025,37,"Dengue virus infections, Dengue",,-
New York,2025,37,"Dengue virus infections, Dengue",,-
New York City,2025,37,"Dengue virus infections, Dengue",,-
Pennsylvania,2025,37,"Dengue virus infections, Dengue",,-
East North Central,2025,37,"Dengue virus infections, Dengue",,-
Illinois,2025,37,"Dengue virus infections, Dengue",,-
Indiana,2025,37,"Dengue virus infections, Dengue",,-
Michigan,2025,37,"Dengue virus infections, Dengue",,-
Ohio,2025,37,"Dengue virus infections, Dengue",,-
Wisconsin,2025,37,"Dengue virus infections, Dengue",,-
West North Central,2025,37,"Dengue virus infections, Dengue",,-
Iowa,2025,37,"Dengue virus infections, Dengue",,-
Kansas,2025,37,"Dengue virus infections, Dengue",,-
Minnesota,2025,37,"Dengue virus infections, Dengue",,-
Missouri,2025,37,"Dengue virus infections, Dengue",,-
Nebraska,2025,37,"Dengue virus infections, Dengue",,-
North Dakota,2025,37,"Dengue virus infections, Dengue",,-
South Dakota,2025,37,"Dengue virus infections, Dengue",,-
South Atlantic,2025,37,"Dengue virus infections, Dengue",,-
Delaware,2025,37,"Dengue virus infections, Dengue",,-
District of Columbia,2025,37,"Dengue virus infections, Dengue",,-
Florida,2025,37,"Dengue virus infections, Dengue",,-
Georgia,2025,37,"Dengue virus infections, Dengue",,-
Maryland,2025,37,"Dengue virus infections, Dengue",,-
North Carolina,2025,37,"Dengue virus infections, Dengue",,-
South Carolina,2025,37,"Dengue virus infections, Dengue",,-
Virginia,2025,37,"Dengue virus infections, Dengue",,-
West Virginia,2025,37,"Dengue virus infections, Dengue",,-
East South Central,2025,37,"Dengue virus infections, Dengue",,-
Alabama,2025,37,"Dengue virus infections, Dengue",,-
Kentucky,2025,37,"Dengue virus infections, Dengue",,-
Mississippi,2025,37,"Dengue virus infections, Dengue",,-
Tennessee,2025,37,"Dengue virus infections, Dengue",,-
West South Central,2025,37,"Dengue virus infections, Dengue",2,
Arkansas,2025,37,"Dengue virus infections, Dengue",,-
Louisiana,2025,37,"Dengue virus infections, Dengue",,-
Oklahoma,2025,37,"Dengue virus infections, Dengue",,-
Texas,2025,37,"Dengue virus infections, Dengue",2,
Mountain,2025,37,"Dengue virus infections, Dengue",1,
Arizona,2025,37,"Dengue virus infections, Dengue",1,
Colorado,2025,37,"Dengue virus infections, Dengue",,-
Idaho,2025,37,"Dengue virus infections, Dengue",,-
Montana,2025,37,"Dengue virus infections, Dengue",,-
Nevada,2025,37,"Dengue virus infections, Dengue",,-
New Mexico,2025,37,"Dengue virus infections, Dengue",,-
Utah,2025,37,"Dengue virus infections, Dengue",,-
Wyoming,2025,37,"Dengue virus infections, Dengue",,-
Pacific,2025,37,"Dengue virus infections, Dengue",,-
Alaska,2025,37,"Dengue virus infections, Dengue",,-
California,2025,37,"Dengue virus infections, Dengue",,-
Hawaii,2025,37,"Dengue virus infections, Dengue",,-
Oregon,2025,37,"Dengue virus infections, Dengue",,-
Washington,2025,37,"Dengue virus infections, Dengue",,-
U.S. Territories,2025,37,"Dengue virus infections, Dengue",,-
American Samoa,2025,37,"Dengue virus infections, Dengue",,-
Commonwealth of Northern Mariana Islands,2025,37,"Dengue virus infections, Dengue",,-
Guam,2025,37,"Dengue virus infections, Dengue",,-
Puerto Rico,2025,37,"Dengue virus infections, Dengue",,-
U.S. Virgin Islands,2025,37,"Dengue virus infections, Dengue",,-
Non-U.S. Residents,2025,37,"Dengue virus infections, Dengue",,-
Total,2025,37,"Dengue virus infections, Dengue",4,
U.S. Residents,2025,38,"Dengue virus infections, Dengue",11,
New England,2025,38,"Dengue virus infections, Dengue",,-
Connecticut,2025,38,"Dengue virus infections, Dengue",,-
Maine,2025,38,"Dengue virus infections, Dengue",,-
Massachusetts,2025,38,"Dengue virus infections, Dengue",,-
New Hampshire,2025,38,"Dengue virus infections, Dengue",,-
Rhode Island,2025,38,"Dengue virus infections, Dengue",,-
Vermont,2025,38,"Dengue virus infections, Dengue",,-
Middle Atlantic,2025,38,"Dengue virus infections, Dengue",,-
New Jersey,2025,38,"Dengue virus infections, Dengue",,-
New York,2025,38,"Dengue virus infections, Dengue",,-
New York City,2025,38,"Dengue virus infections, Dengue",,-
Pennsylvania,2025,38,"Dengue virus infections, Dengue",,-
East North Central,2025,38,"Dengue virus infections, Dengue",,-
Illinois,2025,38,"Dengue virus infections, Dengue",,-
Indiana,2025,38,"Dengue virus infections, Dengue",,-
Michigan,2025,38,"Dengue virus infections, Dengue",,-
Ohio,2025,38,"Dengue virus infections, Dengue",,-
Wisconsin,2025,38,"Dengue virus infections, Dengue",,-
West North Central,2025,38,"Dengue virus infections, Dengue",,-
Iowa,2025,38,"Dengue virus infections, Dengue",,-
Kansas,2025,38,"Dengue virus infections, Dengue",,-
Minnesota,2025,38,"Dengue virus infections, Dengue",,-
Missouri,2025,38,"Dengue virus infections, Dengue",,-
Nebraska,2025,38,"Dengue virus infections, Dengue",,-
North Dakota,2025,38,"Dengue virus infections, Dengue",,-
South Dakota,2025,38,"Dengue virus infections, Dengue",,-
South Atlantic,2025,38,"Dengue virus infections, Dengue",11,
Delaware,2025,38,"Dengue virus infections, Dengue",,-
District of Columbia,2025,38,"Dengue virus infections, Dengue",,-
Florida,2025,38,"Dengue virus infections, Dengue",11,
Georgia,2025,38,"Dengue virus infections, Dengue",,-
Maryland,2025,38,"Dengue virus infections, Dengue",,-
North Carolina,2025,38,"Dengue virus infections, Dengue",,-
South Carolina,2025,38,"Dengue virus infections, Dengue",,-
Virginia,2025,38,"Dengue virus infections, Dengue",,-
West Virginia,2025,38,"Dengue virus infections, Dengue",,-
East South Central,2025,38,"Dengue virus infections, Dengue",,-
Alabama,2025,38,"Dengue virus infections, Dengue",,-
Kentucky,2025,38,"Dengue virus infections, Dengue",,-
Mississippi,2025,38,"Dengue virus infections, Dengue",,-
Tennessee,2025,38,"Dengue virus infections, Dengue",,-
West South Central,2025,38,"Dengue virus infections, Dengue",,-
Arkansas,2025,38,"Dengue virus infections, Dengue",,-
Louisiana,2025,38,"Dengue virus infections, Dengue",,-
Oklahoma,2025,38,"Dengue virus infections, Dengue",,-
Texas,2025,38,"Dengue virus infections, Dengue",,-
Mountain,2025,38,"Dengue virus infections, Dengue",,-
Arizona,2025,38,"Dengue virus infections, Dengue",,-
Colorado,2025,38,"Dengue virus infections, Dengue",,-
Idaho,2025,38,"Dengue virus infections, Dengue",,-
Montana,2025,38,"Dengue virus infections, Dengue",,-
Nevada,2025,38,"Dengue virus infections, Dengue",,-
New Mexico,2025,38,"Dengue virus infections, Dengue",,-
Utah,2025,38,"Dengue virus infections, Dengue",,-
Wyoming,2025,38,"Dengue virus infections, Dengue",,-
Pacific,2025,38,"Dengue virus infections, Dengue",,-
Alaska,2025,38,"Dengue virus infections, Dengue",,-
California,2025,38,"Dengue virus infections, Dengue",,-
Hawaii,2025,38,"Dengue virus infections, Dengue",,-
Oregon,2025,38,"Dengue virus infections, Dengue",,-
Washington,2025,38,"Dengue virus infections, Dengue",,-
U.S. Territories,2025,38,"Dengue virus infections, Dengue",1,
American Samoa,2025,38,"Dengue virus infections, Dengue",,-
Commonwealth of Northern Mariana Islands,2025,38,"Dengue virus infections, Dengue",,-
Guam,2025,38,"Dengue virus infections, Dengue",1,
Puerto Rico,2025,38,"Dengue virus infections, Dengue",,-
U.S. Virgin Islands,2025,38,"Dengue virus infections, Dengue",,-
Non-U.S. Residents,2025,38,"Dengue virus infections, Dengue",,-
Total,2025,38,"Dengue virus infections, Dengue",12,
U.S. Residents,2025,39,"Dengue virus infections, Dengue",6,
New England,2025,39,"Dengue virus infections, Dengue",,-
Connecticut,2025,39,"Dengue virus infections, Dengue",,-
Maine,2025,39,"Dengue virus infections, Dengue",,-
Massachusetts,2025,39,"Dengue virus infections, Dengue",,-
New Hampshire,2025,39,"Dengue virus infections, Dengue",,-
Rhode Island,2025,39,"Dengue virus infections, Dengue",,-
Vermont,2025,39,"Dengue virus infections, Dengue",,-
Middle Atlantic,2025,39,"Dengue virus infections, Dengue",,-
New Jersey,2025,39,"Dengue virus infections, Dengue",,-
New York,2025,39,"Dengue virus infections, Dengue",,-
New York City,2025,39,"Dengue virus infections, Dengue",,-
Pennsylvania,2025,39,"Dengue virus infections, Dengue",,-
East North Central,2025,39,"Dengue virus infections, Dengue",,-
Illinois,2025,39,"Dengue virus infections, Dengue",,-
Indiana,2025,39,"Dengue virus infections, Dengue",,-
Michigan,2025,39,"Dengue virus infections, Dengue",,-
Ohio,2025,39,"Dengue virus infections, Dengue",,-
Wisconsin,2025,39,"Dengue virus infections, Dengue",,-
West North Central,2025,39,"Dengue virus infections, Dengue",,-
Iowa,2025,39,"Dengue virus infections, Dengue",,-
Kansas,2025,39,"Dengue virus infections, Dengue",,-
Minnesota,2025,39,"Dengue virus infections, Dengue",,-
Missouri,2025,39,"Dengue virus infections, Dengue",,-
Nebraska,2025,39,"Dengue virus infections, Dengue",,-
North Dakota,2025,39,"Dengue virus infections, Dengue",,-
South Dakota,2025,39,"Dengue virus infections, Dengue",,-
South Atlantic,2025,39,"Dengue virus infections, Dengue",6,
Delaware,2025,39,"Dengue virus infections, Dengue",,-
District of Columbia,2025,39,"Dengue virus infections, Dengue",,-
Florida,2025,39,"Dengue virus infections, Dengue",6,
Georgia,2025,39,"Dengue virus infections, Dengue",,-
Maryland,2025,39,"Dengue virus infections, Dengue",,-
North Carolina,2025,39,"Dengue virus infections, Dengue",,-
South Carolina,2025,39,"Dengue virus infections, Dengue",,-
Virginia,2025,39,"Dengue virus infections, Dengue",,-
West Virginia,2025,39,"Dengue virus infections, Dengue",,-
East South Central,2025,39,"Dengue virus infections, Dengue",,-
Alabama,2025,39,"Dengue virus infections, Dengue",,-
Kentucky,2025,39,"Dengue virus infections, Dengue",,-
Mississippi,2025,39,"Dengue virus infections, Dengue",,-
Tennessee,2025,39,"Dengue virus infections, Dengue",,-
West South Central,2025,39,"Dengue virus infections, Dengue",,-
Arkansas,2025,39,"Dengue virus infections, Dengue",,-
Louisiana,2025,39,"Dengue virus infections, Dengue",,-
Oklahoma,2025,39,"Dengue virus infections, Dengue",,-
Texas,2025,39,"Dengue virus infections, Dengue",,-
Mountain,2025,39,"Dengue virus infections, Dengue",,-
Arizona,2025,39,"Dengue virus infections, Dengue",,-
Colorado,2025,39,"Dengue virus infections, Dengue",,-
Idaho,2025,39,"Dengue virus infections, Dengue",,-
Montana,2025,39,"Dengue virus infections, Dengue",,-
Nevada,2025,39,"Dengue virus infections, Dengue",,-
New Mexico,2025,39,"Dengue virus infections, Dengue",,-
Utah,2025,39,"Dengue virus infections, Dengue",,-
Wyoming,2025,39,"Dengue virus infections, Dengue",,-
Pacific,2025,39,"Dengue virus infections, Dengue",,-
Alaska,2025,39,"Dengue virus infections, Dengue",,-
California,2025,39,"Dengue virus infections, Dengue",,-
Hawaii,2025,39,"Dengue virus infections, Dengue",,-
Oregon,2025,39,"Dengue virus infections, Dengue",,-
Washington,2025,39,"Dengue virus infections, Dengue",,-
U.S. Territories,2025,39,"Dengue virus infections, Dengue",,-
American Samoa,2025,39,"Dengue virus infections, Dengue",,-
Commonwealth of Northern Mariana Islands,2025,39,"Dengue virus infections, Dengue",,-
Guam,2025,39,"Dengue virus infections, Dengue",,-
Puerto Rico,2025,39,"Dengue virus infections, Dengue",,-
U.S. Virgin Islands,2025,39,"Dengue virus infections, Dengue",,-
Non-U.S. Residents,2025,39,"Dengue virus infections, Dengue",,-
Total,2025,39,"Dengue virus infections, Dengue",6,
U.S. Residents,2025,40,"Dengue virus infections, Dengue",7,
New England,2025,40,"Dengue virus infections, Dengue",,-
Connecticut,2025,40,"Dengue virus infections, Dengue",,-
Maine,2025,40,"Dengue virus infections, Dengue",,-
Massachusetts,2025,40,"Dengue virus infections, Dengue",,-
New Hampshire,2025,40,"Dengue virus infections, Dengue",,-
Rhode Island,2025,40,"Dengue virus infections, Dengue",,-
Vermont,2025,40,"Dengue virus infections, Dengue",,-
Middle Atlantic,2025,40,"Dengue virus infections, Dengue",,-
New Jersey,2025,40,"Dengue virus infections, Dengue",,-
New York,2025,40,"Dengue virus infections, Dengue",,-
New York City,2025,40,"Dengue virus infections, Dengue",,-
Pennsylvania,2025,40,"Dengue virus infections, Dengue",,-
East North Central,2025,40,"Dengue virus infections, Dengue",,-
Illinois,2025,40,"Dengue virus infections, Dengue",,-
Indiana,2025,40,"Dengue virus infections, Dengue",,-
Michigan,2025,40,"Dengue virus infections, Dengue",,-
Ohio,2025,40,"Dengue virus infections, Dengue",,-
Wisconsin,2025,40,"Dengue virus infections, Dengue",,-
West North Central,2025,40,"Dengue virus infections, Dengue",,-
Iowa,2025,40,"Dengue virus infections, Dengue",,-
Kansas,2025,40,"Dengue virus infections, Dengue",,-
Minnesota,2025,40,"Dengue virus infections, Dengue",,-
Missouri,2025,40,"Dengue virus infections, Dengue",,-
Nebraska,2025,40,"Dengue virus infections, Dengue",,-
North Dakota,2025,40,"Dengue virus infections, Dengue",,-
South Dakota,2025,40,"Dengue virus infections, Dengue",,-
South Atlantic,2025,40,"Dengue virus infections, Dengue",6,
Delaware,2025,40,"Dengue virus infections, Dengue",,-
District of Columbia,2025,40,"Dengue virus infections, Dengue",,-
Florida,2025,40,"Dengue virus infections, Dengue",6,
Georgia,2025,40,"Dengue virus infections, Dengue",,-
Maryland,2025,40,"Dengue virus infections, Dengue",,-
North Carolina,2025,40,"Dengue virus infections, Dengue",,-
South Carolina,2025,40,"Dengue virus infections, Dengue",,-
Virginia,2025,40,"Dengue virus infections, Dengue",,-
West Virginia,2025,40,"Dengue virus infections, Dengue",,-
East South Central,2025,40,"Dengue virus infections, Dengue",,-
Alabama,2025,40,"Dengue virus infections, Dengue",,-
Kentucky,2025,40,"Dengue virus infections, Dengue",,-
Mississippi,2025,40,"Dengue virus infections, Dengue",,-
Tennessee,2025,40,"Dengue virus infections, Dengue",,-
West South Central,2025,40,"Dengue virus infections, Dengue",1,
Arkansas,2025,40,"Dengue virus infections, Dengue",,-
Louisiana,2025,40,"Dengue virus infections, Dengue",,-
Oklahoma,2025,40,"Dengue virus infections, Dengue",,-
Texas,2025,40,"Dengue virus infections, Dengue",1,
Mountain,2025,40,"Dengue virus infections, Dengue",,-
Arizona,2025,40,"Dengue virus infections, Dengue",,-
Colorado,2025,40,"Dengue virus infections, Dengue",,-
Idaho,2025,40,"Dengue virus infections, Dengue",,-
Montana,2025,40,"Dengue virus infections, Dengue",,-
Nevada,2025,40,"Dengue virus infections, Dengue",,-
New Mexico,2025,40,"Dengue virus infections, Dengue",,-
Utah,2025,40,"Dengue virus infections, Dengue",,-
Wyoming,2025,40,"Dengue virus infections, Dengue",,-
Pacific,2025,40,"Dengue virus infections, Dengue",,-
Alaska,2025,40,"Dengue virus infections, Dengue",,-
California,2025,40,"Dengue virus infections, Dengue",,-
Hawaii,2025,40,"Dengue virus infections, Dengue",,-
Oregon,2025,40,"Dengue virus infections, Dengue",,-
Washington,2025,40,"Dengue virus infections, Dengue",,-
U.S. Territories,2025,40,"Dengue virus infections, Dengue",,-
American Samoa,2025,40,"Dengue virus infections, Dengue",,-
Commonwealth of Northern Mariana Islands,2025,40,"Dengue virus infections, Dengue",,-
Guam,2025,40,"Dengue virus infections, Dengue",,-
Puerto Rico,2025,40,"Dengue virus infections, Dengue",,-
U.S. Virgin Islands,2025,40,"Dengue virus infections, Dengue",,-
Non-U.S. Residents,2025,40,"Dengue virus infections, Dengue",,-
Total,2025,40,"Dengue virus infections, Dengue",7,
U.S. Residents,2025,41,"Dengue virus infections, Dengue",7,
New England,2025,41,"Dengue virus infections, Dengue",,-
Connecticut,2025,41,"Dengue virus infections, Dengue",,-
Maine,2025,41,"Dengue virus infections, Dengue",,-
Massachusetts,2025,41,"Dengue virus infections, Dengue",,-
New Hampshire,2025,41,"Dengue virus infections, Dengue",,-
Rhode Island,2025,41,"Dengue virus infections, Dengue",,-
Vermont,2025,41,"Dengue virus infections, Dengue",,-
Middle Atlantic,2025,41,"Dengue virus infections, Dengue",1,
New Jersey,2025,41,"Dengue virus infections, Dengue",,-
New York,2025,41,"Dengue virus infections, Dengue",1,
New York City,2025,41,"Dengue virus infections, Dengue",,-
Pennsylvania,2025,41,"Dengue virus infections, Dengue",,-
East North Central,2025,41,"Dengue virus infections, Dengue",,-
Illinois,2025,41,"Dengue virus infections, Dengue",,-
Indiana,2025,41,"Dengue virus infections, Dengue",,-
Michigan,2025,41,"Dengue virus infections, Dengue",,-
Ohio,2025,41,"Dengue virus infections, Dengue",,-
Wisconsin,2025,41,"Dengue virus infections, Dengue",,-
West North Central,2025,41,"Dengue virus infections, Dengue",,-
Iowa,2025,41,"Dengue virus infections, Dengue",,-
Kansas,2025,41,"Dengue virus infections, Dengue",,-
Minnesota,2025,41,"Dengue virus infections, Dengue",,-
Missouri,2025,41,"Dengue virus infections, Dengue",,-
Nebraska,2025,41,"Dengue virus infections, Dengue",,-
North Dakota,2025,41,"Dengue virus infections, Dengue",,-
South Dakota,2025,41,"Dengue virus infections, Dengue",,-
South Atlantic,2025,41,"Dengue virus infections, Dengue",5,
Delaware,2025,41,"Dengue virus infections, Dengue",,-
District of Columbia,2025,41,"Dengue virus infections, Dengue",,-
Florida,2025,41,"Dengue virus infections, Dengue",5,
Georgia,2025,41,"Dengue virus infections, Dengue",,-
Maryland,2025,41,"Dengue virus infections, Dengue",,-
North Carolina,2025,41,"Dengue virus infections, Dengue",,-
South Carolina,2025,41,"Dengue virus infections, Dengue",,-
Virginia,2025,41,"Dengue virus infections, Dengue",,-
West Virginia,2025,41,"Dengue virus infections, Dengue",,-
East South Central,2025,41,"Dengue virus infections, Dengue",,-
Alabama,2025,41,"Dengue virus infections, Dengue",,-
Kentucky,2025,41,"Dengue virus infections, Dengue",,-
Mississippi,2025,41,"Dengue virus infections, Dengue",,-
Tennessee,2025,41,"Dengue virus infections, Dengue",,-
West South Central,2025,41,"Dengue virus infections, Dengue",1,
Arkansas,2025,41,"Dengue virus infections, Dengue",,-
Louisiana,2025,41,"Dengue virus infections, Dengue",,-
Oklahoma,2025,41,"Dengue virus infections, Dengue",,-
Texas,2025,41,"Dengue virus infections, Dengue",1,
Mountain,2025,41,"Dengue virus infections, Dengue",,-
Arizona,2025,41,"Dengue virus infections, Dengue",,-
Colorado,2025,41,"Dengue virus infections, Dengue",,-
Idaho,2025,41,"Dengue virus infections, Dengue",,-
Montana,2025,41,"Dengue virus infections, Dengue",,-
Nevada,2025,41,"Dengue virus infections, Dengue",,-
New Mexico,2025,41,"Dengue virus infections, Dengue",,-
Utah,2025,41,"Dengue virus infections, Dengue",,-
Wyoming,2025,41,"Dengue virus infections, Dengue",,-
Pacific,2025,41,"Dengue virus infections, Dengue",,-
Alaska,2025,41,"Dengue virus infections, Dengue",,-
California,2025,41,"Dengue virus infections, Dengue",,-
Hawaii,2025,41,"Dengue virus infections, Dengue",,-
Oregon,2025,41,"Dengue virus infections, Dengue",,-
Washington,2025,41,"Dengue virus infections, Dengue",,-
U.S. Territories,2025,41,"Dengue virus infections, Dengue",,-
American Samoa,2025,41,"Dengue virus infections, Dengue",,-
Commonwealth of Northern Mariana Islands,2025,41,"Dengue virus infections, Dengue",,-
Guam,2025,41,"Dengue virus infections, Dengue",,-
Puerto Rico,2025,41,"Dengue virus infections, Dengue",,-
U.S. Virgin Islands,2025,41,"Dengue virus infections, Dengue",,-
Non-U.S. Residents,2025,41,"Dengue virus infections, Dengue",,-
Total,2025,41,"Dengue virus infections, Dengue",7,
U.S. Residents,2025,42,"Dengue virus infections, Dengue",12,
New England,2025,42,"Dengue virus infections, Dengue",,-
Connecticut,2025,42,"Dengue virus infections, Dengue",,-
Maine,2025,42,"Dengue virus infections, Dengue",,-
Massachusetts,2025,42,"Dengue virus infections, Dengue",,-
New Hampshire,2025,42,"Dengue virus infections, Dengue",,-
Rhode Island,2025,42,"Dengue virus infections, Dengue",,-
Vermont,2025,42,"Dengue virus infections, Dengue",,-
Middle Atlantic,2025,42,"Dengue virus infections, Dengue",,-
New Jersey,2025,42,"Dengue virus infections, Dengue",,-
New York,2025,42,"Dengue virus infections, Dengue",,-
New York City,2025,42,"Dengue virus infections, Dengue",,-
Pennsylvania,2025,42,"Dengue virus infections, Dengue",,-
East North Central,2025,42,"Dengue virus infections, Dengue",1,
Illinois,2025,42,"Dengue virus infections, Dengue",,-
Indiana,2025,42,"Dengue virus infections, Dengue",,-
Michigan,2025,42,"Dengue virus infections, Dengue",,-
Ohio,2025,42,"Dengue virus infections, Dengue",,-
Wisconsin,2025,42,"Dengue virus infections, Dengue",1,
West North Central,2025,42,"Dengue virus infections, Dengue",,-
Iowa,2025,42,"Dengue virus infections, Dengue",,-
Kansas,2025,42,"Dengue virus infections, Dengue",,-
Minnesota,2025,42,"Dengue virus infections, Dengue",,-
Missouri,2025,42,"Dengue virus infections, Dengue",,-
Nebraska,2025,42,"Dengue virus infections, Dengue",,-
North Dakota,2025,42,"Dengue virus infections, Dengue",,-
South Dakota,2025,42,"Dengue virus infections, Dengue",,-
South Atlantic,2025,42,"Dengue virus infections, Dengue",11,
Delaware,2025,42,"Dengue virus infections, Dengue",,-
District of Columbia,2025,42,"Dengue virus infections, Dengue",,-
Florida,2025,42,"Dengue virus infections, Dengue",10,
Georgia,2025,42,"Dengue virus infections, Dengue",,-
Maryland,2025,42,"Dengue virus infections, Dengue",,-
North Carolina,2025,42,"Dengue virus infections, Dengue",,-
South Carolina,2025,42,"Dengue virus infections, Dengue",,-
Virginia,2025,42,"Dengue virus infections, Dengue",1,
West Virginia,2025,42,"Dengue virus infections, Dengue",,-
East South Central,2025,42,"Dengue virus infections, Dengue",,-
Alabama,2025,42,"Dengue virus infections, Dengue",,-
Kentucky,2025,42,"Dengue virus infections, Dengue",,-
Mississippi,2025,42,"Dengue virus infections, Dengue",,-
Tennessee,2025,42,"Dengue virus infections, Dengue",,-
West South Central,2025,42,"Dengue virus infections, Dengue",,-
Arkansas,2025,42,"Dengue virus infections, Dengue",,-
Louisiana,2025,42,"Dengue virus infections, Dengue",,-
Oklahoma,2025,42,"Dengue virus infections, Dengue",,-
Texas,2025,42,"Dengue virus infections, Dengue",,-
Mountain,2025,42,"Dengue virus infections, Dengue",,-
Arizona,2025,42,"Dengue virus infections, Dengue",,-
Colorado,2025,42,"Dengue virus infections, Dengue",,-
Idaho,2025,42,"Dengue virus infections, Dengue",,-
Montana,2025,42,"Dengue virus infections, Dengue",,-
Nevada,2025,42,"Dengue virus infections, Dengue",,-
New Mexico,2025,42,"Dengue virus infections, Dengue",,-
Utah,2025,42,"Dengue virus infections, Dengue",,-
Wyoming,2025,42,"Dengue virus infections, Dengue",,-
Pacific,2025,42,"Dengue virus infections, Dengue",,-
Alaska,2025,42,"Dengue virus infections, Dengue",,-
California,2025,42,"Dengue virus infections, Dengue",,-
Hawaii,2025,42,"Dengue virus infections, Dengue",,-
Oregon,2025,42,"Dengue virus infections, Dengue",,-
Washington,2025,42,"Dengue virus infections, Dengue",,-
U.S. Territories,2025,42,"Dengue virus infections, Dengue",,-
American Samoa,2025,42,"Dengue virus infections, Dengue",,-
Commonwealth of Northern Mariana Islands,2025,42,"Dengue virus infections, Dengue",,-
Guam,2025,42,"Dengue virus infections, Dengue",,-
Puerto Rico,2025,42,"Dengue virus infections, Dengue",,-
U.S. Virgin Islands,2025,42,"Dengue virus infections, Dengue",,-
Non-U.S. Residents,2025,42,"Dengue virus infections, Dengue",,-
Total,2025,42,"Dengue virus infections, Dengue",12,
U.S. Residents,2025,43,"Dengue virus infections, Dengue",8,
New England,2025,43,"Dengue virus infections, Dengue",,-
Connecticut,2025,43,"Dengue virus infections, Dengue",,-
Maine,2025,43,"Dengue virus infections, Dengue",,-
Massachusetts,2025,43,"Dengue virus infections, Dengue",,-
New Hampshire,2025,43,"Dengue virus infections, Dengue",,-
Rhode Island,2025,43,"Dengue virus infections, Dengue",,-
Vermont,2025,43,"Dengue virus infections, Dengue",,-
Middle Atlantic,2025,43,"Dengue virus infections, Dengue",1,
New Jersey,2025,43,"Dengue virus infections, Dengue",,-
New York,2025,43,"Dengue virus infections, Dengue",1,
New York City,2025,43,"Dengue virus infections, Dengue",,-
Pennsylvania,2025,43,"Dengue virus infections, Dengue",,-
East North Central,2025,43,"Dengue virus infections, Dengue",,-
Illinois,2025,43,"Dengue virus infections, Dengue",,-
Indiana,2025,43,"Dengue virus infections, Dengue",,-
Michigan,2025,43,"Dengue virus infections, Dengue",,-
Ohio,2025,43,"Dengue virus infections, Dengue",,-
Wisconsin,2025,43,"Dengue virus infections, Dengue",,-
West North Central,2025,43,"Dengue virus infections, Dengue",,-
Iowa,2025,43,"Dengue virus infections, Dengue",,-
Kansas,2025,43,"Dengue virus infections, Dengue",,-
Minnesota,2025,43,"Dengue virus infections, Dengue",,-
Missouri,2025,43,"Dengue virus infections, Dengue",,-
Nebraska,2025,43,"Dengue virus infections, Dengue",,-
North Dakota,2025,43,"Dengue virus infections, Dengue",,-
South Dakota,2025,43,"Dengue virus infections, Dengue",,-
South Atlantic,2025,43,"Dengue virus infections, Dengue",6,
Delaware,2025,43,"Dengue virus infections, Dengue",,-
District of Columbia,2025,43,"Dengue virus infections, Dengue",,-
Florida,2025,43,"Dengue virus infections, Dengue",6,
Georgia,2025,43,"Dengue virus infections, Dengue",,-
Maryland,2025,43,"Dengue virus infections, Dengue",,-
North Carolina,2025,43,"Dengue virus infections, Dengue",,-
South Carolina,2025,43,"Dengue virus infections, Dengue",,-
Virginia,2025,43,"Dengue virus infections, Dengue",,-
West Virginia,2025,43,"Dengue virus infections, Dengue",,-
East South Central,2025,43,"Dengue virus infections, Dengue",,-
Alabama,2025,43,"Dengue virus infections, Dengue",,-
Kentucky,2025,43,"Dengue virus infections, Dengue",,-
Mississippi,2025,43,"Dengue virus infections, Dengue",,-
Tennessee,2025,43,"Dengue virus infections, Dengue",,-
West South Central,2025,43,"Dengue virus infections, Dengue",,-
Arkansas,2025,43,"Dengue virus infections, Dengue",,-
Louisiana,2025,43,"Dengue virus infections, Dengue",,-
Oklahoma,2025,43,"Dengue virus infections, Dengue",,-
Texas,2025,43,"Dengue virus infections, Dengue",,-
Mountain,2025,43,"Dengue virus infections, Dengue",1,
Arizona,2025,43,"Dengue virus infections, Dengue",1,
Colorado,2025,43,"Dengue virus infections, Dengue",,-
Idaho,2025,43,"Dengue virus infections, Dengue",,-
Montana,2025,43,"Dengue virus infections, Dengue",,-
Nevada,2025,43,"Dengue virus infections, Dengue",,-
New Mexico,2025,43,"Dengue virus infections, Dengue",,-
Utah,2025,43,"Dengue virus infections, Dengue",,-
Wyoming,2025,43,"Dengue virus infections, Dengue",,-
Pacific,2025,43,"Dengue virus infections, Dengue",,-
Alaska,2025,43,"Dengue virus infections, Dengue",,-
California,2025,43,"Dengue virus infections, Dengue",,-
Hawaii,2025,43,"Dengue virus infections, Dengue",,-
Oregon,2025,43,"Dengue virus infections, Dengue",,-
Washington,2025,43,"Dengue virus infections, Dengue",,-
U.S. Territories,2025,43,"Dengue virus infections, Dengue",,-
American Samoa,2025,43,"Dengue virus infections, Dengue",,-
Commonwealth of Northern Mariana Islands,2025,43,"Dengue virus infections, Dengue",,-
Guam,2025,43,"Dengue virus infections, Dengue",,-
Puerto Rico,2025,43,"Dengue virus infections, Dengue",,-
U.S. Virgin Islands,2025,43,"Dengue virus infections, Dengue",,-
Non-U.S. Residents,2025,43,"Dengue virus infections, Dengue",,-
Total,2025,43,"Dengue virus infections, Dengue",8,
U.S. Residents,2025,44,"Dengue virus infections, Dengue",3,
New England,2025,44,"Dengue virus infections, Dengue",,-
Connecticut,2025,44,"Dengue virus infections, Dengue",,-
Maine,2025,44,"Dengue virus infections, Dengue",,-
Massachusetts,2025,44,"Dengue virus infections, Dengue",,-
New Hampshire,2025,44,"Dengue virus infections, Dengue",,-
Rhode Island,2025,44,"Dengue virus infections, Dengue",,-
Vermont,2025,44,"Dengue virus infections, Dengue",,-
Middle Atlantic,2025,44,"Dengue virus infections, Dengue",,-
New Jersey,2025,44,"Dengue virus infections, Dengue",,-
New York,2025,44,"Dengue virus infections, Dengue",,-
New York City,2025,44,"Dengue virus infections, Dengue",,-
Pennsylvania,2025,44,"Dengue virus infections, Dengue",,-
East North Central,2025,44,"Dengue virus infections, Dengue",,-
Illinois,2025,44,"Dengue virus infections, Dengue",,-
Indiana,2025,44,"Dengue virus infections, Dengue",,-
Michigan,2025,44,"Dengue virus infections, Dengue",,-
Ohio,2025,44,"Dengue virus infections, Dengue",,-
Wisconsin,2025,44,"Dengue virus infections, Dengue",,-
West North Central,2025,44,"Dengue virus infections, Dengue",1,
Iowa,2025,44,"Dengue virus infections, Dengue",,-
Kansas,2025,44,"Dengue virus infections, Dengue",,-
Minnesota,2025,44,"Dengue virus infections, Dengue",,-
Missouri,2025,44,"Dengue virus infections, Dengue",,-
Nebraska,2025,44,"Dengue virus infections, Dengue",1,
North Dakota,2025,44,"Dengue virus infections, Dengue",,-
South Dakota,2025,44,"Dengue virus infections, Dengue",,-
South Atlantic,2025,44,"Dengue virus infections, Dengue",2,
Delaware,2025,44,"Dengue virus infections, Dengue",,-
District of Columbia,2025,44,"Dengue virus infections, Dengue",,-
Florida,2025,44,"Dengue virus infections, Dengue",2,
Georgia,2025,44,"Dengue virus infections, Dengue",,-
Maryland,2025,44,"Dengue virus infections, Dengue",,-
North Carolina,2025,44,"Dengue virus infections, Dengue",,-
South Carolina,2025,44,"Dengue virus infections, Dengue",,-
Virginia,2025,44,"Dengue virus infections, Dengue",,-
West Virginia,2025,44,"Dengue virus infections, Dengue",,-
East South Central,2025,44,"Dengue virus infections, Dengue",,-
Alabama,2025,44,"Dengue virus infections, Dengue",,-
Kentucky,2025,44,"Dengue virus infections, Dengue",,-
Mississippi,2025,44,"Dengue virus infections, Dengue",,-
Tennessee,2025,44,"Dengue virus infections, Dengue",,-
West South Central,2025,44,"Dengue virus infections, Dengue",,-
Arkansas,2025,44,"Dengue virus infections, Dengue",,-
Louisiana,2025,44,"Dengue virus infections, Dengue",,-
Oklahoma,2025,44,"Dengue virus infections, Dengue",,-
Texas,2025,44,"Dengue virus infections, Dengue",,-
Mountain,2025,44,"Dengue virus infections, Dengue",,-
Arizona,2025,44,"Dengue virus infections, Dengue",,-
Colorado,2025,44,"Dengue virus infections, Dengue",,-
Idaho,2025,44,"Dengue virus infections, Dengue",,-
Montana,2025,44,"Dengue virus infections, Dengue",,-
Nevada,2025,44,"Dengue virus infections, Dengue",,-
New Mexico,2025,44,"Dengue virus infections, Dengue",,-
Utah,2025,44,"Dengue virus infections, Dengue",,-
Wyoming,2025,44,"Dengue virus infections, Dengue",,-
Pacific,2025,44,"Dengue virus infections, Dengue",,-
Alaska,2025,44,"Dengue virus infections, Dengue",,-
California,2025,44,"Dengue virus infections, Dengue",,-
Hawaii,2025,44,"Dengue virus infections, Dengue",,-
Oregon,2025,44,"Dengue virus infections, Dengue",,-
Washington,2025,44,"Dengue virus infections, Dengue",,-
U.S. Territories,2025,44,"Dengue virus infections, Dengue",1,
American Samoa,2025,44,"Dengue virus infections, Dengue",,-
Commonwealth of Northern Mariana Islands,2025,44,"Dengue virus infections, Dengue",,-
Guam,2025,44,"Dengue virus infections, Dengue",1,
Puerto Rico,2025,44,"Dengue virus infections, Dengue",,-
U.S. Virgin Islands,2025,44,"Dengue virus infections, Dengue",,-
Non-U.S. Residents,2025,44,"Dengue virus infections, Dengue",,-
Total,2025,44,"Dengue virus infections, Dengue",4,
U.S. Residents,2025,45,"Dengue virus infections, Dengue",1,
New England,2025,45,"Dengue virus infections, Dengue",,-
Connecticut,2025,45,"Dengue virus infections, Dengue",,-
Maine,2025,45,"Dengue virus infections, Dengue",,-
Massachusetts,2025,45,"Dengue virus infections, Dengue",,-
New Hampshire,2025,45,"Dengue virus infections, Dengue",,-
Rhode Island,2025,45,"Dengue virus infections, Dengue",,-
Vermont,2025,45,"Dengue virus infections, Dengue",,-
Middle Atlantic,2025,45,"Dengue virus infections, Dengue",,-
New Jersey,2025,45,"Dengue virus infections, Dengue",,-
New York,2025,45,"Dengue virus infections, Dengue",,-
New York City,2025,45,"Dengue virus infections, Dengue",,-
Pennsylvania,2025,45,"Dengue virus infections, Dengue",,-
East North Central,2025,45,"Dengue virus infections, Dengue",,-
Illinois,2025,45,"Dengue virus infections, Dengue",,-
Indiana,2025,45,"Dengue virus infections, Dengue",,-
Michigan,2025,45,"Dengue virus infections, Dengue",,-
Ohio,2025,45,"Dengue virus infections, Dengue",,-
Wisconsin,2025,45,"Dengue virus infections, Dengue",,-
West North Central,2025,45,"Dengue virus infections, Dengue",,-
Iowa,2025,45,"Dengue virus infections, Dengue",,-
Kansas,2025,45,"Dengue virus infections, Dengue",,-
Minnesota,2025,45,"Dengue virus infections, Dengue",,-
Missouri,2025,45,"Dengue virus infections, Dengue",,-
Nebraska,2025,45,"Dengue virus infections, Dengue",,-
North Dakota,2025,45,"Dengue virus infections, Dengue",,-
South Dakota,2025,45,"Dengue virus infections, Dengue",,-
South Atlantic,2025,45,"Dengue virus infections, Dengue",,-
Delaware,2025,45,"Dengue virus infections, Dengue",,-
District of Columbia,2025,45,"Dengue virus infections, Dengue",,-
Florida,2025,45,"Dengue virus infections, Dengue",,-
Georgia,2025,45,"Dengue virus infections, Dengue",,-
Maryland,2025,45,"Dengue virus infections, Dengue",,-
North Carolina,2025,45,"Dengue virus infections, Dengue",,-
South Carolina,2025,45,"Dengue virus infections, Dengue",,-
Virginia,2025,45,"Dengue virus infections, Dengue",,-
West Virginia,2025,45,"Dengue virus infections, Dengue",,-
East South Central,2025,45,"Dengue virus infections, Dengue",,-
Alabama,2025,45,"Dengue virus infections, Dengue",,-
Kentucky,2025,45,"Dengue virus infections, Dengue",,-
Mississippi,2025,45,"Dengue virus infections, Dengue",,-
Tennessee,2025,45,"Dengue virus infections, Dengue",,-
West South Central,2025,45,"Dengue virus infections, Dengue",1,
Arkansas,2025,45,"Dengue virus infections, Dengue",,-
Louisiana,2025,45,"Dengue virus infections, Dengue",,-
Oklahoma,2025,45,"Dengue virus infections, Dengue",,-
Texas,2025,45,"Dengue virus infections, Dengue",1,
Mountain,2025,45,"Dengue virus infections, Dengue",,-
Arizona,2025,45,"Dengue virus infections, Dengue",,-
Colorado,2025,45,"Dengue virus infections, Dengue",,-
Idaho,2025,45,"Dengue virus infections, Dengue",,-
Montana,2025,45,"Dengue virus infections, Dengue",,-
Nevada,2025,45,"Dengue virus infections, Dengue",,-
New Mexico,2025,45,"Dengue virus infections, Dengue",,-
Utah,2025,45,"Dengue virus infections, Dengue",,-
Wyoming,2025,45,"Dengue virus infections, Dengue",,-
Pacific,2025,45,"Dengue virus infections, Dengue",,-
Alaska,2025,45,"Dengue virus infections, Dengue",,-
California,2025,45,"Dengue virus infections, Dengue",,-
Hawaii,2025,45,"Dengue virus infections, Dengue",,-
Oregon,2025,45,"Dengue virus infections, Dengue",,-
Washington,2025,45,"Dengue virus infections, Dengue",,-
U.S. Territories,2025,45,"Dengue virus infections, Dengue",,-
American Samoa,2025,45,"Dengue virus infections, Dengue",,-
Commonwealth of Northern Mariana Islands,2025,45,"Dengue virus infections, Dengue",,-
Guam,2025,45,"Dengue virus infections, Dengue",,-
Puerto Rico,2025,45,"Dengue virus infections, Dengue",,-
U.S. Virgin Islands,2025,45,"Dengue virus infections, Dengue",,-
Non-U.S. Residents,2025,45,"Dengue virus infections, Dengue",,-
Total,2025,45,"Dengue virus infections, Dengue",1,
U.S. Residents,2025,46,"Dengue virus infections, Dengue",2,
New England,2025,46,"Dengue virus infections, Dengue",,-
Connecticut,2025,46,"Dengue virus infections, Dengue",,-
Maine,2025,46,"Dengue virus infections, Dengue",,-
Massachusetts,2025,46,"Dengue virus infections, Dengue",,-
New Hampshire,2025,46,"Dengue virus infections, Dengue",,-
Rhode Island,2025,46,"Dengue virus infections, Dengue",,-
Vermont,2025,46,"Dengue virus infections, Dengue",,-
Middle Atlantic,2025,46,"Dengue virus infections, Dengue",,-
New Jersey,2025,46,"Dengue virus infections, Dengue",,-
New York,2025,46,"Dengue virus infections, Dengue",,-
New York City,2025,46,"Dengue virus infections, Dengue",,-
Pennsylvania,2025,46,"Dengue virus infections, Dengue",,-
East North Central,2025,46,"Dengue virus infections, Dengue",,-
Illinois,2025,46,"Dengue virus infections, Dengue",,-
Indiana,2025,46,"Dengue virus infections, Dengue",,-
Michigan,2025,46,"Dengue virus infections, Dengue",,-
Ohio,2025,46,"Dengue virus infections, Dengue",,-
Wisconsin,2025,46,"Dengue virus infections, Dengue",,-
West North Central,2025,46,"Dengue virus infections, Dengue",,-
Iowa,2025,46,"Dengue virus infections, Dengue",,-
Kansas,2025,46,"Dengue virus infections, Dengue",,-
Minnesota,2025,46,"Dengue virus infections, Dengue",,-
Missouri,2025,46,"Dengue virus infections, Dengue",,-
Nebraska,2025,46,"Dengue virus infections, Dengue",,-
North Dakota,2025,46,"Dengue virus infections, Dengue",,-
South Dakota,2025,46,"Dengue virus infections, Dengue",,-
South Atlantic,2025,46,"Dengue virus infections, Dengue",2,
Delaware,2025,46,"Dengue virus infections, Dengue",,-
District of Columbia,2025,46,"Dengue virus infections, Dengue",,-
Florida,2025,46,"Dengue virus infections, Dengue",2,
Georgia,2025,46,"Dengue virus infections, Dengue",,-
Maryland,2025,46,"Dengue virus infections, Dengue",,-
North Carolina,2025,46,"Dengue virus infections, Dengue",,-
South Carolina,2025,46,"Dengue virus infections, Dengue",,-
Virginia,2025,46,"Dengue virus infections, Dengue",,-
West Virginia,2025,46,"Dengue virus infections, Dengue",,-
East South Central,2025,46,"Dengue virus infections, Dengue",,-
Alabama,2025,46,"Dengue virus infections, Dengue",,-
Kentucky,2025,46,"Dengue virus infections, Dengue",,-
Mississippi,2025,46,"Dengue virus infections, Dengue",,-
Tennessee,2025,46,"Dengue virus infections, Dengue",,-
West South Central,2025,46,"Dengue virus infections, Dengue",,-
Arkansas,2025,46,"Dengue virus infections, Dengue",,-
Louisiana,2025,46,"Dengue virus infections, Dengue",,-
Oklahoma,2025,46,"Dengue virus infections, Dengue",,-
Texas,2025,46,"Dengue virus infections, Dengue",,-
Mountain,2025,46,"Dengue virus infections, Dengue",,-
Arizona,2025,46,"Dengue virus infections, Dengue",,-
Colorado,2025,46,"Dengue virus infections, Dengue",,-
Idaho,2025,46,"Dengue virus infections, Dengue",,-
Montana,2025,46,"Dengue virus infections, Dengue",,-
Nevada,2025,46,"Dengue virus infections, Dengue",,-
New Mexico,2025,46,"Dengue virus infections, Dengue",,-
Utah,2025,46,"Dengue virus infections, Dengue",,-
Wyoming,2025,46,"Dengue virus infections, Dengue",,-
Pacific,2025,46,"Dengue virus infections, Dengue",,-
Alaska,2025,46,"Dengue virus infections, Dengue",,-
California,2025,46,"Dengue virus infections, Dengue",,-
Hawaii,2025,46,"Dengue virus infections, Dengue",,-
Oregon,2025,46,"Dengue virus infections, Dengue",,-
Washington,2025,46,"Dengue virus infections, Dengue",,-
U.S. Territories,2025,46,"Dengue virus infections, Dengue",,-
American Samoa,2025,46,"Dengue virus infections, Dengue",,-
Commonwealth of Northern Mariana Islands,2025,46,"Dengue virus infections, Dengue",,-
Guam,2025,46,"Dengue virus infections, Dengue",,-
Puerto Rico,2025,46,"Dengue virus infections, Dengue",,-
U.S. Virgin Islands,2025,46,"Dengue virus infections, Dengue",,-
Non-U.S. Residents,2025,46,"Dengue virus infections, Dengue",,-
Total,2025,46,"Dengue virus infections, Dengue",2,
U.S. Residents,2025,47,"Dengue virus infections, Dengue",21,
New England,2025,47,"Dengue virus infections, Dengue",,-
Connecticut,2025,47,"Dengue virus infections, Dengue",,-
Maine,2025,47,"Dengue virus infections, Dengue",,-
Massachusetts,2025,47,"Dengue virus infections, Dengue",,-
New Hampshire,2025,47,"Dengue virus infections, Dengue",,-
Rhode Island,2025,47,"Dengue virus infections, Dengue",,-
Vermont,2025,47,"Dengue virus infections, Dengue",,-
Middle Atlantic,2025,47,"Dengue virus infections, Dengue",,-
New Jersey,2025,47,"Dengue virus infections, Dengue",,-
New York,2025,47,"Dengue virus infections, Dengue",,-
New York City,2025,47,"Dengue virus infections, Dengue",,-
Pennsylvania,2025,47,"Dengue virus infections, Dengue",,-
East North Central,2025,47,"Dengue virus infections, Dengue",,-
Illinois,2025,47,"Dengue virus infections, Dengue",,-
Indiana,2025,47,"Dengue virus infections, Dengue",,-
Michigan,2025,47,"Dengue virus infections, Dengue",,-
Ohio,2025,47,"Dengue virus infections, Dengue",,-
Wisconsin,2025,47,"Dengue virus infections, Dengue",,-
West North Central,2025,47,"Dengue virus infections, Dengue",,-
Iowa,2025,47,"Dengue virus infections, Dengue",,-
Kansas,2025,47,"Dengue virus infections, Dengue",,-
Minnesota,2025,47,"Dengue virus infections, Dengue",,-
Missouri,2025,47,"Dengue virus infections, Dengue",,-
Nebraska,2025,47,"Dengue virus infections, Dengue",,-
North Dakota,2025,47,"Dengue virus infections, Dengue",,-
South Dakota,2025,47,"Dengue virus infections, Dengue",,-
South Atlantic,2025,47,"Dengue virus infections, Dengue",19,
Delaware,2025,47,"Dengue virus infections, Dengue",,-
District of Columbia,2025,47,"Dengue virus infections, Dengue",,-
Florida,2025,47,"Dengue virus infections, Dengue",19,
Georgia,2025,47,"Dengue virus infections, Dengue",,-
Maryland,2025,47,"Dengue virus infections, Dengue",,-
North Carolina,2025,47,"Dengue virus infections, Dengue",,-
South Carolina,2025,47,"Dengue virus infections, Dengue",,-
Virginia,2025,47,"Dengue virus infections, Dengue",,-
West Virginia,2025,47,"Dengue virus infections, Dengue",,-
East South Central,2025,47,"Dengue virus infections, Dengue",,-
Alabama,2025,47,"Dengue virus infections, Dengue",,-
Kentucky,2025,47,"Dengue virus infections, Dengue",,-
Mississippi,2025,47,"Dengue virus infections, Dengue",,-
Tennessee,2025,47,"Dengue virus infections, Dengue",,-
West South Central,2025,47,"Dengue virus infections, Dengue",1,
Arkansas,2025,47,"Dengue virus infections, Dengue",,-
Louisiana,2025,47,"Dengue virus infections, Dengue",,-
Oklahoma,2025,47,"Dengue virus infections, Dengue",,-
Texas,2025,47,"Dengue virus infections, Dengue",1,
Mountain,2025,47,"Dengue virus infections, Dengue",1,
Arizona,2025,47,"Dengue virus infections, Dengue",1,
Colorado,2025,47,"Dengue virus infections, Dengue",,-
Idaho,2025,47,"Dengue virus infections, Dengue",,-
Montana,2025,47,"Dengue virus infections, Dengue",,-
Nevada,2025,47,"Dengue virus infections, Dengue",,-
New Mexico,2025,47,"Dengue virus infections, Dengue",,-
Utah,2025,47,"Dengue virus infections, Dengue",,-
Wyoming,2025,47,"Dengue virus infections, Dengue",,-
Pacific,2025,47,"Dengue virus infections, Dengue",,-
Alaska,2025,47,"Dengue virus infections, Dengue",,-
California,2025,47,"Dengue virus infections, Dengue",,-
Hawaii,2025,47,"Dengue virus infections, Dengue",,-
Oregon,2025,47,"Dengue virus infections, Dengue",,-
Washington,2025,47,"Dengue virus infections, Dengue",,-
U.S. Territories,2025,47,"Dengue virus infections, Dengue",,-
American Samoa,2025,47,"Dengue virus infections, Dengue",,-
Commonwealth of Northern Mariana Islands,2025,47,"Dengue virus infections, Dengue",,-
Guam,2025,47,"Dengue virus infections, Dengue",,-
Puerto Rico,2025,47,"Dengue virus infections, Dengue",,-
U.S. Virgin Islands,2025,47,"Dengue virus infections, Dengue",,-
Non-U.S. Residents,2025,47,"Dengue virus infections, Dengue",,-
Total,2025,47,"Dengue virus infections, Dengue",21,
U.S. Residents,2025,48,"Dengue virus infections, Dengue",2,
New England,2025,48,"Dengue virus infections, Dengue",,-
Connecticut,2025,48,"Dengue virus infections, Dengue",,-
Maine,2025,48,"Dengue virus infections, Dengue",,-
Massachusetts,2025,48,"Dengue virus infections, Dengue",,-
New Hampshire,2025,48,"Dengue virus infections, Dengue",,-
Rhode Island,2025,48,"Dengue virus infections, Dengue",,-
Vermont,2025,48,"Dengue virus infections, Dengue",,-
Middle Atlantic,2025,48,"Dengue virus infections, Dengue",,-
New Jersey,2025,48,"Dengue virus infections, Dengue",,-
New York,2025,48,"Dengue virus infections, Dengue",,-
New York City,2025,48,"Dengue virus infections, Dengue",,-
Pennsylvania,2025,48,"Dengue virus infections, Dengue",,-
East North Central,2025,48,"Dengue virus infections, Dengue",,-
Illinois,2025,48,"Dengue virus infections, Dengue",,-
Indiana,2025,48,"Dengue virus infections, Dengue",,-
Michigan,2025,48,"Dengue virus infections, Dengue",,-
Ohio,2025,48,"Dengue virus infections, Dengue",,-
Wisconsin,2025,48,"Dengue virus infections, Dengue",,-
West North Central,2025,48,"Dengue virus infections, Dengue",,-
Iowa,2025,48,"Dengue virus infections, Dengue",,-
Kansas,2025,48,"Dengue virus infections, Dengue",,-
Minnesota,2025,48,"Dengue virus infections, Dengue",,-
Missouri,2025,48,"Dengue virus infections, Dengue",,-
Nebraska,2025,48,"Dengue virus infections, Dengue",,-
North Dakota,2025,48,"Dengue virus infections, Dengue",,-
South Dakota,2025,48,"Dengue virus infections, Dengue",,-
South Atlantic,2025,48,"Dengue virus infections, Dengue",1,
Delaware,2025,48,"Dengue virus infections, Dengue",,-
District of Columbia,2025,48,"Dengue virus infections, Dengue",,-
Florida,2025,48,"Dengue virus infections, Dengue",1,
Georgia,2025,48,"Dengue virus infections, Dengue",,-
Maryland,2025,48,"Dengue virus infections, Dengue",,-
North Carolina,2025,48,"Dengue virus infections, Dengue",,-
South Carolina,2025,48,"Dengue virus infections, Dengue",,-
Virginia,2025,48,"Dengue virus infections, Dengue",,-
West Virginia,2025,48,"Dengue virus infections, Dengue",,-
East South Central,2025,48,"Dengue virus infections, Dengue",,-
Alabama,2025,48,"Dengue virus infections, Dengue",,-
Kentucky,2025,48,"Dengue virus infections, Dengue",,-
Mississippi,2025,48,"Dengue virus infections, Dengue",,-
Tennessee,2025,48,"Dengue virus infections, Dengue",,-
West South Central,2025,48,"Dengue virus infections, Dengue",,-
Arkansas,2025,48,"Dengue virus infections, Dengue",,-
Louisiana,2025,48,"Dengue virus infections, Dengue",,-
Oklahoma,2025,48,"Dengue virus infections, Dengue",,-
Texas,2025,48,"Dengue virus infections, Dengue",,-
Mountain,2025,48,"Dengue virus infections, Dengue",,-
Arizona,2025,48,"Dengue virus infections, Dengue",,-
Colorado,2025,48,"Dengue virus infections, Dengue",,-
Idaho,2025,48,"Dengue virus infections, Dengue",,-
Montana,2025,48,"Dengue virus infections, Dengue",,-
Nevada,2025,48,"Dengue virus infections, Dengue",,-
New Mexico,2025,48,"Dengue virus infections, Dengue",,-
Utah,2025,48,"Dengue virus infections, Dengue",,-
Wyoming,2025,48,"Dengue virus infections, Dengue",,-
Pacific,2025,48,"Dengue virus infections, Dengue",1,
Alaska,2025,48,"Dengue virus infections, Dengue",,-
California,2025,48,"Dengue virus infections, Dengue",,-
Hawaii,2025,48,"Dengue virus infections, Dengue",,-
Oregon,2025,48,"Dengue virus infections, Dengue",1,
Washington,2025,48,"Dengue virus infections, Dengue",,-
U.S. Territories,2025,48,"Dengue virus infections, Dengue",,-
American Samoa,2025,48,"Dengue virus infections, Dengue",,-
Commonwealth of Northern Mariana Islands,2025,48,"Dengue virus infections, Dengue",,-
Guam,2025,48,"Dengue virus infections, Dengue",,-
Puerto Rico,2025,48,"Dengue virus infections, Dengue",,-
U.S. Virgin Islands,2025,48,"Dengue virus infections, Dengue",,-
Non-U.S. Residents,2025,48,"Dengue virus infections, Dengue",,-
Total,2025,48,"Dengue virus infections, Dengue",2,
U.S. Residents,2025,49,"Dengue virus infections, Dengue",4,
New England,2025,49,"Dengue virus infections, Dengue",,-
Connecticut,2025,49,"Dengue virus infections, Dengue",,-
Maine,2025,49,"Dengue virus infections, Dengue",,-
Massachusetts,2025,49,"Dengue virus infections, Dengue",,-
New Hampshire,2025,49,"Dengue virus infections, Dengue",,-
Rhode Island,2025,49,"Dengue virus infections, Dengue",,-
Vermont,2025,49,"Dengue virus infections, Dengue",,-
Middle Atlantic,2025,49,"Dengue virus infections, Dengue",,-
New Jersey,2025,49,"Dengue virus infections, Dengue",,-
New York,2025,49,"Dengue virus infections, Dengue",,-
New York City,2025,49,"Dengue virus infections, Dengue",,-
Pennsylvania,2025,49,"Dengue virus infections, Dengue",,-
East North Central,2025,49,"Dengue virus infections, Dengue",,-
Illinois,2025,49,"Dengue virus infections, Dengue",,-
Indiana,2025,49,"Dengue virus infections, Dengue",,-
Michigan,2025,49,"Dengue virus infections, Dengue",,-
Ohio,2025,49,"Dengue virus infections, Dengue",,-
Wisconsin,2025,49,"Dengue virus infections, Dengue",,-
West North Central,2025,49,"Dengue virus infections, Dengue",,-
Iowa,2025,49,"Dengue virus infections, Dengue",,-
Kansas,2025,49,"Dengue virus infections, Dengue",,-
Minnesota,2025,49,"Dengue virus infections, Dengue",,-
Missouri,2025,49,"Dengue virus infections, Dengue",,-
Nebraska,2025,49,"Dengue virus infections, Dengue",,-
North Dakota,2025,49,"Dengue virus infections, Dengue",,-
South Dakota,2025,49,"Dengue virus infections, Dengue",,-
South Atlantic,2025,49,"Dengue virus infections, Dengue",2,
Delaware,2025,49,"Dengue virus infections, Dengue",,-
District of Columbia,2025,49,"Dengue virus infections, Dengue",,-
Florida,2025,49,"Dengue virus infections, Dengue",2,
Georgia,2025,49,"Dengue virus infections, Dengue",,-
Maryland,2025,49,"Dengue virus infections, Dengue",,-
North Carolina,2025,49,"Dengue virus infections, Dengue",,-
South Carolina,2025,49,"Dengue virus infections, Dengue",,-
Virginia,2025,49,"Dengue virus infections, Dengue",,-
West Virginia,2025,49,"Dengue virus infections, Dengue",,-
East South Central,2025,49,"Dengue virus infections, Dengue",,-
Alabama,2025,49,"Dengue virus infections, Dengue",,-
Kentucky,2025,49,"Dengue virus infections, Dengue",,-
Mississippi,2025,49,"Dengue virus infections, Dengue",,-
Tennessee,2025,49,"Dengue virus infections, Dengue",,-
West South Central,2025,49,"Dengue virus infections, Dengue",2,
Arkansas,2025,49,"Dengue virus infections, Dengue",,-
Louisiana,2025,49,"Dengue virus infections, Dengue",,-
Oklahoma,2025,49,"Dengue virus infections, Dengue",,-
Texas,2025,49,"Dengue virus infections, Dengue",2,
Mountain,2025,49,"Dengue virus infections, Dengue",,-
Arizona,2025,49,"Dengue virus infections, Dengue",,-
Colorado,2025,49,"Dengue virus infections, Dengue",,-
Idaho,2025,49,"Dengue virus infections, Dengue",,-
Montana,2025,49,"Dengue virus infections, Dengue",,-
Nevada,2025,49,"Dengue virus infections, Dengue",,-
New Mexico,2025,49,"Dengue virus infections, Dengue",,-
Utah,2025,49,"Dengue virus infections, Dengue",,-
Wyoming,2025,49,"Dengue virus infections, Dengue",,-
Pacific,2025,49,"Dengue virus infections, Dengue",,-
Alaska,2025,49,"Dengue virus infections, Dengue",,-
California,2025,49,"Dengue virus infections, Dengue",,-
Hawaii,2025,49,"Dengue virus infections, Dengue",,-
Oregon,2025,49,"Dengue virus infections, Dengue",,-
Washington,2025,49,"Dengue virus infections, Dengue",,-
U.S. Territories,2025,49,"Dengue virus infections, Dengue",,-
American Samoa,2025,49,"Dengue virus infections, Dengue",,-
Commonwealth of Northern Mariana Islands,2025,49,"Dengue virus infections, Dengue",,-
Guam,2025,49,"Dengue virus infections, Dengue",,-
Puerto Rico,2025,49,"Dengue virus infections, Dengue",,-
U.S. Virgin Islands,2025,49,"Dengue virus infections, Dengue",,-
Non-U.S. Residents,2025,49,"Dengue virus infections, Dengue",,-
Total,2025,49,"Dengue virus infections, Dengue",4,
U.S. Residents,2025,50,"Dengue virus infections, Dengue",2,
New England,2025,50,"Dengue virus infections, Dengue",,-
Connecticut,2025,50,"Dengue virus infections, Dengue",,-
Maine,2025,50,"Dengue virus infections, Dengue",,-
Massachusetts,2025,50,"Dengue virus infections, Dengue",,-
New Hampshire,2025,50,"Dengue virus infections, Dengue",,-
Rhode Island,2025,50,"Dengue virus infections, Dengue",,-
Vermont,2025,50,"Dengue virus infections, Dengue",,-
Middle Atlantic,2025,50,"Dengue virus infections, Dengue",,-
New Jersey,2025,50,"Dengue virus infections, Dengue",,-
New York,2025,50,"Dengue virus infections, Dengue",,-
New York City,2025,50,"Dengue virus infections, Dengue",,-
Pennsylvania,2025,50,"Dengue virus infections, Dengue",,-
East North Central,2025,50,"Dengue virus infections, Dengue",,-
Illinois,2025,50,"Dengue virus infections, Dengue",,-
Indiana,2025,50,"Dengue virus infections, Dengue",,-
Michigan,2025,50,"Dengue virus infections, Dengue",,-
Ohio,2025,50,"Dengue virus infections, Dengue",,-
Wisconsin,2025,50,"Dengue virus infections, Dengue",,-
West North Central,2025,50,"Dengue virus infections, Dengue",,-
Iowa,2025,50,"Dengue virus infections, Dengue",,-
Kansas,2025,50,"Dengue virus infections, Dengue",,-
Minnesota,2025,50,"Dengue virus infections, Dengue",,-
Missouri,2025,50,"Dengue virus infections, Dengue",,-
Nebraska,2025,50,"Dengue virus infections, Dengue",,-
North Dakota,2025,50,"Dengue virus infections, Dengue",,-
South Dakota,2025,50,"Dengue virus infections, Dengue",,-
South Atlantic,2025,50,"Dengue virus infections, Dengue",1,
Delaware,2025,50,"Dengue virus infections, Dengue",,-
District of Columbia,2025,50,"Dengue virus infections, Dengue",,-
Florida,2025,50,"Dengue virus infections, Dengue",,-
Georgia,2025,50,"Dengue virus infections, Dengue",,-
Maryland,2025,50,"Dengue virus infections, Dengue",,-
North Carolina,2025,50,"Dengue virus infections, Dengue",,-
South Carolina,2025,50,"Dengue virus infections, Dengue",,-
Virginia,2025,50,"Dengue virus infections, Dengue",1,
West Virginia,2025,50,"Dengue virus infections, Dengue",,-
East South Central,2025,50,"Dengue virus infections, Dengue",,-
Alabama,2025,50,"Dengue virus infections, Dengue",,-
Kentucky,2025,50,"Dengue virus infections, Dengue",,-
Mississippi,2025,50,"Dengue virus infections, Dengue",,-
Tennessee,2025,50,"Dengue virus infections, Dengue",,-
West South Central,2025,50,"Dengue virus infections, Dengue",1,
Arkansas,2025,50,"Dengue virus infections, Dengue",,-
Louisiana,2025,50,"Dengue virus infections, Dengue",,-
Oklahoma,2025,50,"Dengue virus infections, Dengue",,-
Texas,2025,50,"Dengue virus infections, Dengue",1,
Mountain,2025,50,"Dengue virus infections, Dengue",,-
Arizona,2025,50,"Dengue virus infections, Dengue",,-
Colorado,2025,50,"Dengue virus infections, Dengue",,-
Idaho,2025,50,"Dengue virus infections, Dengue",,-
Montana,2025,50,"Dengue virus infections, Dengue",,-
Nevada,2025,50,"Dengue virus infections, Dengue",,-
New Mexico,2025,50,"Dengue virus infections, Dengue",,-
Utah,2025,50,"Dengue virus infections, Dengue",,-
Wyoming,2025,50,"Dengue virus infections, Dengue",,-
Pacific,2025,50,"Dengue virus infections, Dengue",,-
Alaska,2025,50,"Dengue virus infections, Dengue",,-
California,2025,50,"Dengue virus infections, Dengue",,-
Hawaii,2025,50,"Dengue virus infections, Dengue",,-
Oregon,2025,50,"Dengue virus infections, Dengue",,-
Washington,2025,50,"Dengue virus infections, Dengue",,-
U.S. Territories,2025,50,"Dengue virus infections, Dengue",,-
American Samoa,2025,50,"Dengue virus infections, Dengue",,-
Commonwealth of Northern Mariana Islands,2025,50,"Dengue virus infections, Dengue",,-
Guam,2025,50,"Dengue virus infections, Dengue",,-
Puerto Rico,2025,50,"Dengue virus infections, Dengue",,-
U.S. Virgin Islands,2025,50,"Dengue virus infections, Dengue",,-
Non-U.S. Residents,2025,50,"Dengue virus infections, Dengue",,-
Total,2025,50,"Dengue virus infections, Dengue",2,
U.S. Residents,2025,51,"Dengue virus infections, Dengue",2,
New England,2025,51,"Dengue virus infections, Dengue",,-
Connecticut,2025,51,"Dengue virus infections, Dengue",,-
Maine,2025,51,"Dengue virus infections, Dengue",,-
Massachusetts,2025,51,"Dengue virus infections, Dengue",,-
New Hampshire,2025,51,"Dengue virus infections, Dengue",,-
Rhode Island,2025,51,"Dengue virus infections, Dengue",,-
Vermont,2025,51,"Dengue virus infections, Dengue",,-
Middle Atlantic,2025,51,"Dengue virus infections, Dengue",,-
New Jersey,2025,51,"Dengue virus infections, Dengue",,-
New York,2025,51,"Dengue virus infections, Dengue",,-
New York City,2025,51,"Dengue virus infections, Dengue",,-
Pennsylvania,2025,51,"Dengue virus infections, Dengue",,-
East North Central,2025,51,"Dengue virus infections, Dengue",,-
Illinois,2025,51,"Dengue virus infections, Dengue",,-
Indiana,2025,51,"Dengue virus infections, Dengue",,-
Michigan,2025,51,"Dengue virus infections, Dengue",,-
Ohio,2025,51,"Dengue virus infections, Dengue",,-
Wisconsin,2025,51,"Dengue virus infections, Dengue",,-
West North Central,2025,51,"Dengue virus infections, Dengue",,-
Iowa,2025,51,"Dengue virus infections, Dengue",,-
Kansas,2025,51,"Dengue virus infections, Dengue",,-
Minnesota,2025,51,"Dengue virus infections, Dengue",,-
Missouri,2025,51,"Dengue virus infections, Dengue",,-
Nebraska,2025,51,"Dengue virus infections, Dengue",,-
North Dakota,2025,51,"Dengue virus infections, Dengue",,-
South Dakota,2025,51,"Dengue virus infections, Dengue",,-
South Atlantic,2025,51,"Dengue virus infections, Dengue",2,
Delaware,2025,51,"Dengue virus infections, Dengue",,-
District of Columbia,2025,51,"Dengue virus infections, Dengue",,-
Florida,2025,51,"Dengue virus infections, Dengue",2,
Georgia,2025,51,"Dengue virus infections, Dengue",,-
Maryland,2025,51,"Dengue virus infections, Dengue",,-
North Carolina,2025,51,"Dengue virus infections, Dengue",,-
South Carolina,2025,51,"Dengue virus infections, Dengue",,-
Virginia,2025,51,"Dengue virus infections, Dengue",,-
West Virginia,2025,51,"Dengue virus infections, Dengue",,-
East South Central,2025,51,"Dengue virus infections, Dengue",,-
Alabama,2025,51,"Dengue virus infections, Dengue",,-
Kentucky,2025,51,"Dengue virus infections, Dengue",,-
Mississippi,2025,51,"Dengue virus infections, Dengue",,-
Tennessee,2025,51,"Dengue virus infections, Dengue",,-
West South Central,2025,51,"Dengue virus infections, Dengue",,-
Arkansas,2025,51,"Dengue virus infections, Dengue",,-
Louisiana,2025,51,"Dengue virus infections, Dengue",,-
Oklahoma,2025,51,"Dengue virus infections, Dengue",,-
Texas,2025,51,"Dengue virus infections, Dengue",,-
Mountain,2025,51,"Dengue virus infections, Dengue",,-
Arizona,2025,51,"Dengue virus infections, Dengue",,-
Colorado,2025,51,"Dengue virus infections, Dengue",,-
Idaho,2025,51,"Dengue virus infections, Dengue",,-
Montana,2025,51,"Dengue virus infections, Dengue",,-
Nevada,2025,51,"Dengue virus infections, Dengue",,-
New Mexico,2025,51,"Dengue virus infections, Dengue",,-
Utah,2025,51,"Dengue virus infections, Dengue",,-
Wyoming,2025,51,"Dengue virus infections, Dengue",,-
Pacific,2025,51,"Dengue virus infections, Dengue",,-
Alaska,2025,51,"Dengue virus infections, Dengue",,-
California,2025,51,"Dengue virus infections, Dengue",,-
Hawaii,2025,51,"Dengue virus infections, Dengue",,-
Oregon,2025,51,"Dengue virus infections, Dengue",,-
Washington,2025,51,"Dengue virus infections, Dengue",,-
U.S. Territories,2025,51,"Dengue virus infections, Dengue",,-
American Samoa,2025,51,"Dengue virus infections, Dengue",,-
Commonwealth of Northern Mariana Islands,2025,51,"Dengue virus infections, Dengue",,-
Guam,2025,51,"Dengue virus infections, Dengue",,-
Puerto Rico,2025,51,"Dengue virus infections, Dengue",,-
U.S. Virgin Islands,2025,51,"Dengue virus infections, Dengue",,-
Non-U.S. Residents,2025,51,"Dengue virus infections, Dengue",,-
Total,2025,51,"Dengue virus infections, Dengue",2,
U.S. Residents,2025,52,"Dengue virus infections, Dengue",2,
New England,2025,52,"Dengue virus infections, Dengue",,-
Connecticut,2025,52,"Dengue virus infections, Dengue",,-
Maine,2025,52,"Dengue virus infections, Dengue",,-
Massachusetts,2025,52,"Dengue virus infections, Dengue",,-
New Hampshire,2025,52,"Dengue virus infections, Dengue",,-
Rhode Island,2025,52,"Dengue virus infections, Dengue",,-
Vermont,2025,52,"Dengue virus infections, Dengue",,-
Middle Atlantic,2025,52,"Dengue virus infections, Dengue",,-
New Jersey,2025,52,"Dengue virus infections, Dengue",,-
New York,2025,52,"Dengue virus infections, Dengue",,-
New York City,2025,52,"Dengue virus infections, Dengue",,-
Pennsylvania,2025,52,"Dengue virus infections, Dengue",,-
East North Central,2025,52,"Dengue virus infections, Dengue",,-
Illinois,2025,52,"Dengue virus infections, Dengue",,-
Indiana,2025,52,"Dengue virus infections, Dengue",,-
Michigan,2025,52,"Dengue virus infections, Dengue",,-
Ohio,2025,52,"Dengue virus infections, Dengue",,-
Wisconsin,2025,52,"Dengue virus infections, Dengue",,-
West North Central,2025,52,"Dengue virus infections, Dengue",,-
Iowa,2025,52,"Dengue virus infections, Dengue",,-
Kansas,2025,52,"Dengue virus infections, Dengue",,-
Minnesota,2025,52,"Dengue virus infections, Dengue",,-
Missouri,2025,52,"Dengue virus infections, Dengue",,-
Nebraska,2025,52,"Dengue virus infections, Dengue",,-
North Dakota,2025,52,"Dengue virus infections, Dengue",,-
South Dakota,2025,52,"Dengue virus infections, Dengue",,-
South Atlantic,2025,52,"Dengue virus infections, Dengue",2,
Delaware,2025,52,"Dengue virus infections, Dengue",,-
District of Columbia,2025,52,"Dengue virus infections, Dengue",,-
Florida,2025,52,"Dengue virus infections, Dengue",1,
Georgia,2025,52,"Dengue virus infections, Dengue",,-
Maryland,2025,52,"Dengue virus infections, Dengue",1,
North Carolina,2025,52,"Dengue virus infections, Dengue",,-
South Carolina,2025,52,"Dengue virus infections, Dengue",,-
Virginia,2025,52,"Dengue virus infections, Dengue",,-
West Virginia,2025,52,"Dengue virus infections, Dengue",,-
East South Central,2025,52,"Dengue virus infections, Dengue",,-
Alabama,2025,52,"Dengue virus infections, Dengue",,-
Kentucky,2025,52,"Dengue virus infections, Dengue",,-
Mississippi,2025,52,"Dengue virus infections, Dengue",,-
Tennessee,2025,52,"Dengue virus infections, Dengue",,-
West South Central,2025,52,"Dengue virus infections, Dengue",,-
Arkansas,2025,52,"Dengue virus infections, Dengue",,-
Louisiana,2025,52,"Dengue virus infections, Dengue",,-
Oklahoma,2025,52,"Dengue virus infections, Dengue",,-
Texas,2025,52,"Dengue virus infections, Dengue",,-
Mountain,2025,52,"Dengue virus infections, Dengue",,-
Arizona,2025,52,"Dengue virus infections, Dengue",,-
Colorado,2025,52,"Dengue virus infections, Dengue",,-
Idaho,2025,52,"Dengue virus infections, Dengue",,-
Montana,2025,52,"Dengue virus infections, Dengue",,-
Nevada,2025,52,"Dengue virus infections, Dengue",,-
New Mexico,2025,52,"Dengue virus infections, Dengue",,-
Utah,2025,52,"Dengue virus infections, Dengue",,-
Wyoming,2025,52,"Dengue virus infections, Dengue",,-
Pacific,2025,52,"Dengue virus infections, Dengue",,-
Alaska,2025,52,"Dengue virus infections, Dengue",,-
California,2025,52,"Dengue virus infections, Dengue",,-
Hawaii,2025,52,"Dengue virus infections, Dengue",,-
Oregon,2025,52,"Dengue virus infections, Dengue",,-
Washington,2025,52,"Dengue virus infections, Dengue",,-
U.S. Territories,2025,52,"Dengue virus infections, Dengue",,-
American Samoa,2025,52,"Dengue virus infections, Dengue",,-
Commonwealth of Northern Mariana Islands,2025,52,"Dengue virus infections, Dengue",,-
Guam,2025,52,"Dengue virus infections, Dengue",,-
Puerto Rico,2025,52,"Dengue virus infections, Dengue",,-
U.S. Virgin Islands,2025,52,"Dengue virus infections, Dengue",,-
Non-U.S. Residents,2025,52,"Dengue virus infections, Dengue",,-
Total,2025,52,"Dengue virus infections, Dengue",2,
U.S. Residents,2025,53,"Dengue virus infections, Dengue",1,
New England,2025,53,"Dengue virus infections, Dengue",,-
Connecticut,2025,53,"Dengue virus infections, Dengue",,-
Maine,2025,53,"Dengue virus infections, Dengue",,-
Massachusetts,2025,53,"Dengue virus infections, Dengue",,-
New Hampshire,2025,53,"Dengue virus infections, Dengue",,-
Rhode Island,2025,53,"Dengue virus infections, Dengue",,-
Vermont,2025,53,"Dengue virus infections, Dengue",,-
Middle Atlantic,2025,53,"Dengue virus infections, Dengue",,-
New Jersey,2025,53,"Dengue virus infections, Dengue",,-
New York,2025,53,"Dengue virus infections, Dengue",,-
New York City,2025,53,"Dengue virus infections, Dengue",,-
Pennsylvania,2025,53,"Dengue virus infections, Dengue",,-
East North Central,2025,53,"Dengue virus infections, Dengue",,-
Illinois,2025,53,"Dengue virus infections, Dengue",,-
Indiana,2025,53,"Dengue virus infections, Dengue",,-
Michigan,2025,53,"Dengue virus infections, Dengue",,-
Ohio,2025,53,"Dengue virus infections, Dengue",,-
Wisconsin,2025,53,"Dengue virus infections, Dengue",,-
West North Central,2025,53,"Dengue virus infections, Dengue",,-
Iowa,2025,53,"Dengue virus infections, Dengue",,-
Kansas,2025,53,"Dengue virus infections, Dengue",,-
Minnesota,2025,53,"Dengue virus infections, Dengue",,-
Missouri,2025,53,"Dengue virus infections, Dengue",,-
Nebraska,2025,53,"Dengue virus infections, Dengue",,-
North Dakota,2025,53,"Dengue virus infections, Dengue",,-
South Dakota,2025,53,"Dengue virus infections, Dengue",,-
South Atlantic,2025,53,"Dengue virus infections, Dengue",1,
Delaware,2025,53,"Dengue virus infections, Dengue",,-
District of Columbia,2025,53,"Dengue virus infections, Dengue",,-
Florida,2025,53,"Dengue virus infections, Dengue",1,
Georgia,2025,53,"Dengue virus infections, Dengue",,-
Maryland,2025,53,"Dengue virus infections, Dengue",,-
North Carolina,2025,53,"Dengue virus infections, Dengue",,-
South Carolina,2025,53,"Dengue virus infections, Dengue",,-
Virginia,2025,53,"Dengue virus infections, Dengue",,-
West Virginia,2025,53,"Dengue virus infections, Dengue",,-
East South Central,2025,53,"Dengue virus infections, Dengue",,-
Alabama,2025,53,"Dengue virus infections, Dengue",,-
Kentucky,2025,53,"Dengue virus infections, Dengue",,-
Mississippi,2025,53,"Dengue virus infections, Dengue",,-
Tennessee,2025,53,"Dengue virus infections, Dengue",,-
West South Central,2025,53,"Dengue virus infections, Dengue",,-
Arkansas,2025,53,"Dengue virus infections, Dengue",,-
Louisiana,2025,53,"Dengue virus infections, Dengue",,-
Oklahoma,2025,53,"Dengue virus infections, Dengue",,-
Texas,2025,53,"Dengue virus infections, Dengue",,-
Mountain,2025,53,"Dengue virus infections, Dengue",,-
Arizona,2025,53,"Dengue virus infections, Dengue",,-
Colorado,2025,53,"Dengue virus infections, Dengue",,-
Idaho,2025,53,"Dengue virus infections, Dengue",,-
Montana,2025,53,"Dengue virus infections, Dengue",,-
Nevada,2025,53,"Dengue virus infections, Dengue",,-
New Mexico,2025,53,"Dengue virus infections, Dengue",,-
Utah,2025,53,"Dengue virus infections, Dengue",,-
Wyoming,2025,53,"Dengue virus infections, Dengue",,-
Pacific,2025,53,"Dengue virus infections, Dengue",,-
Alaska,2025,53,"Dengue virus infections, Dengue",,-
California,2025,53,"Dengue virus infections, Dengue",,-
Hawaii,2025,53,"Dengue virus infections, Dengue",,-
Oregon,2025,53,"Dengue virus infections, Dengue",,-
Washington,2025,53,"Dengue virus infections, Dengue",,-
U.S. Territories,2025,53,"Dengue virus infections, Dengue",,-
American Samoa,2025,53,"Dengue virus infections, Dengue",,-
Commonwealth of Northern Mariana Islands,2025,53,"Dengue virus infections, Dengue",,-
Guam,2025,53,"Dengue virus infections, Dengue",,-
Puerto Rico,2025,53,"Dengue virus infections, Dengue",,-
U.S. Virgin Islands,2025,53,"Dengue virus infections, Dengue",,-
Non-U.S. Residents,2025,53,"Dengue virus infections, Dengue",,-
Total,2025,53,"Dengue virus infections, Dengue",1,
U.S. Residents,2026,1,"Dengue virus infections, Dengue",4,
New England,2026,1,"Dengue virus infections, Dengue",,-
Connecticut,2026,1,"Dengue virus infections, Dengue",,-
Maine,2026,1,"Dengue virus infections, Dengue",,-
Massachusetts,2026,1,"Dengue virus infections, Dengue",,-
New Hampshire,2026,1,"Dengue virus infections, Dengue",,-
Rhode Island,2026,1,"Dengue virus infections, Dengue",,-
Vermont,2026,1,"Dengue virus infections, Dengue",,-
Middle Atlantic,2026,1,"Dengue virus infections, Dengue",,-
New Jersey,2026,1,"Dengue virus infections, Dengue",,-
New York,2026,1,"Dengue virus infections, Dengue",,-
New York City,2026,1,"Dengue virus infections, Dengue",,-
Pennsylvania,2026,1,"Dengue virus infections, Dengue",,-
East North Central,2026,1,"Dengue virus infections, Dengue",,-
Illinois,2026,1,"Dengue virus infections, Dengue",,-
Indiana,2026,1,"Dengue virus infections, Dengue",,-
Michigan,2026,1,"Dengue virus infections, Dengue",,-
Ohio,2026,1,"Dengue virus infections, Dengue",,-
Wisconsin,2026,1,"Dengue virus infections, Dengue",,-
West North Central,2026,1,"Dengue virus infections, Dengue",,-
Iowa,2026,1,"Dengue virus infections, Dengue",,-
Kansas,2026,1,"Dengue virus infections, Dengue",,-
Minnesota,2026,1,"Dengue virus infections, Dengue",,-
Missouri,2026,1,"Dengue virus infections, Dengue",,-
Nebraska,2026,1,"Dengue virus infections, Dengue",,-
North Dakota,2026,1,"Dengue virus infections, Dengue",,-
South Dakota,2026,1,"Dengue virus infections, Dengue",,-
South Atlantic,2026,1,"Dengue virus infections, Dengue",4,
Delaware,2026,1,"Dengue virus infections, Dengue",,-
District of Columbia,2026,1,"Dengue virus infections, Dengue",,-
Florida,2026,1,"Dengue virus infections, Dengue",4,
Georgia,2026,1,"Dengue virus infections, Dengue",,-
Maryland,2026,1,"Dengue virus infections, Dengue",,-
North Carolina,2026,1,"Dengue virus infections, Dengue",,-
South Carolina,2026,1,"Dengue virus infections, Dengue",,-
Virginia,2026,1,"Dengue virus infections, Dengue",,-
West Virginia,2026,1,"Dengue virus infections, Dengue",,-
East South Central,2026,1,"Dengue virus infections, Dengue",,-
Alabama,2026,1,"Dengue virus infections, Dengue",,-
Kentucky,2026,1,"Dengue virus infections, Dengue",,-
Mississippi,2026,1,"Dengue virus infections, Dengue",,-
Tennessee,2026,1,"Dengue virus infections, Dengue",,-
West South Central,2026,1,"Dengue virus infections, Dengue",,-
Arkansas,2026,1,"Dengue virus infections, Dengue",,-
Louisiana,2026,1,"Dengue virus infections, Dengue",,-
Oklahoma,2026,1,"Dengue virus infections, Dengue",,-
Texas,2026,1,"Dengue virus infections, Dengue",,-
Mountain,2026,1,"Dengue virus infections, Dengue",,-
Arizona,2026,1,"Dengue virus infections, Dengue",,-
Colorado,2026,1,"Dengue virus infections, Dengue",,-
Idaho,2026,1,"Dengue virus infections, Dengue",,-
Montana,2026,1,"Dengue virus infections, Dengue",,-
Nevada,2026,1,"Dengue virus infections, Dengue",,-
New Mexico,2026,1,"Dengue virus infections, Dengue",,-
Utah,2026,1,"Dengue virus infections, Dengue",,-
Wyoming,2026,1,"Dengue virus infections, Dengue",,-
Pacific,2026,1,"Dengue virus infections, Dengue",,-
Alaska,2026,1,"Dengue virus infections, Dengue",,-
California,2026,1,"Dengue virus infections, Dengue",,-
Hawaii,2026,1,"Dengue virus infections, Dengue",,-
Oregon,2026,1,"Dengue virus infections, Dengue",,-
Washington,2026,1,"Dengue virus infections, Dengue",,-
U.S. Territories,2026,1,"Dengue virus infections, Dengue",,-
American Samoa,2026,1,"Dengue virus infections, Dengue",,-
Commonwealth of Northern Mariana Islands,2026,1,"Dengue virus infections, Dengue",,-
Guam,2026,1,"Dengue virus infections, Dengue",,-
Puerto Rico,2026,1,"Dengue virus infections, Dengue",,-
U.S. Virgin Islands,2026,1,"Dengue virus infections, Dengue",,-
Non-U.S. Residents,2026,1,"Dengue virus infections, Dengue",,-
Total,2026,1,"Dengue virus infections, Dengue",4,
U.S. Residents,2026,2,"Dengue virus infections, Dengue",,-
New England,2026,2,"Dengue virus infections, Dengue",,-
Connecticut,2026,2,"Dengue virus infections, Dengue",,-
Maine,2026,2,"Dengue virus infections, Dengue",,-
Massachusetts,2026,2,"Dengue virus infections, Dengue",,-
New Hampshire,2026,2,"Dengue virus infections, Dengue",,-
Rhode Island,2026,2,"Dengue virus infections, Dengue",,-
Vermont,2026,2,"Dengue virus infections, Dengue",,-
Middle Atlantic,2026,2,"Dengue virus infections, Dengue",,-
New Jersey,2026,2,"Dengue virus infections, Dengue",,-
New York,2026,2,"Dengue virus infections, Dengue",,-
New York City,2026,2,"Dengue virus infections, Dengue",,-
Pennsylvania,2026,2,"Dengue virus infections, Dengue",,-
East North Central,2026,2,"Dengue virus infections, Dengue",,-
Illinois,2026,2,"Dengue virus infections, Dengue",,-
Indiana,2026,2,"Dengue virus infections, Dengue",,-
Michigan,2026,2,"Dengue virus infections, Dengue",,-
Ohio,2026,2,"Dengue virus infections, Dengue",,-
Wisconsin,2026,2,"Dengue virus infections, Dengue",,-
West North Central,2026,2,"Dengue virus infections, Dengue",,-
Iowa,2026,2,"Dengue virus infections, Dengue",,-
Kansas,2026,2,"Dengue virus infections, Dengue",,-
Minnesota,2026,2,"Dengue virus infections, Dengue",,-
Missouri,2026,2,"Dengue virus infections, Dengue",,-
Nebraska,2026,2,"Dengue virus infections, Dengue",,-
North Dakota,2026,2,"Dengue virus infections, Dengue",,-
South Dakota,2026,2,"Dengue virus infections, Dengue",,-
South Atlantic,2026,2,"Dengue virus infections, Dengue",,-
Delaware,2026,2,"Dengue virus infections, Dengue",,-
District of Columbia,2026,2,"Dengue virus infections, Dengue",,-
Florida,2026,2,"Dengue virus infections, Dengue",,-
Georgia,2026,2,"Dengue virus infections, Dengue",,-
Maryland,2026,2,"Dengue virus infections, Dengue",,-
North Carolina,2026,2,"Dengue virus infections, Dengue",,-
South Carolina,2026,2,"Dengue virus infections, Dengue",,-
Virginia,2026,2,"Dengue virus infections, Dengue",,-
West Virginia,2026,2,"Dengue virus infections, Dengue",,-
East South Central,2026,2,"Dengue virus infections, Dengue",,-
Alabama,2026,2,"Dengue virus infections, Dengue",,-
Kentucky,2026,2,"Dengue virus infections, Dengue",,-
Mississippi,2026,2,"Dengue virus infections, Dengue",,-
Tennessee,2026,2,"Dengue virus infections, Dengue",,-
West South Central,2026,2,"Dengue virus infections, Dengue",,-
Arkansas,2026,2,"Dengue virus infections, Dengue",,-
Louisiana,2026,2,"Dengue virus infections, Dengue",,-
Oklahoma,2026,2,"Dengue virus infections, Dengue",,-
Texas,2026,2,"Dengue virus infections, Dengue",,-
Mountain,2026,2,"Dengue virus infections, Dengue",,-
Arizona,2026,2,"Dengue virus infections, Dengue",,-
Colorado,2026,2,"Dengue virus infections, Dengue",,-
Idaho,2026,2,"Dengue virus infections, Dengue",,-
Montana,2026,2,"Dengue virus infections, Dengue",,-
Nevada,2026,2,"Dengue virus infections, Dengue",,-
New Mexico,2026,2,"Dengue virus infections, Dengue",,-
Utah,2026,2,"Dengue virus infections, Dengue",,-
Wyoming,2026,2,"Dengue virus infections, Dengue",,-
Pacific,2026,2,"Dengue virus infections, Dengue",,-
Alaska,2026,2,"Dengue virus infections, Dengue",,-
California,2026,2,"Dengue virus infections, Dengue",,-
Hawaii,2026,2,"Dengue virus infections, Dengue",,-
Oregon,2026,2,"Dengue virus infections, Dengue",,-
Washington,2026,2,"Dengue virus infections, Dengue",,-
U.S. Territories,2026,2,"Dengue virus infections, Dengue",,-
American Samoa,2026,2,"Dengue virus infections, Dengue",,-
Commonwealth of Northern Mariana Islands,2026,2,"Dengue virus infections, Dengue",,-
Guam,2026,2,"Dengue virus infections, Dengue",,-
Puerto Rico,2026,2,"Dengue virus infections, Dengue",,-
U.S. Virgin Islands,2026,2,"Dengue virus infections, Dengue",,-
Non-U.S. Residents,2026,2,"Dengue virus infections, Dengue",,-
Total,2026,2,"Dengue virus infections, Dengue",,-
U.S. Residents,2026,3,"Dengue virus infections, Dengue",2,
New England,2026,3,"Dengue virus infections, Dengue",,-
Connecticut,2026,3,"Dengue virus infections, Dengue",,-
Maine,2026,3,"Dengue virus infections, Dengue",,-
Massachusetts,2026,3,"Dengue virus infections, Dengue",,-
New Hampshire,2026,3,"Dengue virus infections, Dengue",,-
Rhode Island,2026,3,"Dengue virus infections, Dengue",,-
Vermont,2026,3,"Dengue virus infections, Dengue",,-
Middle Atlantic,2026,3,"Dengue virus infections, Dengue",,-
New Jersey,2026,3,"Dengue virus infections, Dengue",,-
New York,2026,3,"Dengue virus infections, Dengue",,-
New York City,2026,3,"Dengue virus infections, Dengue",,-
Pennsylvania,2026,3,"Dengue virus infections, Dengue",,-
East North Central,2026,3,"Dengue virus infections, Dengue",,-
Illinois,2026,3,"Dengue virus infections, Dengue",,-
Indiana,2026,3,"Dengue virus infections, Dengue",,-
Michigan,2026,3,"Dengue virus infections, Dengue",,-
Ohio,2026,3,"Dengue virus infections, Dengue",,-
Wisconsin,2026,3,"Dengue virus infections, Dengue",,-
West North Central,2026,3,"Dengue virus infections, Dengue",,-
Iowa,2026,3,"Dengue virus infections, Dengue",,-
Kansas,2026,3,"Dengue virus infections, Dengue",,-
Minnesota,2026,3,"Dengue virus infections, Dengue",,-
Missouri,2026,3,"Dengue virus infections, Dengue",,-
Nebraska,2026,3,"Dengue virus infections, Dengue",,-
North Dakota,2026,3,"Dengue virus infections, Dengue",,-
South Dakota,2026,3,"Dengue virus infections, Dengue",,-
South Atlantic,2026,3,"Dengue virus infections, Dengue",,-
Delaware,2026,3,"Dengue virus infections, Dengue",,-
District of Columbia,2026,3,"Dengue virus infections, Dengue",,-
Florida,2026,3,"Dengue virus infections, Dengue",,-
Georgia,2026,3,"Dengue virus infections, Dengue",,-
Maryland,2026,3,"Dengue virus infections, Dengue",,-
North Carolina,2026,3,"Dengue virus infections, Dengue",,-
South Carolina,2026,3,"Dengue virus infections, Dengue",,-
Virginia,2026,3,"Dengue virus infections, Dengue",,-
West Virginia,2026,3,"Dengue virus infections, Dengue",,-
East South Central,2026,3,"Dengue virus infections, Dengue",,-
Alabama,2026,3,"Dengue virus infections, Dengue",,-
Kentucky,2026,3,"Dengue virus infections, Dengue",,-
Mississippi,2026,3,"Dengue virus infections, Dengue",,-
Tennessee,2026,3,"Dengue virus infections, Dengue",,-
West South Central,2026,3,"Dengue virus infections, Dengue",,-
Arkansas,2026,3,"Dengue virus infections, Dengue",,-
Louisiana,2026,3,"Dengue virus infections, Dengue",,-
Oklahoma,2026,3,"Dengue virus infections, Dengue",,-
Texas,2026,3,"Dengue virus infections, Dengue",,-
Mountain,2026,3,"Dengue virus infections, Dengue",2,
Arizona,2026,3,"Dengue virus infections, Dengue",2,
Colorado,2026,3,"Dengue virus infections, Dengue",,-
Idaho,2026,3,"Dengue virus infections, Dengue",,-
Montana,2026,3,"Dengue virus infections, Dengue",,-
Nevada,2026,3,"Dengue virus infections, Dengue",,-
New Mexico,2026,3,"Dengue virus infections, Dengue",,-
Utah,2026,3,"Dengue virus infections, Dengue",,-
Wyoming,2026,3,"Dengue virus infections, Dengue",,-
Pacific,2026,3,"Dengue virus infections, Dengue",,-
Alaska,2026,3,"Dengue virus infections, Dengue",,-
California,2026,3,"Dengue virus infections, Dengue",,-
Hawaii,2026,3,"Dengue virus infections, Dengue",,-
Oregon,2026,3,"Dengue virus infections, Dengue",,-
Washington,2026,3,"Dengue virus infections, Dengue",,-
U.S. Territories,2026,3,"Dengue virus infections, Dengue",,-
American Samoa,2026,3,"Dengue virus infections, Dengue",,-
Commonwealth of Northern Mariana Islands,2026,3,"Dengue virus infections, Dengue",,-
Guam,2026,3,"Dengue virus infections, Dengue",,-
Puerto Rico,2026,3,"Dengue virus infections, Dengue",,-
U.S. Virgin Islands,2026,3,"Dengue virus infections, Dengue",,-
Non-U.S. Residents,2026,3,"Dengue virus infections, Dengue",,-
Total,2026,3,"Dengue virus infections, Dengue",2,
U.S. Residents,2026,4,"Dengue virus infections, Dengue",,-
New England,2026,4,"Dengue virus infections, Dengue",,-
Connecticut,2026,4,"Dengue virus infections, Dengue",,-
Maine,2026,4,"Dengue virus infections, Dengue",,-
Massachusetts,2026,4,"Dengue virus infections, Dengue",,-
New Hampshire,2026,4,"Dengue virus infections, Dengue",,-
Rhode Island,2026,4,"Dengue virus infections, Dengue",,-
Vermont,2026,4,"Dengue virus infections, Dengue",,-
Middle Atlantic,2026,4,"Dengue virus infections, Dengue",,-
New Jersey,2026,4,"Dengue virus infections, Dengue",,-
New York,2026,4,"Dengue virus infections, Dengue",,-
New York City,2026,4,"Dengue virus infections, Dengue",,-
Pennsylvania,2026,4,"Dengue virus infections, Dengue",,-
East North Central,2026,4,"Dengue virus infections, Dengue",,-
Illinois,2026,4,"Dengue virus infections, Dengue",,-
Indiana,2026,4,"Dengue virus infections, Dengue",,-
Michigan,2026,4,"Dengue virus infections, Dengue",,-
Ohio,2026,4,"Dengue virus infections, Dengue",,-
Wisconsin,2026,4,"Dengue virus infections, Dengue",,-
West North Central,2026,4,"Dengue virus infections, Dengue",,-
Iowa,2026,4,"Dengue virus infections, Dengue",,-
Kansas,2026,4,"Dengue virus infections, Dengue",,-
Minnesota,2026,4,"Dengue virus infections, Dengue",,-
Missouri,2026,4,"Dengue virus infections, Dengue",,-
Nebraska,2026,4,"Dengue virus infections, Dengue",,-
North Dakota,2026,4,"Dengue virus infections, Dengue",,-
South Dakota,2026,4,"Dengue virus infections, Dengue",,-
South Atlantic,2026,4,"Dengue virus infections, Dengue",,-
Delaware,2026,4,"Dengue virus infections, Dengue",,-
District of Columbia,2026,4,"Dengue virus infections, Dengue",,-
Florida,2026,4,"Dengue virus infections, Dengue",,-
Georgia,2026,4,"Dengue virus infections, Dengue",,-
Maryland,2026,4,"Dengue virus infections, Dengue",,-
North Carolina,2026,4,"Dengue virus infections, Dengue",,-
South Carolina,2026,4,"Dengue virus infections, Dengue",,-
Virginia,2026,4,"Dengue virus infections, Dengue",,-
West Virginia,2026,4,"Dengue virus infections, Dengue",,-
East South Central,2026,4,"Dengue virus infections, Dengue",,-
Alabama,2026,4,"Dengue virus infections, Dengue",,-
Kentucky,2026,4,"Dengue virus infections, Dengue",,-
Mississippi,2026,4,"Dengue virus infections, Dengue",,-
Tennessee,2026,4,"Dengue virus infections, Dengue",,-
West South Central,2026,4,"Dengue virus infections, Dengue",,-
Arkansas,2026,4,"Dengue virus infections, Dengue",,-
Louisiana,2026,4,"Dengue virus infections, Dengue",,-
Oklahoma,2026,4,"Dengue virus infections, Dengue",,-
Texas,2026,4,"Dengue virus infections, Dengue",,-
Mountain,2026,4,"Dengue virus infections, Dengue",,-
Arizona,2026,4,"Dengue virus infections, Dengue",,-
Colorado,2026,4,"Dengue virus infections, Dengue",,-
Idaho,2026,4,"Dengue virus infections, Dengue",,-
Montana,2026,4,"Dengue virus infections, Dengue",,-
Nevada,2026,4,"Dengue virus infections, Dengue",,-
New Mexico,2026,4,"Dengue virus infections, Dengue",,-
Utah,2026,4,"Dengue virus infections, Dengue",,-
Wyoming,2026,4,"Dengue virus infections, Dengue",,-
Pacific,2026,4,"Dengue virus infections, Dengue",,-
Alaska,2026,4,"Dengue virus infections, Dengue",,-
California,2026,4,"Dengue virus infections, Dengue",,-
Hawaii,2026,4,"Dengue virus infections, Dengue",,-
Oregon,2026,4,"Dengue virus infections, Dengue",,-
Washington,2026,4,"Dengue virus infections, Dengue",,-
U.S. Territories,2026,4,"Dengue virus infections, Dengue",,-
American Samoa,2026,4,"Dengue virus infections, Dengue",,-
Commonwealth of Northern Mariana Islands,2026,4,"Dengue virus infections, Dengue",,-
Guam,2026,4,"Dengue virus infections, Dengue",,-
Puerto Rico,2026,4,"Dengue virus infections, Dengue",,-
U.S. Virgin Islands,2026,4,"Dengue virus infections, Dengue",,-
Non-U.S. Residents,2026,4,"Dengue virus infections, Dengue",,-
Total,2026,4,"Dengue virus infections, Dengue",,-
U.S. Residents,2026,5,"Dengue virus infections, Dengue",1,
New England,2026,5,"Dengue virus infections, Dengue",,-
Connecticut,2026,5,"Dengue virus infections, Dengue",,-
Maine,2026,5,"Dengue virus infections, Dengue",,-
Massachusetts,2026,5,"Dengue virus infections, Dengue",,-
New Hampshire,2026,5,"Dengue virus infections, Dengue",,-
Rhode Island,2026,5,"Dengue virus infections, Dengue",,-
Vermont,2026,5,"Dengue virus infections, Dengue",,-
Middle Atlantic,2026,5,"Dengue virus infections, Dengue",1,
New Jersey,2026,5,"Dengue virus infections, Dengue",,-
New York,2026,5,"Dengue virus infections, Dengue",1,
New York City,2026,5,"Dengue virus infections, Dengue",,-
Pennsylvania,2026,5,"Dengue virus infections, Dengue",,-
East North Central,2026,5,"Dengue virus infections, Dengue",,-
Illinois,2026,5,"Dengue virus infections, Dengue",,-
Indiana,2026,5,"Dengue virus infections, Dengue",,-
Michigan,2026,5,"Dengue virus infections, Dengue",,-
Ohio,2026,5,"Dengue virus infections, Dengue",,-
Wisconsin,2026,5,"Dengue virus infections, Dengue",,-
West North Central,2026,5,"Dengue virus infections, Dengue",,-
Iowa,2026,5,"Dengue virus infections, Dengue",,-
Kansas,2026,5,"Dengue virus infections, Dengue",,-
Minnesota,2026,5,"Dengue virus infections, Dengue",,-
Missouri,2026,5,"Dengue virus infections, Dengue",,-
Nebraska,2026,5,"Dengue virus infections, Dengue",,-
North Dakota,2026,5,"Dengue virus infections, Dengue",,-
South Dakota,2026,5,"Dengue virus infections, Dengue",,-
South Atlantic,2026,5,"Dengue virus infections, Dengue",,-
Delaware,2026,5,"Dengue virus infections, Dengue",,-
District of Columbia,2026,5,"Dengue virus infections, Dengue",,-
Florida,2026,5,"Dengue virus infections, Dengue",,-
Georgia,2026,5,"Dengue virus infections, Dengue",,-
Maryland,2026,5,"Dengue virus infections, Dengue",,-
North Carolina,2026,5,"Dengue virus infections, Dengue",,-
South Carolina,2026,5,"Dengue virus infections, Dengue",,-
Virginia,2026,5,"Dengue virus infections, Dengue",,-
West Virginia,2026,5,"Dengue virus infections, Dengue",,-
East South Central,2026,5,"Dengue virus infections, Dengue",,-
Alabama,2026,5,"Dengue virus infections, Dengue",,-
Kentucky,2026,5,"Dengue virus infections, Dengue",,-
Mississippi,2026,5,"Dengue virus infections, Dengue",,-
Tennessee,2026,5,"Dengue virus infections, Dengue",,-
West South Central,2026,5,"Dengue virus infections, Dengue",,-
Arkansas,2026,5,"Dengue virus infections, Dengue",,-
Louisiana,2026,5,"Dengue virus infections, Dengue",,-
Oklahoma,2026,5,"Dengue virus infections, Dengue",,-
Texas,2026,5,"Dengue virus infections, Dengue",,-
Mountain,2026,5,"Dengue virus infections, Dengue",,-
Arizona,2026,5,"Dengue virus infections, Dengue",,-
Colorado,2026,5,"Dengue virus infections, Dengue",,-
Idaho,2026,5,"Dengue virus infections, Dengue",,-
Montana,2026,5,"Dengue virus infections, Dengue",,-
Nevada,2026,5,"Dengue virus infections, Dengue",,-
New Mexico,2026,5,"Dengue virus infections, Dengue",,-
Utah,2026,5,"Dengue virus infections, Dengue",,-
Wyoming,2026,5,"Dengue virus infections, Dengue",,-
Pacific,2026,5,"Dengue virus infections, Dengue",,-
Alaska,2026,5,"Dengue virus infections, Dengue",,-
California,2026,5,"Dengue virus infections, Dengue",,-
Hawaii,2026,5,"Dengue virus infections, Dengue",,-
Oregon,2026,5,"Dengue virus infections, Dengue",,-
Washington,2026,5,"Dengue virus infections, Dengue",,-
U.S. Territories,2026,5,"Dengue virus infections, Dengue",,-
American Samoa,2026,5,"Dengue virus infections, Dengue",,-
Commonwealth of Northern Mariana Islands,2026,5,"Dengue virus infections, Dengue",,-
Guam,2026,5,"Dengue virus infections, Dengue",,-
Puerto Rico,2026,5,"Dengue virus infections, Dengue",,-
U.S. Virgin Islands,2026,5,"Dengue virus infections, Dengue",,-
Non-U.S. Residents,2026,5,"Dengue virus infections, Dengue",,-
Total,2026,5,"Dengue virus infections, Dengue",1,
U.S. Residents,2026,6,"Dengue virus infections, Dengue",,-
New England,2026,6,"Dengue virus infections, Dengue",,-
Connecticut,2026,6,"Dengue virus infections, Dengue",,-
Maine,2026,6,"Dengue virus infections, Dengue",,-
Massachusetts,2026,6,"Dengue virus infections, Dengue",,-
New Hampshire,2026,6,"Dengue virus infections, Dengue",,-
Rhode Island,2026,6,"Dengue virus infections, Dengue",,-
Vermont,2026,6,"Dengue virus infections, Dengue",,-
Middle Atlantic,2026,6,"Dengue virus infections, Dengue",,-
New Jersey,2026,6,"Dengue virus infections, Dengue",,-
New York,2026,6,"Dengue virus infections, Dengue",,-
New York City,2026,6,"Dengue virus infections, Dengue",,-
Pennsylvania,2026,6,"Dengue virus infections, Dengue",,-
East North Central,2026,6,"Dengue virus infections, Dengue",,-
Illinois,2026,6,"Dengue virus infections, Dengue",,-
Indiana,2026,6,"Dengue virus infections, Dengue",,-
Michigan,2026,6,"Dengue virus infections, Dengue",,-
Ohio,2026,6,"Dengue virus infections, Dengue",,-
Wisconsin,2026,6,"Dengue virus infections, Dengue",,-
West North Central,2026,6,"Dengue virus infections, Dengue",,-
Iowa,2026,6,"Dengue virus infections, Dengue",,-
Kansas,2026,6,"Dengue virus infections, Dengue",,-
Minnesota,2026,6,"Dengue virus infections, Dengue",,-
Missouri,2026,6,"Dengue virus infections, Dengue",,-
Nebraska,2026,6,"Dengue virus infections, Dengue",,-
North Dakota,2026,6,"Dengue virus infections, Dengue",,-
South Dakota,2026,6,"Dengue virus infections, Dengue",,-
South Atlantic,2026,6,"Dengue virus infections, Dengue",,-
Delaware,2026,6,"Dengue virus infections, Dengue",,-
District of Columbia,2026,6,"Dengue virus infections, Dengue",,-
Florida,2026,6,"Dengue virus infections, Dengue",,-
Georgia,2026,6,"Dengue virus infections, Dengue",,-
Maryland,2026,6,"Dengue virus infections, Dengue",,-
North Carolina,2026,6,"Dengue virus infections, Dengue",,-
South Carolina,2026,6,"Dengue virus infections, Dengue",,-
Virginia,2026,6,"Dengue virus infections, Dengue",,-
West Virginia,2026,6,"Dengue virus infections, Dengue",,-
East South Central,2026,6,"Dengue virus infections, Dengue",,-
Alabama,2026,6,"Dengue virus infections, Dengue",,-
Kentucky,2026,6,"Dengue virus infections, Dengue",,-
Mississippi,2026,6,"Dengue virus infections, Dengue",,-
Tennessee,2026,6,"Dengue virus infections, Dengue",,-
West South Central,2026,6,"Dengue virus infections, Dengue",,-
Arkansas,2026,6,"Dengue virus infections, Dengue",,-
Louisiana,2026,6,"Dengue virus infections, Dengue",,-
Oklahoma,2026,6,"Dengue virus infections, Dengue",,-
Texas,2026,6,"Dengue virus infections, Dengue",,-
Mountain,2026,6,"Dengue virus infections, Dengue",,-
Arizona,2026,6,"Dengue virus infections, Dengue",,-
Colorado,2026,6,"Dengue virus infections, Dengue",,-
Idaho,2026,6,"Dengue virus infections, Dengue",,-
Montana,2026,6,"Dengue virus infections, Dengue",,-
Nevada,2026,6,"Dengue virus infections, Dengue",,-
New Mexico,2026,6,"Dengue virus infections, Dengue",,-
Utah,2026,6,"Dengue virus infections, Dengue",,-
Wyoming,2026,6,"Dengue virus infections, Dengue",,-
Pacific,2026,6,"Dengue virus infections, Dengue",,-
Alaska,2026,6,"Dengue virus infections, Dengue",,-
California,2026,6,"Dengue virus infections, Dengue",,-
Hawaii,2026,6,"Dengue virus infections, Dengue",,-
Oregon,2026,6,"Dengue virus infections, Dengue",,-
Washington,2026,6,"Dengue virus infections, Dengue",,-
U.S. Territories,2026,6,"Dengue virus infections, Dengue",,-
American Samoa,2026,6,"Dengue virus infections, Dengue",,-
Commonwealth of Northern Mariana Islands,2026,6,"Dengue virus infections, Dengue",,-
Guam,2026,6,"Dengue virus infections, Dengue",,-
Puerto Rico,2026,6,"Dengue virus infections, Dengue",,-
U.S. Virgin Islands,2026,6,"Dengue virus infections, Dengue",,-
Non-U.S. Residents,2026,6,"Dengue virus infections, Dengue",,-
Total,2026,6,"Dengue virus infections, Dengue",,-
U.S. Residents,2026,7,"Dengue virus infections, Dengue",,-
New England,2026,7,"Dengue virus infections, Dengue",,-
Connecticut,2026,7,"Dengue virus infections, Dengue",,-
Maine,2026,7,"Dengue virus infections, Dengue",,-
Massachusetts,2026,7,"Dengue virus infections, Dengue",,-
New Hampshire,2026,7,"Dengue virus infections, Dengue",,-
Rhode Island,2026,7,"Dengue virus infections, Dengue",,-
Vermont,2026,7,"Dengue virus infections, Dengue",,-
Middle Atlantic,2026,7,"Dengue virus infections, Dengue",,-
New Jersey,2026,7,"Dengue virus infections, Dengue",,-
New York,2026,7,"Dengue virus infections, Dengue",,-
New York City,2026,7,"Dengue virus infections, Dengue",,-
Pennsylvania,2026,7,"Dengue virus infections, Dengue",,-
East North Central,2026,7,"Dengue virus infections, Dengue",,-
Illinois,2026,7,"Dengue virus infections, Dengue",,-
Indiana,2026,7,"Dengue virus infections, Dengue",,-
Michigan,2026,7,"Dengue virus infections, Dengue",,-
Ohio,2026,7,"Dengue virus infections, Dengue",,-
Wisconsin,2026,7,"Dengue virus infections, Dengue",,-
West North Central,2026,7,"Dengue virus infections, Dengue",,-
Iowa,2026,7,"Dengue virus infections, Dengue",,-
Kansas,2026,7,"Dengue virus infections, Dengue",,-
Minnesota,2026,7,"Dengue virus infections, Dengue",,-
Missouri,2026,7,"Dengue virus infections, Dengue",,-
Nebraska,2026,7,"Dengue virus infections, Dengue",,-
North Dakota,2026,7,"Dengue virus infections, Dengue",,-
South Dakota,2026,7,"Dengue virus infections, Dengue",,-
South Atlantic,2026,7,"Dengue virus infections, Dengue",,-
Delaware,2026,7,"Dengue virus infections, Dengue",,-
District of Columbia,2026,7,"Dengue virus infections, Dengue",,-
Florida,2026,7,"Dengue virus infections, Dengue",,-
Georgia,2026,7,"Dengue virus infections, Dengue",,-
Maryland,2026,7,"Dengue virus infections, Dengue",,-
North Carolina,2026,7,"Dengue virus infections, Dengue",,-
South Carolina,2026,7,"Dengue virus infections, Dengue",,-
Virginia,2026,7,"Dengue virus infections, Dengue",,-
West Virginia,2026,7,"Dengue virus infections, Dengue",,-
East South Central,2026,7,"Dengue virus infections, Dengue",,-
Alabama,2026,7,"Dengue virus infections, Dengue",,-
Kentucky,2026,7,"Dengue virus infections, Dengue",,-
Mississippi,2026,7,"Dengue virus infections, Dengue",,-
Tennessee,2026,7,"Dengue virus infections, Dengue",,-
West South Central,2026,7,"Dengue virus infections, Dengue",,-
Arkansas,2026,7,"Dengue virus infections, Dengue",,-
Louisiana,2026,7,"Dengue virus infections, Dengue",,-
Oklahoma,2026,7,"Dengue virus infections, Dengue",,-
Texas,2026,7,"Dengue virus infections, Dengue",,-
Mountain,2026,7,"Dengue virus infections, Dengue",,-
Arizona,2026,7,"Dengue virus infections, Dengue",,-
Colorado,2026,7,"Dengue virus infections, Dengue",,-
Idaho,2026,7,"Dengue virus infections, Dengue",,-
Montana,2026,7,"Dengue virus infections, Dengue",,-
Nevada,2026,7,"Dengue virus infections, Dengue",,-
New Mexico,2026,7,"Dengue virus infections, Dengue",,-
Utah,2026,7,"Dengue virus infections, Dengue",,-
Wyoming,2026,7,"Dengue virus infections, Dengue",,-
Pacific,2026,7,"Dengue virus infections, Dengue",,-
Alaska,2026,7,"Dengue virus infections, Dengue",,-
California,2026,7,"Dengue virus infections, Dengue",,-
Hawaii,2026,7,"Dengue virus infections, Dengue",,-
Oregon,2026,7,"Dengue virus infections, Dengue",,-
Washington,2026,7,"Dengue virus infections, Dengue",,-
U.S. Territories,2026,7,"Dengue virus infections, Dengue",,-
American Samoa,2026,7,"Dengue virus infections, Dengue",,-
Commonwealth of Northern Mariana Islands,2026,7,"Dengue virus infections, Dengue",,-
Guam,2026,7,"Dengue virus infections, Dengue",,-
Puerto Rico,2026,7,"Dengue virus infections, Dengue",,-
U.S. Virgin Islands,2026,7,"Dengue virus infections, Dengue",,-
Non-U.S. Residents,2026,7,"Dengue virus infections, Dengue",,-
Total,2026,7,"Dengue virus infections, Dengue",,-
U.S. Residents,2026,8,"Dengue virus infections, Dengue",,-
New England,2026,8,"Dengue virus infections, Dengue",,-
Connecticut,2026,8,"Dengue virus infections, Dengue",,-
Maine,2026,8,"Dengue virus infections, Dengue",,-
Massachusetts,2026,8,"Dengue virus infections, Dengue",,-
New Hampshire,2026,8,"Dengue virus infections, Dengue",,-
Rhode Island,2026,8,"Dengue virus infections, Dengue",,-
Vermont,2026,8,"Dengue virus infections, Dengue",,-
Middle Atlantic,2026,8,"Dengue virus infections, Dengue",,-
New Jersey,2026,8,"Dengue virus infections, Dengue",,-
New York,2026,8,"Dengue virus infections, Dengue",,-
New York City,2026,8,"Dengue virus infections, Dengue",,-
Pennsylvania,2026,8,"Dengue virus infections, Dengue",,-
East North Central,2026,8,"Dengue virus infections, Dengue",,-
Illinois,2026,8,"Dengue virus infections, Dengue",,-
Indiana,2026,8,"Dengue virus infections, Dengue",,-
Michigan,2026,8,"Dengue virus infections, Dengue",,-
Ohio,2026,8,"Dengue virus infections, Dengue",,-
Wisconsin,2026,8,"Dengue virus infections, Dengue",,-
West North Central,2026,8,"Dengue virus infections, Dengue",,-
Iowa,2026,8,"Dengue virus infections, Dengue",,-
Kansas,2026,8,"Dengue virus infections, Dengue",,-
Minnesota,2026,8,"Dengue virus infections, Dengue",,-
Missouri,2026,8,"Dengue virus infections, Dengue",,-
Nebraska,2026,8,"Dengue virus infections, Dengue",,-
North Dakota,2026,8,"Dengue virus infections, Dengue",,-
South Dakota,2026,8,"Dengue virus infections, Dengue",,-
South Atlantic,2026,8,"Dengue virus infections, Dengue",,-
Delaware,2026,8,"Dengue virus infections, Dengue",,-
District of Columbia,2026,8,"Dengue virus infections, Dengue",,-
Florida,2026,8,"Dengue virus infections, Dengue",,-
Georgia,2026,8,"Dengue virus infections, Dengue",,-
Maryland,2026,8,"Dengue virus infections, Dengue",,-
North Carolina,2026,8,"Dengue virus infections, Dengue",,-
South Carolina,2026,8,"Dengue virus infections, Dengue",,-
Virginia,2026,8,"Dengue virus infections, Dengue",,-
West Virginia,2026,8,"Dengue virus infections, Dengue",,-
East South Central,2026,8,"Dengue virus infections, Dengue",,-
Alabama,2026,8,"Dengue virus infections, Dengue",,-
Kentucky,2026,8,"Dengue virus infections, Dengue",,-
Mississippi,2026,8,"Dengue virus infections, Dengue",,-
Tennessee,2026,8,"Dengue virus infections, Dengue",,-
West South Central,2026,8,"Dengue virus infections, Dengue",,-
Arkansas,2026,8,"Dengue virus infections, Dengue",,-
Louisiana,2026,8,"Dengue virus infections, Dengue",,-
Oklahoma,2026,8,"Dengue virus infections, Dengue",,-
Texas,2026,8,"Dengue virus infections, Dengue",,-
Mountain,2026,8,"Dengue virus infections, Dengue",,-
Arizona,2026,8,"Dengue virus infections, Dengue",,-
Colorado,2026,8,"Dengue virus infections, Dengue",,-
Idaho,2026,8,"Dengue virus infections, Dengue",,-
Montana,2026,8,"Dengue virus infections, Dengue",,-
Nevada,2026,8,"Dengue virus infections, Dengue",,-
New Mexico,2026,8,"Dengue virus infections, Dengue",,-
Utah,2026,8,"Dengue virus infections, Dengue",,-
Wyoming,2026,8,"Dengue virus infections, Dengue",,-
Pacific,2026,8,"Dengue virus infections, Dengue",,-
Alaska,2026,8,"Dengue virus infections, Dengue",,-
California,2026,8,"Dengue virus infections, Dengue",,-
Hawaii,2026,8,"Dengue virus infections, Dengue",,-
Oregon,2026,8,"Dengue virus infections, Dengue",,-
Washington,2026,8,"Dengue virus infections, Dengue",,-
U.S. Territories,2026,8,"Dengue virus infections, Dengue",,-
American Samoa,2026,8,"Dengue virus infections, Dengue",,-
Commonwealth of Northern Mariana Islands,2026,8,"Dengue virus infections, Dengue",,-
Guam,2026,8,"Dengue virus infections, Dengue",,-
Puerto Rico,2026,8,"Dengue virus infections, Dengue",,-
U.S. Virgin Islands,2026,8,"Dengue virus infections, Dengue",,-
Non-U.S. Residents,2026,8,"Dengue virus infections, Dengue",,-
Total,2026,8,"Dengue virus infections, Dengue",,-
U.S. Residents,2026,9,"Dengue virus infections, Dengue",,-
New England,2026,9,"Dengue virus infections, Dengue",,-
Connecticut,2026,9,"Dengue virus infections, Dengue",,-
Maine,2026,9,"Dengue virus infections, Dengue",,-
Massachusetts,2026,9,"Dengue virus infections, Dengue",,-
New Hampshire,2026,9,"Dengue virus infections, Dengue",,-
Rhode Island,2026,9,"Dengue virus infections, Dengue",,-
Vermont,2026,9,"Dengue virus infections, Dengue",,-
Middle Atlantic,2026,9,"Dengue virus infections, Dengue",,-
New Jersey,2026,9,"Dengue virus infections, Dengue",,-
New York,2026,9,"Dengue virus infections, Dengue",,-
New York City,2026,9,"Dengue virus infections, Dengue",,-
Pennsylvania,2026,9,"Dengue virus infections, Dengue",,-
East North Central,2026,9,"Dengue virus infections, Dengue",,-
Illinois,2026,9,"Dengue virus infections, Dengue",,-
Indiana,2026,9,"Dengue virus infections, Dengue",,-
Michigan,2026,9,"Dengue virus infections, Dengue",,-
Ohio,2026,9,"Dengue virus infections, Dengue",,-
Wisconsin,2026,9,"Dengue virus infections, Dengue",,-
West North Central,2026,9,"Dengue virus infections, Dengue",,-
Iowa,2026,9,"Dengue virus infections, Dengue",,-
Kansas,2026,9,"Dengue virus infections, Dengue",,-
Minnesota,2026,9,"Dengue virus infections, Dengue",,-
Missouri,2026,9,"Dengue virus infections, Dengue",,-
Nebraska,2026,9,"Dengue virus infections, Dengue",,-
North Dakota,2026,9,"Dengue virus infections, Dengue",,-
South Dakota,2026,9,"Dengue virus infections, Dengue",,-
South Atlantic,2026,9,"Dengue virus infections, Dengue",,-
Delaware,2026,9,"Dengue virus infections, Dengue",,-
District of Columbia,2026,9,"Dengue virus infections, Dengue",,-
Florida,2026,9,"Dengue virus infections, Dengue",,-
Georgia,2026,9,"Dengue virus infections, Dengue",,-
Maryland,2026,9,"Dengue virus infections, Dengue",,-
North Carolina,2026,9,"Dengue virus infections, Dengue",,-
South Carolina,2026,9,"Dengue virus infections, Dengue",,-
Virginia,2026,9,"Dengue virus infections, Dengue",,-
West Virginia,2026,9,"Dengue virus infections, Dengue",,-
East South Central,2026,9,"Dengue virus infections, Dengue",,-
Alabama,2026,9,"Dengue virus infections, Dengue",,-
Kentucky,2026,9,"Dengue virus infections, Dengue",,-
Mississippi,2026,9,"Dengue virus infections, Dengue",,-
Tennessee,2026,9,"Dengue virus infections, Dengue",,-
West South Central,2026,9,"Dengue virus infections, Dengue",,-
Arkansas,2026,9,"Dengue virus infections, Dengue",,-
Louisiana,2026,9,"Dengue virus infections, Dengue",,-
Oklahoma,2026,9,"Dengue virus infections, Dengue",,-
Texas,2026,9,"Dengue virus infections, Dengue",,-
Mountain,2026,9,"Dengue virus infections, Dengue",,-
Arizona,2026,9,"Dengue virus infections, Dengue",,-
Colorado,2026,9,"Dengue virus infections, Dengue",,-
Idaho,2026,9,"Dengue virus infections, Dengue",,-
Montana,2026,9,"Dengue virus infections, Dengue",,-
Nevada,2026,9,"Dengue virus infections, Dengue",,-
New Mexico,2026,9,"Dengue virus infections, Dengue",,-
Utah,2026,9,"Dengue virus infections, Dengue",,-
Wyoming,2026,9,"Dengue virus infections, Dengue",,-
Pacific,2026,9,"Dengue virus infections, Dengue",,-
Alaska,2026,9,"Dengue virus infections, Dengue",,-
California,2026,9,"Dengue virus infections, Dengue",,-
Hawaii,2026,9,"Dengue virus infections, Dengue",,-
Oregon,2026,9,"Dengue virus infections, Dengue",,-
Washington,2026,9,"Dengue virus infections, Dengue",,-
U.S. Territories,2026,9,"Dengue virus infections, Dengue",,-
American Samoa,2026,9,"Dengue virus infections, Dengue",,-
Commonwealth of Northern Mariana Islands,2026,9,"Dengue virus infections, Dengue",,-
Guam,2026,9,"Dengue virus infections, Dengue",,-
Puerto Rico,2026,9,"Dengue virus infections, Dengue",,-
U.S. Virgin Islands,2026,9,"Dengue virus infections, Dengue",,-
Non-U.S. Residents,2026,9,"Dengue virus infections, Dengue",,-
Total,2026,9,"Dengue virus infections, Dengue",,-
U.S. Residents,2026,10,"Dengue virus infections, Dengue",,-
New England,2026,10,"Dengue virus infections, Dengue",,-
Connecticut,2026,10,"Dengue virus infections, Dengue",,-
Maine,2026,10,"Dengue virus infections, Dengue",,-
Massachusetts,2026,10,"Dengue virus infections, Dengue",,-
New Hampshire,2026,10,"Dengue virus infections, Dengue",,-
Rhode Island,2026,10,"Dengue virus infections, Dengue",,-
Vermont,2026,10,"Dengue virus infections, Dengue",,-
Middle Atlantic,2026,10,"Dengue virus infections, Dengue",,-
New Jersey,2026,10,"Dengue virus infections, Dengue",,-
New York,2026,10,"Dengue virus infections, Dengue",,-
New York City,2026,10,"Dengue virus infections, Dengue",,-
Pennsylvania,2026,10,"Dengue virus infections, Dengue",,-
East North Central,2026,10,"Dengue virus infections, Dengue",,-
Illinois,2026,10,"Dengue virus infections, Dengue",,-
Indiana,2026,10,"Dengue virus infections, Dengue",,-
Michigan,2026,10,"Dengue virus infections, Dengue",,-
Ohio,2026,10,"Dengue virus infections, Dengue",,-
Wisconsin,2026,10,"Dengue virus infections, Dengue",,-
West North Central,2026,10,"Dengue virus infections, Dengue",,-
Iowa,2026,10,"Dengue virus infections, Dengue",,-
Kansas,2026,10,"Dengue virus infections, Dengue",,-
Minnesota,2026,10,"Dengue virus infections, Dengue",,-
Missouri,2026,10,"Dengue virus infections, Dengue",,-
Nebraska,2026,10,"Dengue virus infections, Dengue",,-
North Dakota,2026,10,"Dengue virus infections, Dengue",,-
South Dakota,2026,10,"Dengue virus infections, Dengue",,-
South Atlantic,2026,10,"Dengue virus infections, Dengue",,-
Delaware,2026,10,"Dengue virus infections, Dengue",,-
District of Columbia,2026,10,"Dengue virus infections, Dengue",,-
Florida,2026,10,"Dengue virus infections, Dengue",,-
Georgia,2026,10,"Dengue virus infections, Dengue",,-
Maryland,2026,10,"Dengue virus infections, Dengue",,-
North Carolina,2026,10,"Dengue virus infections, Dengue",,-
South Carolina,2026,10,"Dengue virus infections, Dengue",,-
Virginia,2026,10,"Dengue virus infections, Dengue",,-
West Virginia,2026,10,"Dengue virus infections, Dengue",,-
East South Central,2026,10,"Dengue virus infections, Dengue",,-
Alabama,2026,10,"Dengue virus infections, Dengue",,-
Kentucky,2026,10,"Dengue virus infections, Dengue",,-
Mississippi,2026,10,"Dengue virus infections, Dengue",,-
Tennessee,2026,10,"Dengue virus infections, Dengue",,-
West South Central,2026,10,"Dengue virus infections, Dengue",,-
Arkansas,2026,10,"Dengue virus infections, Dengue",,-
Louisiana,2026,10,"Dengue virus infections, Dengue",,-
Oklahoma,2026,10,"Dengue virus infections, Dengue",,-
Texas,2026,10,"Dengue virus infections, Dengue",,-
Mountain,2026,10,"Dengue virus infections, Dengue",,-
Arizona,2026,10,"Dengue virus infections, Dengue",,-
Colorado,2026,10,"Dengue virus infections, Dengue",,-
Idaho,2026,10,"Dengue virus infections, Dengue",,-
Montana,2026,10,"Dengue virus infections, Dengue",,-
Nevada,2026,10,"Dengue virus infections, Dengue",,-
New Mexico,2026,10,"Dengue virus infections, Dengue",,-
Utah,2026,10,"Dengue virus infections, Dengue",,-
Wyoming,2026,10,"Dengue virus infections, Dengue",,-
Pacific,2026,10,"Dengue virus infections, Dengue",,-
Alaska,2026,10,"Dengue virus infections, Dengue",,-
California,2026,10,"Dengue virus infections, Dengue",,-
Hawaii,2026,10,"Dengue virus infections, Dengue",,-
Oregon,2026,10,"Dengue virus infections, Dengue",,-
Washington,2026,10,"Dengue virus infections, Dengue",,-
U.S. Territories,2026,10,"Dengue virus infections, Dengue",,-
American Samoa,2026,10,"Dengue virus infections, Dengue",,-
Commonwealth of Northern Mariana Islands,2026,10,"Dengue virus infections, Dengue",,-
Guam,2026,10,"Dengue virus infections, Dengue",,-
Puerto Rico,2026,10,"Dengue virus infections, Dengue",,-
U.S. Virgin Islands,2026,10,"Dengue virus infections, Dengue",,-
Non-U.S. Residents,2026,10,"Dengue virus infections, Dengue",,-
Total,2026,10,"Dengue virus infections, Dengue",,-
U.S. Residents,2026,11,"Dengue virus infections, Dengue",1,
New England,2026,11,"Dengue virus infections, Dengue",,-
Connecticut,2026,11,"Dengue virus infections, Dengue",,-
Maine,2026,11,"Dengue virus infections, Dengue",,-
Massachusetts,2026,11,"Dengue virus infections, Dengue",,-
New Hampshire,2026,11,"Dengue virus infections, Dengue",,-
Rhode Island,2026,11,"Dengue virus infections, Dengue",,-
Vermont,2026,11,"Dengue virus infections, Dengue",,-
Middle Atlantic,2026,11,"Dengue virus infections, Dengue",,-
New Jersey,2026,11,"Dengue virus infections, Dengue",,-
New York,2026,11,"Dengue virus infections, Dengue",,-
New York City,2026,11,"Dengue virus infections, Dengue",,-
Pennsylvania,2026,11,"Dengue virus infections, Dengue",,-
East North Central,2026,11,"Dengue virus infections, Dengue",,-
Illinois,2026,11,"Dengue virus infections, Dengue",,-
Indiana,2026,11,"Dengue virus infections, Dengue",,-
Michigan,2026,11,"Dengue virus infections, Dengue",,-
Ohio,2026,11,"Dengue virus infections, Dengue",,-
Wisconsin,2026,11,"Dengue virus infections, Dengue",,-
West North Central,2026,11,"Dengue virus infections, Dengue",,-
Iowa,2026,11,"Dengue virus infections, Dengue",,-
Kansas,2026,11,"Dengue virus infections, Dengue",,-
Minnesota,2026,11,"Dengue virus infections, Dengue",,-
Missouri,2026,11,"Dengue virus infections, Dengue",,-
Nebraska,2026,11,"Dengue virus infections, Dengue",,-
North Dakota,2026,11,"Dengue virus infections, Dengue",,-
South Dakota,2026,11,"Dengue virus infections, Dengue",,-
South Atlantic,2026,11,"Dengue virus infections, Dengue",1,
Delaware,2026,11,"Dengue virus infections, Dengue",,-
District of Columbia,2026,11,"Dengue virus infections, Dengue",,-
Florida,2026,11,"Dengue virus infections, Dengue",1,
Georgia,2026,11,"Dengue virus infections, Dengue",,-
Maryland,2026,11,"Dengue virus infections, Dengue",,-
North Carolina,2026,11,"Dengue virus infections, Dengue",,-
South Carolina,2026,11,"Dengue virus infections, Dengue",,-
Virginia,2026,11,"Dengue virus infections, Dengue",,-
West Virginia,2026,11,"Dengue virus infections, Dengue",,-
East South Central,2026,11,"Dengue virus infections, Dengue",,-
Alabama,2026,11,"Dengue virus infections, Dengue",,-
Kentucky,2026,11,"Dengue virus infections, Dengue",,-
Mississippi,2026,11,"Dengue virus infections, Dengue",,-
Tennessee,2026,11,"Dengue virus infections, Dengue",,-
West South Central,2026,11,"Dengue virus infections, Dengue",,-
Arkansas,2026,11,"Dengue virus infections, Dengue",,-
Louisiana,2026,11,"Dengue virus infections, Dengue",,-
Oklahoma,2026,11,"Dengue virus infections, Dengue",,-
Texas,2026,11,"Dengue virus infections, Dengue",,-
Mountain,2026,11,"Dengue virus infections, Dengue",,-
Arizona,2026,11,"Dengue virus infections, Dengue",,-
Colorado,2026,11,"Dengue virus infections, Dengue",,-
Idaho,2026,11,"Dengue virus infections, Dengue",,-
Montana,2026,11,"Dengue virus infections, Dengue",,-
Nevada,2026,11,"Dengue virus infections, Dengue",,-
New Mexico,2026,11,"Dengue virus infections, Dengue",,-
Utah,2026,11,"Dengue virus infections, Dengue",,-
Wyoming,2026,11,"Dengue virus infections, Dengue",,-
Pacific,2026,11,"Dengue virus infections, Dengue",,-
Alaska,2026,11,"Dengue virus infections, Dengue",,-
California,2026,11,"Dengue virus infections, Dengue",,-
Hawaii,2026,11,"Dengue virus infections, Dengue",,-
Oregon,2026,11,"Dengue virus infections, Dengue",,-
Washington,2026,11,"Dengue virus infections, Dengue",,-
U.S. Territories,2026,11,"Dengue virus infections, Dengue",,-
American Samoa,2026,11,"Dengue virus infections, Dengue",,-
Commonwealth of Northern Mariana Islands,2026,11,"Dengue virus infections, Dengue",,-
Guam,2026,11,"Dengue virus infections, Dengue",,-
Puerto Rico,2026,11,"Dengue virus infections, Dengue",,-
U.S. Virgin Islands,2026,11,"Dengue virus infections, Dengue",,-
Non-U.S. Residents,2026,11,"Dengue virus infections, Dengue",,-
Total,2026,11,"Dengue virus infections, Dengue",1,
U.S. Residents,2026,12,"Dengue virus infections, Dengue",5,
New England,2026,12,"Dengue virus infections, Dengue",,-
Connecticut,2026,12,"Dengue virus infections, Dengue",,-
Maine,2026,12,"Dengue virus infections, Dengue",,-
Massachusetts,2026,12,"Dengue virus infections, Dengue",,-
New Hampshire,2026,12,"Dengue virus infections, Dengue",,-
Rhode Island,2026,12,"Dengue virus infections, Dengue",,-
Vermont,2026,12,"Dengue virus infections, Dengue",,-
Middle Atlantic,2026,12,"Dengue virus infections, Dengue",1,
New Jersey,2026,12,"Dengue virus infections, Dengue",,-
New York,2026,12,"Dengue virus infections, Dengue",1,
New York City,2026,12,"Dengue virus infections, Dengue",,-
Pennsylvania,2026,12,"Dengue virus infections, Dengue",,-
East North Central,2026,12,"Dengue virus infections, Dengue",,-
Illinois,2026,12,"Dengue virus infections, Dengue",,-
Indiana,2026,12,"Dengue virus infections, Dengue",,-
Michigan,2026,12,"Dengue virus infections, Dengue",,-
Ohio,2026,12,"Dengue virus infections, Dengue",,-
Wisconsin,2026,12,"Dengue virus infections, Dengue",,-
West North Central,2026,12,"Dengue virus infections, Dengue",,-
Iowa,2026,12,"Dengue virus infections, Dengue",,-
Kansas,2026,12,"Dengue virus infections, Dengue",,-
Minnesota,2026,12,"Dengue virus infections, Dengue",,-
Missouri,2026,12,"Dengue virus infections, Dengue",,-
Nebraska,2026,12,"Dengue virus infections, Dengue",,-
North Dakota,2026,12,"Dengue virus infections, Dengue",,-
South Dakota,2026,12,"Dengue virus infections, Dengue",,-
South Atlantic,2026,12,"Dengue virus infections, Dengue",4,
Delaware,2026,12,"Dengue virus infections, Dengue",,-
District of Columbia,2026,12,"Dengue virus infections, Dengue",,-
Florida,2026,12,"Dengue virus infections, Dengue",2,
Georgia,2026,12,"Dengue virus infections, Dengue",,-
Maryland,2026,12,"Dengue virus infections, Dengue",2,
North Carolina,2026,12,"Dengue virus infections, Dengue",,-
South Carolina,2026,12,"Dengue virus infections, Dengue",,-
Virginia,2026,12,"Dengue virus infections, Dengue",,-
West Virginia,2026,12,"Dengue virus infections, Dengue",,-
East South Central,2026,12,"Dengue virus infections, Dengue",,-
Alabama,2026,12,"Dengue virus infections, Dengue",,-
Kentucky,2026,12,"Dengue virus infections, Dengue",,-
Mississippi,2026,12,"Dengue virus infections, Dengue",,-
Tennessee,2026,12,"Dengue virus infections, Dengue",,-
West South Central,2026,12,"Dengue virus infections, Dengue",,-
Arkansas,2026,12,"Dengue virus infections, Dengue",,-
Louisiana,2026,12,"Dengue virus infections, Dengue",,-
Oklahoma,2026,12,"Dengue virus infections, Dengue",,-
Texas,2026,12,"Dengue virus infections, Dengue",,-
Mountain,2026,12,"Dengue virus infections, Dengue",,-
Arizona,2026,12,"Dengue virus infections, Dengue",,-
Colorado,2026,12,"Dengue virus infections, Dengue",,-
Idaho,2026,12,"Dengue virus infections, Dengue",,-
Montana,2026,12,"Dengue virus infections, Dengue",,-
Nevada,2026,12,"Dengue virus infections, Dengue",,-
New Mexico,2026,12,"Dengue virus infections, Dengue",,-
Utah,2026,12,"Dengue virus infections, Dengue",,-
Wyoming,2026,12,"Dengue virus infections, Dengue",,-
Pacific,2026,12,"Dengue virus infections, Dengue",,-
Alaska,2026,12,"Dengue virus infections, Dengue",,-
California,2026,12,"Dengue virus infections, Dengue",,-
Hawaii,2026,12,"Dengue virus infections, Dengue",,-
Oregon,2026,12,"Dengue virus infections, Dengue",,-
Washington,2026,12,"Dengue virus infections, Dengue",,-
U.S. Territories,2026,12,"Dengue virus infections, Dengue",,-
American Samoa,2026,12,"Dengue virus infections, Dengue",,-
Commonwealth of Northern Mariana Islands,2026,12,"Dengue virus infections, Dengue",,-
Guam,2026,12,"Dengue virus infections, Dengue",,-
Puerto Rico,2026,12,"Dengue virus infections, Dengue",,-
U.S. Virgin Islands,2026,12,"Dengue virus infections, Dengue",,-
Non-U.S. Residents,2026,12,"Dengue virus infections, Dengue",,-
Total,2026,12,"Dengue virus infections, Dengue",5,
U.S. Residents,2026,13,"Dengue virus infections, Dengue",,-
New England,2026,13,"Dengue virus infections, Dengue",,-
Connecticut,2026,13,"Dengue virus infections, Dengue",,-
Maine,2026,13,"Dengue virus infections, Dengue",,-
Massachusetts,2026,13,"Dengue virus infections, Dengue",,-
New Hampshire,2026,13,"Dengue virus infections, Dengue",,-
Rhode Island,2026,13,"Dengue virus infections, Dengue",,-
Vermont,2026,13,"Dengue virus infections, Dengue",,-
Middle Atlantic,2026,13,"Dengue virus infections, Dengue",,-
New Jersey,2026,13,"Dengue virus infections, Dengue",,-
New York,2026,13,"Dengue virus infections, Dengue",,-
New York City,2026,13,"Dengue virus infections, Dengue",,-
Pennsylvania,2026,13,"Dengue virus infections, Dengue",,-
East North Central,2026,13,"Dengue virus infections, Dengue",,-
Illinois,2026,13,"Dengue virus infections, Dengue",,-
Indiana,2026,13,"Dengue virus infections, Dengue",,-
Michigan,2026,13,"Dengue virus infections, Dengue",,-
Ohio,2026,13,"Dengue virus infections, Dengue",,-
Wisconsin,2026,13,"Dengue virus infections, Dengue",,-
West North Central,2026,13,"Dengue virus infections, Dengue",,-
Iowa,2026,13,"Dengue virus infections, Dengue",,-
Kansas,2026,13,"Dengue virus infections, Dengue",,-
Minnesota,2026,13,"Dengue virus infections, Dengue",,-
Missouri,2026,13,"Dengue virus infections, Dengue",,-
Nebraska,2026,13,"Dengue virus infections, Dengue",,-
North Dakota,2026,13,"Dengue virus infections, Dengue",,-
South Dakota,2026,13,"Dengue virus infections, Dengue",,-
South Atlantic,2026,13,"Dengue virus infections, Dengue",,-
Delaware,2026,13,"Dengue virus infections, Dengue",,-
District of Columbia,2026,13,"Dengue virus infections, Dengue",,-
Florida,2026,13,"Dengue virus infections, Dengue",,-
Georgia,2026,13,"Dengue virus infections, Dengue",,-
Maryland,2026,13,"Dengue virus infections, Dengue",,-
North Carolina,2026,13,"Dengue virus infections, Dengue",,-
South Carolina,2026,13,"Dengue virus infections, Dengue",,-
Virginia,2026,13,"Dengue virus infections, Dengue",,-
West Virginia,2026,13,"Dengue virus infections, Dengue",,-
East South Central,2026,13,"Dengue virus infections, Dengue",,-
Alabama,2026,13,"Dengue virus infections, Dengue",,-
Kentucky,2026,13,"Dengue virus infections, Dengue",,-
Mississippi,2026,13,"Dengue virus infections, Dengue",,-
Tennessee,2026,13,"Dengue virus infections, Dengue",,-
West South Central,2026,13,"Dengue virus infections, Dengue",,-
Arkansas,2026,13,"Dengue virus infections, Dengue",,-
Louisiana,2026,13,"Dengue virus infections, Dengue",,-
Oklahoma,2026,13,"Dengue virus infections, Dengue",,-
Texas,2026,13,"Dengue virus infections, Dengue",,-
Mountain,2026,13,"Dengue virus infections, Dengue",,-
Arizona,2026,13,"Dengue virus infections, Dengue",,-
Colorado,2026,13,"Dengue virus infections, Dengue",,-
Idaho,2026,13,"Dengue virus infections, Dengue",,-
Montana,2026,13,"Dengue virus infections, Dengue",,-
Nevada,2026,13,"Dengue virus infections, Dengue",,-
New Mexico,2026,13,"Dengue virus infections, Dengue",,-
Utah,2026,13,"Dengue virus infections, Dengue",,-
Wyoming,2026,13,"Dengue virus infections, Dengue",,-
Pacific,2026,13,"Dengue virus infections, Dengue",,-
Alaska,2026,13,"Dengue virus infections, Dengue",,-
California,2026,13,"Dengue virus infections, Dengue",,-
Hawaii,2026,13,"Dengue virus infections, Dengue",,-
Oregon,2026,13,"Dengue virus infections, Dengue",,-
Washington,2026,13,"Dengue virus infections, Dengue",,-
U.S. Territories,2026,13,"Dengue virus infections, Dengue",,-
American Samoa,2026,13,"Dengue virus infections, Dengue",,-
Commonwealth of Northern Mariana Islands,2026,13,"Dengue virus infections, Dengue",,-
Guam,2026,13,"Dengue virus infections, Dengue",,-
Puerto Rico,2026,13,"Dengue virus infections, Dengue",,-
U.S. Virgin Islands,2026,13,"Dengue virus infections, Dengue",,-
Non-U.S. Residents,2026,13,"Dengue virus infections, Dengue",,-
Total,2026,13,"Dengue virus infections, Dengue",,-
U.S. Residents,2026,14,"Dengue virus infections, Dengue",,-
New England,2026,14,"Dengue virus infections, Dengue",,-
Connecticut,2026,14,"Dengue virus infections, Dengue",,-
Maine,2026,14,"Dengue virus infections, Dengue",,-
Massachusetts,2026,14,"Dengue virus infections, Dengue",,-
New Hampshire,2026,14,"Dengue virus infections, Dengue",,-
Rhode Island,2026,14,"Dengue virus infections, Dengue",,-
Vermont,2026,14,"Dengue virus infections, Dengue",,-
Middle Atlantic,2026,14,"Dengue virus infections, Dengue",,-
New Jersey,2026,14,"Dengue virus infections, Dengue",,-
New York,2026,14,"Dengue virus infections, Dengue",,-
New York City,2026,14,"Dengue virus infections, Dengue",,-
Pennsylvania,2026,14,"Dengue virus infections, Dengue",,-
East North Central,2026,14,"Dengue virus infections, Dengue",,-
Illinois,2026,14,"Dengue virus infections, Dengue",,-
Indiana,2026,14,"Dengue virus infections, Dengue",,-
Michigan,2026,14,"Dengue virus infections, Dengue",,-
Ohio,2026,14,"Dengue virus infections, Dengue",,-
Wisconsin,2026,14,"Dengue virus infections, Dengue",,-
West North Central,2026,14,"Dengue virus infections, Dengue",,-
Iowa,2026,14,"Dengue virus infections, Dengue",,-
Kansas,2026,14,"Dengue virus infections, Dengue",,-
Minnesota,2026,14,"Dengue virus infections, Dengue",,-
Missouri,2026,14,"Dengue virus infections, Dengue",,-
Nebraska,2026,14,"Dengue virus infections, Dengue",,-
North Dakota,2026,14,"Dengue virus infections, Dengue",,-
South Dakota,2026,14,"Dengue virus infections, Dengue",,-
South Atlantic,2026,14,"Dengue virus infections, Dengue",,-
Delaware,2026,14,"Dengue virus infections, Dengue",,-
District of Columbia,2026,14,"Dengue virus infections, Dengue",,-
Florida,2026,14,"Dengue virus infections, Dengue",,-
Georgia,2026,14,"Dengue virus infections, Dengue",,-
Maryland,2026,14,"Dengue virus infections, Dengue",,-
North Carolina,2026,14,"Dengue virus infections, Dengue",,-
South Carolina,2026,14,"Dengue virus infections, Dengue",,-
Virginia,2026,14,"Dengue virus infections, Dengue",,-
West Virginia,2026,14,"Dengue virus infections, Dengue",,-
East South Central,2026,14,"Dengue virus infections, Dengue",,-
Alabama,2026,14,"Dengue virus infections, Dengue",,-
Kentucky,2026,14,"Dengue virus infections, Dengue",,-
Mississippi,2026,14,"Dengue virus infections, Dengue",,-
Tennessee,2026,14,"Dengue virus infections, Dengue",,-
West South Central,2026,14,"Dengue virus infections, Dengue",,-
Arkansas,2026,14,"Dengue virus infections, Dengue",,-
Louisiana,2026,14,"Dengue virus infections, Dengue",,-
Oklahoma,2026,14,"Dengue virus infections, Dengue",,-
Texas,2026,14,"Dengue virus infections, Dengue",,-
Mountain,2026,14,"Dengue virus infections, Dengue",,-
Arizona,2026,14,"Dengue virus infections, Dengue",,-
Colorado,2026,14,"Dengue virus infections, Dengue",,-
Idaho,2026,14,"Dengue virus infections, Dengue",,-
Montana,2026,14,"Dengue virus infections, Dengue",,-
Nevada,2026,14,"Dengue virus infections, Dengue",,-
New Mexico,2026,14,"Dengue virus infections, Dengue",,-
Utah,2026,14,"Dengue virus infections, Dengue",,-
Wyoming,2026,14,"Dengue virus infections, Dengue",,-
Pacific,2026,14,"Dengue virus infections, Dengue",,-
Alaska,2026,14,"Dengue virus infections, Dengue",,-
California,2026,14,"Dengue virus infections, Dengue",,-
Hawaii,2026,14,"Dengue virus infections, Dengue",,-
Oregon,2026,14,"Dengue virus infections, Dengue",,-
Washington,2026,14,"Dengue virus infections, Dengue",,-
U.S. Territories,2026,14,"Dengue virus infections, Dengue",,-
American Samoa,2026,14,"Dengue virus infections, Dengue",,-
Commonwealth of Northern Mariana Islands,2026,14,"Dengue virus infections, Dengue",,-
Guam,2026,14,"Dengue virus infections, Dengue",,-
Puerto Rico,2026,14,"Dengue virus infections, Dengue",,-
U.S. Virgin Islands,2026,14,"Dengue virus infections, Dengue",,-
Non-U.S. Residents,2026,14,"Dengue virus infections, Dengue",,-
Total,2026,14,"Dengue virus infections, Dengue",,-
U.S. Residents,2026,15,"Dengue virus infections, Dengue",1,
New England,2026,15,"Dengue virus infections, Dengue",,-
Connecticut,2026,15,"Dengue virus infections, Dengue",,-
Maine,2026,15,"Dengue virus infections, Dengue",,-
Massachusetts,2026,15,"Dengue virus infections, Dengue",,-
New Hampshire,2026,15,"Dengue virus infections, Dengue",,-
Rhode Island,2026,15,"Dengue virus infections, Dengue",,-
Vermont,2026,15,"Dengue virus infections, Dengue",,-
Middle Atlantic,2026,15,"Dengue virus infections, Dengue",,-
New Jersey,2026,15,"Dengue virus infections, Dengue",,-
New York,2026,15,"Dengue virus infections, Dengue",,-
New York City,2026,15,"Dengue virus infections, Dengue",,-
Pennsylvania,2026,15,"Dengue virus infections, Dengue",,-
East North Central,2026,15,"Dengue virus infections, Dengue",,-
Illinois,2026,15,"Dengue virus infections, Dengue",,-
Indiana,2026,15,"Dengue virus infections, Dengue",,-
Michigan,2026,15,"Dengue virus infections, Dengue",,-
Ohio,2026,15,"Dengue virus infections, Dengue",,-
Wisconsin,2026,15,"Dengue virus infections, Dengue",,-
West North Central,2026,15,"Dengue virus infections, Dengue",,-
Iowa,2026,15,"Dengue virus infections, Dengue",,-
Kansas,2026,15,"Dengue virus infections, Dengue",,-
Minnesota,2026,15,"Dengue virus infections, Dengue",,-
Missouri,2026,15,"Dengue virus infections, Dengue",,-
Nebraska,2026,15,"Dengue virus infections, Dengue",,-
North Dakota,2026,15,"Dengue virus infections, Dengue",,-
South Dakota,2026,15,"Dengue virus infections, Dengue",,-
South Atlantic,2026,15,"Dengue virus infections, Dengue",1,
Delaware,2026,15,"Dengue virus infections, Dengue",,-
District of Columbia,2026,15,"Dengue virus infections, Dengue",,-
Florida,2026,15,"Dengue virus infections, Dengue",1,
Georgia,2026,15,"Dengue virus infections, Dengue",,-
Maryland,2026,15,"Dengue virus infections, Dengue",,-
North Carolina,2026,15,"Dengue virus infections, Dengue",,-
South Carolina,2026,15,"Dengue virus infections, Dengue",,-
Virginia,2026,15,"Dengue virus infections, Dengue",,-
West Virginia,2026,15,"Dengue virus infections, Dengue",,-
East South Central,2026,15,"Dengue virus infections, Dengue",,-
Alabama,2026,15,"Dengue virus infections, Dengue",,-
Kentucky,2026,15,"Dengue virus infections, Dengue",,-
Mississippi,2026,15,"Dengue virus infections, Dengue",,-
Tennessee,2026,15,"Dengue virus infections, Dengue",,-
West South Central,2026,15,"Dengue virus infections, Dengue",,-
Arkansas,2026,15,"Dengue virus infections, Dengue",,-
Louisiana,2026,15,"Dengue virus infections, Dengue",,-
Oklahoma,2026,15,"Dengue virus infections, Dengue",,-
Texas,2026,15,"Dengue virus infections, Dengue",,-
Mountain,2026,15,"Dengue virus infections, Dengue",,-
Arizona,2026,15,"Dengue virus infections, Dengue",,-
Colorado,2026,15,"Dengue virus infections, Dengue",,-
Idaho,2026,15,"Dengue virus infections, Dengue",,-
Montana,2026,15,"Dengue virus infections, Dengue",,-
Nevada,2026,15,"Dengue virus infections, Dengue",,-
New Mexico,2026,15,"Dengue virus infections, Dengue",,-
Utah,2026,15,"Dengue virus infections, Dengue",,-
Wyoming,2026,15,"Dengue virus infections, Dengue",,-
Pacific,2026,15,"Dengue virus infections, Dengue",,-
Alaska,2026,15,"Dengue virus infections, Dengue",,-
California,2026,15,"Dengue virus infections, Dengue",,-
Hawaii,2026,15,"Dengue virus infections, Dengue",,-
Oregon,2026,15,"Dengue virus infections, Dengue",,-
Washington,2026,15,"Dengue virus infections, Dengue",,-
U.S. Territories,2026,15,"Dengue virus infections, Dengue",,-
American Samoa,2026,15,"Dengue virus infections, Dengue",,-
Commonwealth of Northern Mariana Islands,2026,15,"Dengue virus infections, Dengue",,-
Guam,2026,15,"Dengue virus infections, Dengue",,-
Puerto Rico,2026,15,"Dengue virus infections, Dengue",,-
U.S. Virgin Islands,2026,15,"Dengue virus infections, Dengue",,-
Non-U.S. Residents,2026,15,"Dengue virus infections, Dengue",,-
Total,2026,15,"Dengue virus infections, Dengue",1,
U.S. Residents,2026,16,"Dengue virus infections, Dengue",,-
New England,2026,16,"Dengue virus infections, Dengue",,-
Connecticut,2026,16,"Dengue virus infections, Dengue",,-
Maine,2026,16,"Dengue virus infections, Dengue",,-
Massachusetts,2026,16,"Dengue virus infections, Dengue",,-
New Hampshire,2026,16,"Dengue virus infections, Dengue",,-
Rhode Island,2026,16,"Dengue virus infections, Dengue",,-
Vermont,2026,16,"Dengue virus infections, Dengue",,-
Middle Atlantic,2026,16,"Dengue virus infections, Dengue",,-
New Jersey,2026,16,"Dengue virus infections, Dengue",,-
New York,2026,16,"Dengue virus infections, Dengue",,-
New York City,2026,16,"Dengue virus infections, Dengue",,-
Pennsylvania,2026,16,"Dengue virus infections, Dengue",,-
East North Central,2026,16,"Dengue virus infections, Dengue",,-
Illinois,2026,16,"Dengue virus infections, Dengue",,-
Indiana,2026,16,"Dengue virus infections, Dengue",,-
Michigan,2026,16,"Dengue virus infections, Dengue",,-
Ohio,2026,16,"Dengue virus infections, Dengue",,-
Wisconsin,2026,16,"Dengue virus infections, Dengue",,-
West North Central,2026,16,"Dengue virus infections, Dengue",,-
Iowa,2026,16,"Dengue virus infections, Dengue",,-
Kansas,2026,16,"Dengue virus infections, Dengue",,-
Minnesota,2026,16,"Dengue virus infections, Dengue",,-
Missouri,2026,16,"Dengue virus infections, Dengue",,-
Nebraska,2026,16,"Dengue virus infections, Dengue",,-
North Dakota,2026,16,"Dengue virus infections, Dengue",,-
South Dakota,2026,16,"Dengue virus infections, Dengue",,-
South Atlantic,2026,16,"Dengue virus infections, Dengue",,-
Delaware,2026,16,"Dengue virus infections, Dengue",,-
District of Columbia,2026,16,"Dengue virus infections, Dengue",,-
Florida,2026,16,"Dengue virus infections, Dengue",,-
Georgia,2026,16,"Dengue virus infections, Dengue",,-
Maryland,2026,16,"Dengue virus infections, Dengue",,-
North Carolina,2026,16,"Dengue virus infections, Dengue",,-
South Carolina,2026,16,"Dengue virus infections, Dengue",,-
Virginia,2026,16,"Dengue virus infections, Dengue",,-
West Virginia,2026,16,"Dengue virus infections, Dengue",,-
East South Central,2026,16,"Dengue virus infections, Dengue",,-
Alabama,2026,16,"Dengue virus infections, Dengue",,-
Kentucky,2026,16,"Dengue virus infections, Dengue",,-
Mississippi,2026,16,"Dengue virus infections, Dengue",,-
Tennessee,2026,16,"Dengue virus infections, Dengue",,-
West South Central,2026,16,"Dengue virus infections, Dengue",,-
Arkansas,2026,16,"Dengue virus infections, Dengue",,-
Louisiana,2026,16,"Dengue virus infections, Dengue",,-
Oklahoma,2026,16,"Dengue virus infections, Dengue",,-
Texas,2026,16,"Dengue virus infections, Dengue",,-
Mountain,2026,16,"Dengue virus infections, Dengue",,-
Arizona,2026,16,"Dengue virus infections, Dengue",,-
Colorado,2026,16,"Dengue virus infections, Dengue",,-
Idaho,2026,16,"Dengue virus infections, Dengue",,-
Montana,2026,16,"Dengue virus infections, Dengue",,-
Nevada,2026,16,"Dengue virus infections, Dengue",,-
New Mexico,2026,16,"Dengue virus infections, Dengue",,-
Utah,2026,16,"Dengue virus infections, Dengue",,-
Wyoming,2026,16,"Dengue virus infections, Dengue",,-
Pacific,2026,16,"Dengue virus infections, Dengue",,-
Alaska,2026,16,"Dengue virus infections, Dengue",,-
California,2026,16,"Dengue virus infections, Dengue",,-
Hawaii,2026,16,"Dengue virus infections, Dengue",,-
Oregon,2026,16,"Dengue virus infections, Dengue",,-
Washington,2026,16,"Dengue virus infections, Dengue",,-
U.S. Territories,2026,16,"Dengue virus infections, Dengue",,-
American Samoa,2026,16,"Dengue virus infections, Dengue",,-
Commonwealth of Northern Mariana Islands,2026,16,"Dengue virus infections, Dengue",,-
Guam,2026,16,"Dengue virus infections, Dengue",,-
Puerto Rico,2026,16,"Dengue virus infections, Dengue",,-
U.S. Virgin Islands,2026,16,"Dengue virus infections, Dengue",,-
Non-U.S. Residents,2026,16,"Dengue virus infections, Dengue",,-
Total,2026,16,"Dengue virus infections, Dengue",,-
U.S. Residents,2026,17,"Dengue virus infections, Dengue",,-
New England,2026,17,"Dengue virus infections, Dengue",,-
Connecticut,2026,17,"Dengue virus infections, Dengue",,-
Maine,2026,17,"Dengue virus infections, Dengue",,-
Massachusetts,2026,17,"Dengue virus infections, Dengue",,-
New Hampshire,2026,17,"Dengue virus infections, Dengue",,-
Rhode Island,2026,17,"Dengue virus infections, Dengue",,-
Vermont,2026,17,"Dengue virus infections, Dengue",,-
Middle Atlantic,2026,17,"Dengue virus infections, Dengue",,-
New Jersey,2026,17,"Dengue virus infections, Dengue",,-
New York,2026,17,"Dengue virus infections, Dengue",,-
New York City,2026,17,"Dengue virus infections, Dengue",,-
Pennsylvania,2026,17,"Dengue virus infections, Dengue",,-
East North Central,2026,17,"Dengue virus infections, Dengue",,-
Illinois,2026,17,"Dengue virus infections, Dengue",,-
Indiana,2026,17,"Dengue virus infections, Dengue",,-
Michigan,2026,17,"Dengue virus infections, Dengue",,-
Ohio,2026,17,"Dengue virus infections, Dengue",,-
Wisconsin,2026,17,"Dengue virus infections, Dengue",,-
West North Central,2026,17,"Dengue virus infections, Dengue",,-
Iowa,2026,17,"Dengue virus infections, Dengue",,-
Kansas,2026,17,"Dengue virus infections, Dengue",,-
Minnesota,2026,17,"Dengue virus infections, Dengue",,-
Missouri,2026,17,"Dengue virus infections, Dengue",,-
Nebraska,2026,17,"Dengue virus infections, Dengue",,-
North Dakota,2026,17,"Dengue virus infections, Dengue",,-
South Dakota,2026,17,"Dengue virus infections, Dengue",,-
South Atlantic,2026,17,"Dengue virus infections, Dengue",,-
Delaware,2026,17,"Dengue virus infections, Dengue",,-
District of Columbia,2026,17,"Dengue virus infections, Dengue",,-
Florida,2026,17,"Dengue virus infections, Dengue",,-
Georgia,2026,17,"Dengue virus infections, Dengue",,-
Maryland,2026,17,"Dengue virus infections, Dengue",,-
North Carolina,2026,17,"Dengue virus infections, Dengue",,-
South Carolina,2026,17,"Dengue virus infections, Dengue",,-
Virginia,2026,17,"Dengue virus infections, Dengue",,-
West Virginia,2026,17,"Dengue virus infections, Dengue",,-
East South Central,2026,17,"Dengue virus infections, Dengue",,-
Alabama,2026,17,"Dengue virus infections, Dengue",,-
Kentucky,2026,17,"Dengue virus infections, Dengue",,-
Mississippi,2026,17,"Dengue virus infections, Dengue",,-
Tennessee,2026,17,"Dengue virus infections, Dengue",,-
West South Central,2026,17,"Dengue virus infections, Dengue",,-
Arkansas,2026,17,"Dengue virus infections, Dengue",,-
Louisiana,2026,17,"Dengue virus infections, Dengue",,-
Oklahoma,2026,17,"Dengue virus infections, Dengue",,-
Texas,2026,17,"Dengue virus infections, Dengue",,-
Mountain,2026,17,"Dengue virus infections, Dengue",,-
Arizona,2026,17,"Dengue virus infections, Dengue",,-
Colorado,2026,17,"Dengue virus infections, Dengue",,-
Idaho,2026,17,"Dengue virus infections, Dengue",,-
Montana,2026,17,"Dengue virus infections, Dengue",,-
Nevada,2026,17,"Dengue virus infections, Dengue",,-
New Mexico,2026,17,"Dengue virus infections, Dengue",,-
Utah,2026,17,"Dengue virus infections, Dengue",,-
Wyoming,2026,17,"Dengue virus infections, Dengue",,-
Pacific,2026,17,"Dengue virus infections, Dengue",,-
Alaska,2026,17,"Dengue virus infections, Dengue",,-
California,2026,17,"Dengue virus infections, Dengue",,-
Hawaii,2026,17,"Dengue virus infections, Dengue",,-
Oregon,2026,17,"Dengue virus infections, Dengue",,-
Washington,2026,17,"Dengue virus infections, Dengue",,-
U.S. Territories,2026,17,"Dengue virus infections, Dengue",,-
American Samoa,2026,17,"Dengue virus infections, Dengue",,-
Commonwealth of Northern Mariana Islands,2026,17,"Dengue virus infections, Dengue",,-
Guam,2026,17,"Dengue virus infections, Dengue",,-
Puerto Rico,2026,17,"Dengue virus infections, Dengue",,-
U.S. Virgin Islands,2026,17,"Dengue virus infections, Dengue",,-
Non-U.S. Residents,2026,17,"Dengue virus infections, Dengue",,-
Total,2026,17,"Dengue virus infections, Dengue",,-
U.S. Residents,2026,18,"Dengue virus infections, Dengue",,-
New England,2026,18,"Dengue virus infections, Dengue",,-
Connecticut,2026,18,"Dengue virus infections, Dengue",,-
Maine,2026,18,"Dengue virus infections, Dengue",,-
Massachusetts,2026,18,"Dengue virus infections, Dengue",,-
New Hampshire,2026,18,"Dengue virus infections, Dengue",,-
Rhode Island,2026,18,"Dengue virus infections, Dengue",,-
Vermont,2026,18,"Dengue virus infections, Dengue",,-
Middle Atlantic,2026,18,"Dengue virus infections, Dengue",,-
New Jersey,2026,18,"Dengue virus infections, Dengue",,-
New York,2026,18,"Dengue virus infections, Dengue",,-
New York City,2026,18,"Dengue virus infections, Dengue",,-
Pennsylvania,2026,18,"Dengue virus infections, Dengue",,-
East North Central,2026,18,"Dengue virus infections, Dengue",,-
Illinois,2026,18,"Dengue virus infections, Dengue",,-
Indiana,2026,18,"Dengue virus infections, Dengue",,-
Michigan,2026,18,"Dengue virus infections, Dengue",,-
Ohio,2026,18,"Dengue virus infections, Dengue",,-
Wisconsin,2026,18,"Dengue virus infections, Dengue",,-
West North Central,2026,18,"Dengue virus infections, Dengue",,-
Iowa,2026,18,"Dengue virus infections, Dengue",,-
Kansas,2026,18,"Dengue virus infections, Dengue",,-
Minnesota,2026,18,"Dengue virus infections, Dengue",,-
Missouri,2026,18,"Dengue virus infections, Dengue",,-
Nebraska,2026,18,"Dengue virus infections, Dengue",,-
North Dakota,2026,18,"Dengue virus infections, Dengue",,-
South Dakota,2026,18,"Dengue virus infections, Dengue",,-
South Atlantic,2026,18,"Dengue virus infections, Dengue",,-
Delaware,2026,18,"Dengue virus infections, Dengue",,-
District of Columbia,2026,18,"Dengue virus infections, Dengue",,-
Florida,2026,18,"Dengue virus infections, Dengue",,-
Georgia,2026,18,"Dengue virus infections, Dengue",,-
Maryland,2026,18,"Dengue virus infections, Dengue",,-
North Carolina,2026,18,"Dengue virus infections, Dengue",,-
South Carolina,2026,18,"Dengue virus infections, Dengue",,-
Virginia,2026,18,"Dengue virus infections, Dengue",,-
West Virginia,2026,18,"Dengue virus infections, Dengue",,-
East South Central,2026,18,"Dengue virus infections, Dengue",,-
Alabama,2026,18,"Dengue virus infections, Dengue",,-
Kentucky,2026,18,"Dengue virus infections, Dengue",,-
Mississippi,2026,18,"Dengue virus infections, Dengue",,-
Tennessee,2026,18,"Dengue virus infections, Dengue",,-
West South Central,2026,18,"Dengue virus infections, Dengue",,-
Arkansas,2026,18,"Dengue virus infections, Dengue",,-
Louisiana,2026,18,"Dengue virus infections, Dengue",,-
Oklahoma,2026,18,"Dengue virus infections, Dengue",,-
Texas,2026,18,"Dengue virus infections, Dengue",,-
Mountain,2026,18,"Dengue virus infections, Dengue",,-
Arizona,2026,18,"Dengue virus infections, Dengue",,-
Colorado,2026,18,"Dengue virus infections, Dengue",,-
Idaho,2026,18,"Dengue virus infections, Dengue",,-
Montana,2026,18,"Dengue virus infections, Dengue",,-
Nevada,2026,18,"Dengue virus infections, Dengue",,-
New Mexico,2026,18,"Dengue virus infections, Dengue",,-
Utah,2026,18,"Dengue virus infections, Dengue",,-
Wyoming,2026,18,"Dengue virus infections, Dengue",,-
Pacific,2026,18,"Dengue virus infections, Dengue",,-
Alaska,2026,18,"Dengue virus infections, Dengue",,-
California,2026,18,"Dengue virus infections, Dengue",,-
Hawaii,2026,18,"Dengue virus infections, Dengue",,-
Oregon,2026,18,"Dengue virus infections, Dengue",,-
Washington,2026,18,"Dengue virus infections, Dengue",,-
U.S. Territories,2026,18,"Dengue virus infections, Dengue",,-
American Samoa,2026,18,"Dengue virus infections, Dengue",,-
Commonwealth of Northern Mariana Islands,2026,18,"Dengue virus infections, Dengue",,-
Guam,2026,18,"Dengue virus infections, Dengue",,-
Puerto Rico,2026,18,"Dengue virus infections, Dengue",,-
U.S. Virgin Islands,2026,18,"Dengue virus infections, Dengue",,-
Non-U.S. Residents,2026,18,"Dengue virus infections, Dengue",,-
Total,2026,18,"Dengue virus infections, Dengue",,-
U.S. Residents,2026,19,"Dengue virus infections, Dengue",,-
New England,2026,19,"Dengue virus infections, Dengue",,-
Connecticut,2026,19,"Dengue virus infections, Dengue",,-
Maine,2026,19,"Dengue virus infections, Dengue",,-
Massachusetts,2026,19,"Dengue virus infections, Dengue",,-
New Hampshire,2026,19,"Dengue virus infections, Dengue",,-
Rhode Island,2026,19,"Dengue virus infections, Dengue",,-
Vermont,2026,19,"Dengue virus infections, Dengue",,-
Middle Atlantic,2026,19,"Dengue virus infections, Dengue",,-
New Jersey,2026,19,"Dengue virus infections, Dengue",,-
New York,2026,19,"Dengue virus infections, Dengue",,-
New York City,2026,19,"Dengue virus infections, Dengue",,-
Pennsylvania,2026,19,"Dengue virus infections, Dengue",,-
East North Central,2026,19,"Dengue virus infections, Dengue",,-
Illinois,2026,19,"Dengue virus infections, Dengue",,-
Indiana,2026,19,"Dengue virus infections, Dengue",,-
Michigan,2026,19,"Dengue virus infections, Dengue",,-
Ohio,2026,19,"Dengue virus infections, Dengue",,-
Wisconsin,2026,19,"Dengue virus infections, Dengue",,-
West North Central,2026,19,"Dengue virus infections, Dengue",,-
Iowa,2026,19,"Dengue virus infections, Dengue",,-
Kansas,2026,19,"Dengue virus infections, Dengue",,-
Minnesota,2026,19,"Dengue virus infections, Dengue",,-
Missouri,2026,19,"Dengue virus infections, Dengue",,-
Nebraska,2026,19,"Dengue virus infections, Dengue",,-
North Dakota,2026,19,"Dengue virus infections, Dengue",,-
South Dakota,2026,19,"Dengue virus infections, Dengue",,-
South Atlantic,2026,19,"Dengue virus infections, Dengue",,-
Delaware,2026,19,"Dengue virus infections, Dengue",,-
District of Columbia,2026,19,"Dengue virus infections, Dengue",,-
Florida,2026,19,"Dengue virus infections, Dengue",,-
Georgia,2026,19,"Dengue virus infections, Dengue",,-
Maryland,2026,19,"Dengue virus infections, Dengue",,-
North Carolina,2026,19,"Dengue virus infections, Dengue",,-
South Carolina,2026,19,"Dengue virus infections, Dengue",,-
Virginia,2026,19,"Dengue virus infections, Dengue",,-
West Virginia,2026,19,"Dengue virus infections, Dengue",,-
East South Central,2026,19,"Dengue virus infections, Dengue",,-
Alabama,2026,19,"Dengue virus infections, Dengue",,-
Kentucky,2026,19,"Dengue virus infections, Dengue",,-
Mississippi,2026,19,"Dengue virus infections, Dengue",,-
Tennessee,2026,19,"Dengue virus infections, Dengue",,-
West South Central,2026,19,"Dengue virus infections, Dengue",,-
Arkansas,2026,19,"Dengue virus infections, Dengue",,-
Louisiana,2026,19,"Dengue virus infections, Dengue",,-
Oklahoma,2026,19,"Dengue virus infections, Dengue",,-
Texas,2026,19,"Dengue virus infections, Dengue",,-
Mountain,2026,19,"Dengue virus infections, Dengue",,-
Arizona,2026,19,"Dengue virus infections, Dengue",,-
Colorado,2026,19,"Dengue virus infections, Dengue",,-
Idaho,2026,19,"Dengue virus infections, Dengue",,-
Montana,2026,19,"Dengue virus infections, Dengue",,-
Nevada,2026,19,"Dengue virus infections, Dengue",,-
New Mexico,2026,19,"Dengue virus infections, Dengue",,-
Utah,2026,19,"Dengue virus infections, Dengue",,-
Wyoming,2026,19,"Dengue virus infections, Dengue",,-
Pacific,2026,19,"Dengue virus infections, Dengue",,-
Alaska,2026,19,"Dengue virus infections, Dengue",,-
California,2026,19,"Dengue virus infections, Dengue",,-
Hawaii,2026,19,"Dengue virus infections, Dengue",,-
Oregon,2026,19,"Dengue virus infections, Dengue",,-
Washington,2026,19,"Dengue virus infections, Dengue",,-
U.S. Territories,2026,19,"Dengue virus infections, Dengue",,-
American Samoa,2026,19,"Dengue virus infections, Dengue",,-
Commonwealth of Northern Mariana Islands,2026,19,"Dengue virus infections, Dengue",,-
Guam,2026,19,"Dengue virus infections, Dengue",,-
Puerto Rico,2026,19,"Dengue virus infections, Dengue",,-
U.S. Virgin Islands,2026,19,"Dengue virus infections, Dengue",,-
Non-U.S. Residents,2026,19,"Dengue virus infections, Dengue",,-
Total,2026,19,"Dengue virus infections, Dengue",,-
U.S. Residents,2026,20,"Dengue virus infections, Dengue",,-
New England,2026,20,"Dengue virus infections, Dengue",,-
Connecticut,2026,20,"Dengue virus infections, Dengue",,-
Maine,2026,20,"Dengue virus infections, Dengue",,-
Massachusetts,2026,20,"Dengue virus infections, Dengue",,-
New Hampshire,2026,20,"Dengue virus infections, Dengue",,-
Rhode Island,2026,20,"Dengue virus infections, Dengue",,-
Vermont,2026,20,"Dengue virus infections, Dengue",,-
Middle Atlantic,2026,20,"Dengue virus infections, Dengue",,-
New Jersey,2026,20,"Dengue virus infections, Dengue",,-
New York,2026,20,"Dengue virus infections, Dengue",,-
New York City,2026,20,"Dengue virus infections, Dengue",,-
Pennsylvania,2026,20,"Dengue virus infections, Dengue",,-
East North Central,2026,20,"Dengue virus infections, Dengue",,-
Illinois,2026,20,"Dengue virus infections, Dengue",,-
Indiana,2026,20,"Dengue virus infections, Dengue",,-
Michigan,2026,20,"Dengue virus infections, Dengue",,-
Ohio,2026,20,"Dengue virus infections, Dengue",,-
Wisconsin,2026,20,"Dengue virus infections, Dengue",,-
West North Central,2026,20,"Dengue virus infections, Dengue",,-
Iowa,2026,20,"Dengue virus infections, Dengue",,-
Kansas,2026,20,"Dengue virus infections, Dengue",,-
Minnesota,2026,20,"Dengue virus infections, Dengue",,-
Missouri,2026,20,"Dengue virus infections, Dengue",,-
Nebraska,2026,20,"Dengue virus infections, Dengue",,-
North Dakota,2026,20,"Dengue virus infections, Dengue",,-
South Dakota,2026,20,"Dengue virus infections, Dengue",,-
South Atlantic,2026,20,"Dengue virus infections, Dengue",,-
Delaware,2026,20,"Dengue virus infections, Dengue",,-
District of Columbia,2026,20,"Dengue virus infections, Dengue",,-
Florida,2026,20,"Dengue virus infections, Dengue",,-
Georgia,2026,20,"Dengue virus infections, Dengue",,-
Maryland,2026,20,"Dengue virus infections, Dengue",,-
North Carolina,2026,20,"Dengue virus infections, Dengue",,-
South Carolina,2026,20,"Dengue virus infections, Dengue",,-
Virginia,2026,20,"Dengue virus infections, Dengue",,-
West Virginia,2026,20,"Dengue virus infections, Dengue",,-
East South Central,2026,20,"Dengue virus infections, Dengue",,-
Alabama,2026,20,"Dengue virus infections, Dengue",,-
Kentucky,2026,20,"Dengue virus infections, Dengue",,-
Mississippi,2026,20,"Dengue virus infections, Dengue",,-
Tennessee,2026,20,"Dengue virus infections, Dengue",,-
West South Central,2026,20,"Dengue virus infections, Dengue",,-
Arkansas,2026,20,"Dengue virus infections, Dengue",,-
Louisiana,2026,20,"Dengue virus infections, Dengue",,-
Oklahoma,2026,20,"Dengue virus infections, Dengue",,-
Texas,2026,20,"Dengue virus infections, Dengue",,-
Mountain,2026,20,"Dengue virus infections, Dengue",,-
Arizona,2026,20,"Dengue virus infections, Dengue",,-
Colorado,2026,20,"Dengue virus infections, Dengue",,-
Idaho,2026,20,"Dengue virus infections, Dengue",,-
Montana,2026,20,"Dengue virus infections, Dengue",,-
Nevada,2026,20,"Dengue virus infections, Dengue",,-
New Mexico,2026,20,"Dengue virus infections, Dengue",,-
Utah,2026,20,"Dengue virus infections, Dengue",,-
Wyoming,2026,20,"Dengue virus infections, Dengue",,-
Pacific,2026,20,"Dengue virus infections, Dengue",,-
Alaska,2026,20,"Dengue virus infections, Dengue",,-
California,2026,20,"Dengue virus infections, Dengue",,-
Hawaii,2026,20,"Dengue virus infections, Dengue",,-
Oregon,2026,20,"Dengue virus infections, Dengue",,-
Washington,2026,20,"Dengue virus infections, Dengue",,-
U.S. Territories,2026,20,"Dengue virus infections, Dengue",,-
American Samoa,2026,20,"Dengue virus infections, Dengue",,-
Commonwealth of Northern Mariana Islands,2026,20,"Dengue virus infections, Dengue",,-
Guam,2026,20,"Dengue virus infections, Dengue",,-
Puerto Rico,2026,20,"Dengue virus infections, Dengue",,-
U.S. Virgin Islands,2026,20,"Dengue virus infections, Dengue",,-
Non-U.S. Residents,2026,20,"Dengue virus infections, Dengue",,-
Total,2026,20,"Dengue virus infections, Dengue",,-
U.S. Residents,2026,21,"Dengue virus infections, Dengue",1,
New England,2026,21,"Dengue virus infections, Dengue",,-
Connecticut,2026,21,"Dengue virus infections, Dengue",,-
Maine,2026,21,"Dengue virus infections, Dengue",,-
Massachusetts,2026,21,"Dengue virus infections, Dengue",,-
New Hampshire,2026,21,"Dengue virus infections, Dengue",,-
Rhode Island,2026,21,"Dengue virus infections, Dengue",,-
Vermont,2026,21,"Dengue virus infections, Dengue",,-
Middle Atlantic,2026,21,"Dengue virus infections, Dengue",,-
New Jersey,2026,21,"Dengue virus infections, Dengue",,-
New York,2026,21,"Dengue virus infections, Dengue",,-
New York City,2026,21,"Dengue virus infections, Dengue",,-
Pennsylvania,2026,21,"Dengue virus infections, Dengue",,-
East North Central,2026,21,"Dengue virus infections, Dengue",,-
Illinois,2026,21,"Dengue virus infections, Dengue",,-
Indiana,2026,21,"Dengue virus infections, Dengue",,-
Michigan,2026,21,"Dengue virus infections, Dengue",,-
Ohio,2026,21,"Dengue virus infections, Dengue",,-
Wisconsin,2026,21,"Dengue virus infections, Dengue",,-
West North Central,2026,21,"Dengue virus infections, Dengue",,-
Iowa,2026,21,"Dengue virus infections, Dengue",,-
Kansas,2026,21,"Dengue virus infections, Dengue",,-
Minnesota,2026,21,"Dengue virus infections, Dengue",,-
Missouri,2026,21,"Dengue virus infections, Dengue",,-
Nebraska,2026,21,"Dengue virus infections, Dengue",,-
North Dakota,2026,21,"Dengue virus infections, Dengue",,-
South Dakota,2026,21,"Dengue virus infections, Dengue",,-
South Atlantic,2026,21,"Dengue virus infections, Dengue",1,
Delaware,2026,21,"Dengue virus infections, Dengue",,-
District of Columbia,2026,21,"Dengue virus infections, Dengue",,-
Florida,2026,21,"Dengue virus infections, Dengue",,-
Georgia,2026,21,"Dengue virus infections, Dengue",,-
Maryland,2026,21,"Dengue virus infections, Dengue",1,
North Carolina,2026,21,"Dengue virus infections, Dengue",,-
South Carolina,2026,21,"Dengue virus infections, Dengue",,-
Virginia,2026,21,"Dengue virus infections, Dengue",,-
West Virginia,2026,21,"Dengue virus infections, Dengue",,-
East South Central,2026,21,"Dengue virus infections, Dengue",,-
Alabama,2026,21,"Dengue virus infections, Dengue",,-
Kentucky,2026,21,"Dengue virus infections, Dengue",,-
Mississippi,2026,21,"Dengue virus infections, Dengue",,-
Tennessee,2026,21,"Dengue virus infections, Dengue",,-
West South Central,2026,21,"Dengue virus infections, Dengue",,-
Arkansas,2026,21,"Dengue virus infections, Dengue",,-
Louisiana,2026,21,"Dengue virus infections, Dengue",,-
Oklahoma,2026,21,"Dengue virus infections, Dengue",,-
Texas,2026,21,"Dengue virus infections, Dengue",,-
Mountain,2026,21,"Dengue virus infections, Dengue",,-
Arizona,2026,21,"Dengue virus infections, Dengue",,-
Colorado,2026,21,"Dengue virus infections, Dengue",,-
Idaho,2026,21,"Dengue virus infections, Dengue",,-
Montana,2026,21,"Dengue virus infections, Dengue",,-
Nevada,2026,21,"Dengue virus infections, Dengue",,-
New Mexico,2026,21,"Dengue virus infections, Dengue",,-
Utah,2026,21,"Dengue virus infections, Dengue",,-
Wyoming,2026,21,"Dengue virus infections, Dengue",,-
Pacific,2026,21,"Dengue virus infections, Dengue",,-
Alaska,2026,21,"Dengue virus infections, Dengue",,-
California,2026,21,"Dengue virus infections, Dengue",,-
Hawaii,2026,21,"Dengue virus infections, Dengue",,-
Oregon,2026,21,"Dengue virus infections, Dengue",,-
Washington,2026,21,"Dengue virus infections, Dengue",,-
U.S. Territories,2026,21,"Dengue virus infections, Dengue",,-
American Samoa,2026,21,"Dengue virus infections, Dengue",,-
Commonwealth of Northern Mariana Islands,2026,21,"Dengue virus infections, Dengue",,-
Guam,2026,21,"Dengue virus infections, Dengue",,-
Puerto Rico,2026,21,"Dengue virus infections, Dengue",,-
U.S. Virgin Islands,2026,21,"Dengue virus infections, Dengue",,-
Non-U.S. Residents,2026,21,"Dengue virus infections, Dengue",,-
Total,2026,21,"Dengue virus infections, Dengue",1,
U.S. Residents,2026,22,"Dengue virus infections, Dengue",1,
New England,2026,22,"Dengue virus infections, Dengue",,-
Connecticut,2026,22,"Dengue virus infections, Dengue",,-
Maine,2026,22,"Dengue virus infections, Dengue",,-
Massachusetts,2026,22,"Dengue virus infections, Dengue",,-
New Hampshire,2026,22,"Dengue virus infections, Dengue",,-
Rhode Island,2026,22,"Dengue virus infections, Dengue",,-
Vermont,2026,22,"Dengue virus infections, Dengue",,-
Middle Atlantic,2026,22,"Dengue virus infections, Dengue",,-
New Jersey,2026,22,"Dengue virus infections, Dengue",,-
New York,2026,22,"Dengue virus infections, Dengue",,-
New York City,2026,22,"Dengue virus infections, Dengue",,-
Pennsylvania,2026,22,"Dengue virus infections, Dengue",,-
East North Central,2026,22,"Dengue virus infections, Dengue",,-
Illinois,2026,22,"Dengue virus infections, Dengue",,-
Indiana,2026,22,"Dengue virus infections, Dengue",,-
Michigan,2026,22,"Dengue virus infections, Dengue",,-
Ohio,2026,22,"Dengue virus infections, Dengue",,-
Wisconsin,2026,22,"Dengue virus infections, Dengue",,-
West North Central,2026,22,"Dengue virus infections, Dengue",,-
Iowa,2026,22,"Dengue virus infections, Dengue",,-
Kansas,2026,22,"Dengue virus infections, Dengue",,-
Minnesota,2026,22,"Dengue virus infections, Dengue",,-
Missouri,2026,22,"Dengue virus infections, Dengue",,-
Nebraska,2026,22,"Dengue virus infections, Dengue",,-
North Dakota,2026,22,"Dengue virus infections, Dengue",,-
South Dakota,2026,22,"Dengue virus infections, Dengue",,-
South Atlantic,2026,22,"Dengue virus infections, Dengue",1,
Delaware,2026,22,"Dengue virus infections, Dengue",,-
District of Columbia,2026,22,"Dengue virus infections, Dengue",,-
Florida,2026,22,"Dengue virus infections, Dengue",,-
Georgia,2026,22,"Dengue virus infections, Dengue",,-
Maryland,2026,22,"Dengue virus infections, Dengue",1,
North Carolina,2026,22,"Dengue virus infections, Dengue",,-
South Carolina,2026,22,"Dengue virus infections, Dengue",,-
Virginia,2026,22,"Dengue virus infections, Dengue",,-
West Virginia,2026,22,"Dengue virus infections, Dengue",,-
East South Central,2026,22,"Dengue virus infections, Dengue",,-
Alabama,2026,22,"Dengue virus infections, Dengue",,-
Kentucky,2026,22,"Dengue virus infections, Dengue",,-
Mississippi,2026,22,"Dengue virus infections, Dengue",,-
Tennessee,2026,22,"Dengue virus infections, Dengue",,-
West South Central,2026,22,"Dengue virus infections, Dengue",,-
Arkansas,2026,22,"Dengue virus infections, Dengue",,-
Louisiana,2026,22,"Dengue virus infections, Dengue",,-
Oklahoma,2026,22,"Dengue virus infections, Dengue",,-
Texas,2026,22,"Dengue virus infections, Dengue",,-
Mountain,2026,22,"Dengue virus infections, Dengue",,-
Arizona,2026,22,"Dengue virus infections, Dengue",,-
Colorado,2026,22,"Dengue virus infections, Dengue",,-
Idaho,2026,22,"Dengue virus infections, Dengue",,-
Montana,2026,22,"Dengue virus infections, Dengue",,-
Nevada,2026,22,"Dengue virus infections, Dengue",,-
New Mexico,2026,22,"Dengue virus infections, Dengue",,-
Utah,2026,22,"Dengue virus infections, Dengue",,-
Wyoming,2026,22,"Dengue virus infections, Dengue",,-
Pacific,2026,22,"Dengue virus infections, Dengue",,-
Alaska,2026,22,"Dengue virus infections, Dengue",,-
California,2026,22,"Dengue virus infections, Dengue",,-
Hawaii,2026,22,"Dengue virus infections, Dengue",,-
Oregon,2026,22,"Dengue virus infections, Dengue",,-
Washington,2026,22,"Dengue virus infections, Dengue",,-
U.S. Territories,2026,22,"Dengue virus infections, Dengue",,-
American Samoa,2026,22,"Dengue virus infections, Dengue",,-
Commonwealth of Northern Mariana Islands,2026,22,"Dengue virus infections, Dengue",,-
Guam,2026,22,"Dengue virus infections, Dengue",,-
Puerto Rico,2026,22,"Dengue virus infections, Dengue",,-
U.S. Virgin Islands,2026,22,"Dengue virus infections, Dengue",,-
Non-U.S. Residents,2026,22,"Dengue virus infections, Dengue",,-
Total,2026,22,"Dengue virus infections, Dengue",1,
U.S. Residents,2026,23,"Dengue virus infections, Dengue",1,
New England,2026,23,"Dengue virus infections, Dengue",,-
Connecticut,2026,23,"Dengue virus infections, Dengue",,-
Maine,2026,23,"Dengue virus infections, Dengue",,-
Massachusetts,2026,23,"Dengue virus infections, Dengue",,-
New Hampshire,2026,23,"Dengue virus infections, Dengue",,-
Rhode Island,2026,23,"Dengue virus infections, Dengue",,-
Vermont,2026,23,"Dengue virus infections, Dengue",,-
Middle Atlantic,2026,23,"Dengue virus infections, Dengue",,-
New Jersey,2026,23,"Dengue virus infections, Dengue",,-
New York,2026,23,"Dengue virus infections, Dengue",,-
New York City,2026,23,"Dengue virus infections, Dengue",,-
Pennsylvania,2026,23,"Dengue virus infections, Dengue",,-
East North Central,2026,23,"Dengue virus infections, Dengue",,-
Illinois,2026,23,"Dengue virus infections, Dengue",,-
Indiana,2026,23,"Dengue virus infections, Dengue",,-
Michigan,2026,23,"Dengue virus infections, Dengue",,-
Ohio,2026,23,"Dengue virus infections, Dengue",,-
Wisconsin,2026,23,"Dengue virus infections, Dengue",,-
West North Central,2026,23,"Dengue virus infections, Dengue",,-
Iowa,2026,23,"Dengue virus infections, Dengue",,-
Kansas,2026,23,"Dengue virus infections, Dengue",,-
Minnesota,2026,23,"Dengue virus infections, Dengue",,-
Missouri,2026,23,"Dengue virus infections, Dengue",,-
Nebraska,2026,23,"Dengue virus infections, Dengue",,-
North Dakota,2026,23,"Dengue virus infections, Dengue",,-
South Dakota,2026,23,"Dengue virus infections, Dengue",,-
South Atlantic,2026,23,"Dengue virus infections, Dengue",1,
Delaware,2026,23,"Dengue virus infections, Dengue",,-
District of Columbia,2026,23,"Dengue virus infections, Dengue",,-
Florida,2026,23,"Dengue virus infections, Dengue",1,
Georgia,2026,23,"Dengue virus infections, Dengue",,-
Maryland,2026,23,"Dengue virus infections, Dengue",,-
North Carolina,2026,23,"Dengue virus infections, Dengue",,-
South Carolina,2026,23,"Dengue virus infections, Dengue",,-
Virginia,2026,23,"Dengue virus infections, Dengue",,-
West Virginia,2026,23,"Dengue virus infections, Dengue",,-
East South Central,2026,23,"Dengue virus infections, Dengue",,-
Alabama,2026,23,"Dengue virus infections, Dengue",,-
Kentucky,2026,23,"Dengue virus infections, Dengue",,-
Mississippi,2026,23,"Dengue virus infections, Dengue",,-
Tennessee,2026,23,"Dengue virus infections, Dengue",,-
West South Central,2026,23,"Dengue virus infections, Dengue",,-
Arkansas,2026,23,"Dengue virus infections, Dengue",,-
Louisiana,2026,23,"Dengue virus infections, Dengue",,-
Oklahoma,2026,23,"Dengue virus infections, Dengue",,-
Texas,2026,23,"Dengue virus infections, Dengue",,-
Mountain,2026,23,"Dengue virus infections, Dengue",,-
Arizona,2026,23,"Dengue virus infections, Dengue",,-
Colorado,2026,23,"Dengue virus infections, Dengue",,-
Idaho,2026,23,"Dengue virus infections, Dengue",,-
Montana,2026,23,"Dengue virus infections, Dengue",,-
Nevada,2026,23,"Dengue virus infections, Dengue",,-
New Mexico,2026,23,"Dengue virus infections, Dengue",,-
Utah,2026,23,"Dengue virus infections, Dengue",,-
Wyoming,2026,23,"Dengue virus infections, Dengue",,-
Pacific,2026,23,"Dengue virus infections, Dengue",,-
Alaska,2026,23,"Dengue virus infections, Dengue",,-
California,2026,23,"Dengue virus infections, Dengue",,-
Hawaii,2026,23,"Dengue virus infections, Dengue",,-
Oregon,2026,23,"Dengue virus infections, Dengue",,-
Washington,2026,23,"Dengue virus infections, Dengue",,-
U.S. Territories,2026,23,"Dengue virus infections, Dengue",,-
American Samoa,2026,23,"Dengue virus infections, Dengue",,-
Commonwealth of Northern Mariana Islands,2026,23,"Dengue virus infections, Dengue",,-
Guam,2026,23,"Dengue virus infections, Dengue",,-
Puerto Rico,2026,23,"Dengue virus infections, Dengue",,-
U.S. Virgin Islands,2026,23,"Dengue virus infections, Dengue",,-
Non-U.S. Residents,2026,23,"Dengue virus infections, Dengue",,-
Total,2026,23,"Dengue virus infections, Dengue",1,
U.S. Residents,2026,24,"Dengue virus infections, Dengue",1,
New England,2026,24,"Dengue virus infections, Dengue",,-
Connecticut,2026,24,"Dengue virus infections, Dengue",,-
Maine,2026,24,"Dengue virus infections, Dengue",,-
Massachusetts,2026,24,"Dengue virus infections, Dengue",,-
New Hampshire,2026,24,"Dengue virus infections, Dengue",,-
Rhode Island,2026,24,"Dengue virus infections, Dengue",,-
Vermont,2026,24,"Dengue virus infections, Dengue",,-
Middle Atlantic,2026,24,"Dengue virus infections, Dengue",,-
New Jersey,2026,24,"Dengue virus infections, Dengue",,-
New York,2026,24,"Dengue virus infections, Dengue",,-
New York City,2026,24,"Dengue virus infections, Dengue",,-
Pennsylvania,2026,24,"Dengue virus infections, Dengue",,-
East North Central,2026,24,"Dengue virus infections, Dengue",,-
Illinois,2026,24,"Dengue virus infections, Dengue",,-
Indiana,2026,24,"Dengue virus infections, Dengue",,-
Michigan,2026,24,"Dengue virus infections, Dengue",,-
Ohio,2026,24,"Dengue virus infections, Dengue",,-
Wisconsin,2026,24,"Dengue virus infections, Dengue",,-
West North Central,2026,24,"Dengue virus infections, Dengue",,-
Iowa,2026,24,"Dengue virus infections, Dengue",,-
Kansas,2026,24,"Dengue virus infections, Dengue",,-
Minnesota,2026,24,"Dengue virus infections, Dengue",,-
Missouri,2026,24,"Dengue virus infections, Dengue",,-
Nebraska,2026,24,"Dengue virus infections, Dengue",,-
North Dakota,2026,24,"Dengue virus infections, Dengue",,-
South Dakota,2026,24,"Dengue virus infections, Dengue",,-
South Atlantic,2026,24,"Dengue virus infections, Dengue",1,
Delaware,2026,24,"Dengue virus infections, Dengue",,-
District of Columbia,2026,24,"Dengue virus infections, Dengue",,-
Florida,2026,24,"Dengue virus infections, Dengue",1,
Georgia,2026,24,"Dengue virus infections, Dengue",,-
Maryland,2026,24,"Dengue virus infections, Dengue",,-
North Carolina,2026,24,"Dengue virus infections, Dengue",,-
South Carolina,2026,24,"Dengue virus infections, Dengue",,-
Virginia,2026,24,"Dengue virus infections, Dengue",,-
West Virginia,2026,24,"Dengue virus infections, Dengue",,-
East South Central,2026,24,"Dengue virus infections, Dengue",,-
Alabama,2026,24,"Dengue virus infections, Dengue",,-
Kentucky,2026,24,"Dengue virus infections, Dengue",,-
Mississippi,2026,24,"Dengue virus infections, Dengue",,-
Tennessee,2026,24,"Dengue virus infections, Dengue",,-
West South Central,2026,24,"Dengue virus infections, Dengue",,-
Arkansas,2026,24,"Dengue virus infections, Dengue",,-
Louisiana,2026,24,"Dengue virus infections, Dengue",,-
Oklahoma,2026,24,"Dengue virus infections, Dengue",,-
Texas,2026,24,"Dengue virus infections, Dengue",,-
Mountain,2026,24,"Dengue virus infections, Dengue",,-
Arizona,2026,24,"Dengue virus infections, Dengue",,-
Colorado,2026,24,"Dengue virus infections, Dengue",,-
Idaho,2026,24,"Dengue virus infections, Dengue",,-
Montana,2026,24,"Dengue virus infections, Dengue",,-
Nevada,2026,24,"Dengue virus infections, Dengue",,-
New Mexico,2026,24,"Dengue virus infections, Dengue",,-
Utah,2026,24,"Dengue virus infections, Dengue",,-
Wyoming,2026,24,"Dengue virus infections, Dengue",,-
Pacific,2026,24,"Dengue virus infections, Dengue",,-
Alaska,2026,24,"Dengue virus infections, Dengue",,-
California,2026,24,"Dengue virus infections, Dengue",,-
Hawaii,2026,24,"Dengue virus infections, Dengue",,-
Oregon,2026,24,"Dengue virus infections, Dengue",,-
Washington,2026,24,"Dengue virus infections, Dengue",,-
U.S. Territories,2026,24,"Dengue virus infections, Dengue",,-
American Samoa,2026,24,"Dengue virus infections, Dengue",,-
Commonwealth of Northern Mariana Islands,2026,24,"Dengue virus infections, Dengue",,-
Guam,2026,24,"Dengue virus infections, Dengue",,-
Puerto Rico,2026,24,"Dengue virus infections, Dengue",,-
U.S. Virgin Islands,2026,24,"Dengue virus infections, Dengue",,-
Non-U.S. Residents,2026,24,"Dengue virus infections, Dengue",,-
Total,2026,24,"Dengue virus infections, Dengue",1,
U.S. Residents,2026,25,"Dengue virus infections, Dengue",1,
New England,2026,25,"Dengue virus infections, Dengue",,-
Connecticut,2026,25,"Dengue virus infections, Dengue",,-
Maine,2026,25,"Dengue virus infections, Dengue",,-
Massachusetts,2026,25,"Dengue virus infections, Dengue",,-
New Hampshire,2026,25,"Dengue virus infections, Dengue",,-
Rhode Island,2026,25,"Dengue virus infections, Dengue",,-
Vermont,2026,25,"Dengue virus infections, Dengue",,-
Middle Atlantic,2026,25,"Dengue virus infections, Dengue",1,
New Jersey,2026,25,"Dengue virus infections, Dengue",,-
New York,2026,25,"Dengue virus infections, Dengue",1,
New York City,2026,25,"Dengue virus infections, Dengue",,-
Pennsylvania,2026,25,"Dengue virus infections, Dengue",,-
East North Central,2026,25,"Dengue virus infections, Dengue",,-
Illinois,2026,25,"Dengue virus infections, Dengue",,-
Indiana,2026,25,"Dengue virus infections, Dengue",,-
Michigan,2026,25,"Dengue virus infections, Dengue",,-
Ohio,2026,25,"Dengue virus infections, Dengue",,-
Wisconsin,2026,25,"Dengue virus infections, Dengue",,-
West North Central,2026,25,"Dengue virus infections, Dengue",,-
Iowa,2026,25,"Dengue virus infections, Dengue",,-
Kansas,2026,25,"Dengue virus infections, Dengue",,-
Minnesota,2026,25,"Dengue virus infections, Dengue",,-
Missouri,2026,25,"Dengue virus infections, Dengue",,-
Nebraska,2026,25,"Dengue virus infections, Dengue",,-
North Dakota,2026,25,"Dengue virus infections, Dengue",,-
South Dakota,2026,25,"Dengue virus infections, Dengue",,-
South Atlantic,2026,25,"Dengue virus infections, Dengue",,-
Delaware,2026,25,"Dengue virus infections, Dengue",,-
District of Columbia,2026,25,"Dengue virus infections, Dengue",,-
Florida,2026,25,"Dengue virus infections, Dengue",,-
Georgia,2026,25,"Dengue virus infections, Dengue",,-
Maryland,2026,25,"Dengue virus infections, Dengue",,-
North Carolina,2026,25,"Dengue virus infections, Dengue",,-
South Carolina,2026,25,"Dengue virus infections, Dengue",,-
Virginia,2026,25,"Dengue virus infections, Dengue",,-
West Virginia,2026,25,"Dengue virus infections, Dengue",,-
East South Central,2026,25,"Dengue virus infections, Dengue",,-
Alabama,2026,25,"Dengue virus infections, Dengue",,-
Kentucky,2026,25,"Dengue virus infections, Dengue",,-
Mississippi,2026,25,"Dengue virus infections, Dengue",,-
Tennessee,2026,25,"Dengue virus infections, Dengue",,-
West South Central,2026,25,"Dengue virus infections, Dengue",,-
Arkansas,2026,25,"Dengue virus infections, Dengue",,-
Louisiana,2026,25,"Dengue virus infections, Dengue",,-
Oklahoma,2026,25,"Dengue virus infections, Dengue",,-
Texas,2026,25,"Dengue virus infections, Dengue",,-
Mountain,2026,25,"Dengue virus infections, Dengue",,-
Arizona,2026,25,"Dengue virus infections, Dengue",,-
Colorado,2026,25,"Dengue virus infections, Dengue",,-
Idaho,2026,25,"Dengue virus infections, Dengue",,-
Montana,2026,25,"Dengue virus infections, Dengue",,-
Nevada,2026,25,"Dengue virus infections, Dengue",,-
New Mexico,2026,25,"Dengue virus infections, Dengue",,-
Utah,2026,25,"Dengue virus infections, Dengue",,-
Wyoming,2026,25,"Dengue virus infections, Dengue",,-
Pacific,2026,25,"Dengue virus infections, Dengue",,-
Alaska,2026,25,"Dengue virus infections, Dengue",,-
California,2026,25,"Dengue virus infections, Dengue",,-
Hawaii,2026,25,"Dengue virus infections, Dengue",,-
Oregon,2026,25,"Dengue virus infections, Dengue",,-
Washington,2026,25,"Dengue virus infections, Dengue",,-
U.S. Territories,2026,25,"Dengue virus infections, Dengue",,-
American Samoa,2026,25,"Dengue virus infections, Dengue",,-
Commonwealth of Northern Mariana Islands,2026,25,"Dengue virus infections, Dengue",,-
Guam,2026,25,"Dengue virus infections, Dengue",,-
Puerto Rico,2026,25,"Dengue virus infections, Dengue",,-
U.S. Virgin Islands,2026,25,"Dengue virus infections, Dengue",,-
Non-U.S. Residents,2026,25,"Dengue virus infections, Dengue",,-
Total,2026,25,"Dengue virus infections, Dengue",1,
U.S. Residents,2026,26,"Dengue virus infections, Dengue",,-
New England,2026,26,"Dengue virus infections, Dengue",,-
Connecticut,2026,26,"Dengue virus infections, Dengue",,-
Maine,2026,26,"Dengue virus infections, Dengue",,-
Massachusetts,2026,26,"Dengue virus infections, Dengue",,-
New Hampshire,2026,26,"Dengue virus infections, Dengue",,-
Rhode Island,2026,26,"Dengue virus infections, Dengue",,-
Vermont,2026,26,"Dengue virus infections, Dengue",,-
Middle Atlantic,2026,26,"Dengue virus infections, Dengue",,-
New Jersey,2026,26,"Dengue virus infections, Dengue",,-
New York,2026,26,"Dengue virus infections, Dengue",,-
New York City,2026,26,"Dengue virus infections, Dengue",,-
Pennsylvania,2026,26,"Dengue virus infections, Dengue",,-
East North Central,2026,26,"Dengue virus infections, Dengue",,-
Illinois,2026,26,"Dengue virus infections, Dengue",,-
Indiana,2026,26,"Dengue virus infections, Dengue",,-
Michigan,2026,26,"Dengue virus infections, Dengue",,-
Ohio,2026,26,"Dengue virus infections, Dengue",,-
Wisconsin,2026,26,"Dengue virus infections, Dengue",,-
West North Central,2026,26,"Dengue virus infections, Dengue",,-
Iowa,2026,26,"Dengue virus infections, Dengue",,-
Kansas,2026,26,"Dengue virus infections, Dengue",,-
Minnesota,2026,26,"Dengue virus infections, Dengue",,-
Missouri,2026,26,"Dengue virus infections, Dengue",,-
Nebraska,2026,26,"Dengue virus infections, Dengue",,-
North Dakota,2026,26,"Dengue virus infections, Dengue",,-
South Dakota,2026,26,"Dengue virus infections, Dengue",,-
South Atlantic,2026,26,"Dengue virus infections, Dengue",,-
Delaware,2026,26,"Dengue virus infections, Dengue",,-
District of Columbia,2026,26,"Dengue virus infections, Dengue",,-
Florida,2026,26,"Dengue virus infections, Dengue",,-
Georgia,2026,26,"Dengue virus infections, Dengue",,-
Maryland,2026,26,"Dengue virus infections, Dengue",,-
North Carolina,2026,26,"Dengue virus infections, Dengue",,-
South Carolina,2026,26,"Dengue virus infections, Dengue",,-
Virginia,2026,26,"Dengue virus infections, Dengue",,-
West Virginia,2026,26,"Dengue virus infections, Dengue",,-
East South Central,2026,26,"Dengue virus infections, Dengue",,-
Alabama,2026,26,"Dengue virus infections, Dengue",,-
Kentucky,2026,26,"Dengue virus infections, Dengue",,-
Mississippi,2026,26,"Dengue virus infections, Dengue",,-
Tennessee,2026,26,"Dengue virus infections, Dengue",,-
West South Central,2026,26,"Dengue virus infections, Dengue",,-
Arkansas,2026,26,"Dengue virus infections, Dengue",,-
Louisiana,2026,26,"Dengue virus infections, Dengue",,-
Oklahoma,2026,26,"Dengue virus infections, Dengue",,-
Texas,2026,26,"Dengue virus infections, Dengue",,-
Mountain,2026,26,"Dengue virus infections, Dengue",,-
Arizona,2026,26,"Dengue virus infections, Dengue",,-
Colorado,2026,26,"Dengue virus infections, Dengue",,-
Idaho,2026,26,"Dengue virus infections, Dengue",,-
Montana,2026,26,"Dengue virus infections, Dengue",,-
Nevada,2026,26,"Dengue virus infections, Dengue",,-
New Mexico,2026,26,"Dengue virus infections, Dengue",,-
Utah,2026,26,"Dengue virus infections, Dengue",,-
Wyoming,2026,26,"Dengue virus infections, Dengue",,-
Pacific,2026,26,"Dengue virus infections, Dengue",,-
Alaska,2026,26,"Dengue virus infections, Dengue",,-
California,2026,26,"Dengue virus infections, Dengue",,-
Hawaii,2026,26,"Dengue virus infections, Dengue",,-
Oregon,2026,26,"Dengue virus infections, Dengue",,-
Washington,2026,26,"Dengue virus infections, Dengue",,-
U.S. Territories,2026,26,"Dengue virus infections, Dengue",,-
American Samoa,2026,26,"Dengue virus infections, Dengue",,-
Commonwealth of Northern Mariana Islands,2026,26,"Dengue virus infections, Dengue",,-
Guam,2026,26,"Dengue virus infections, Dengue",,-
Puerto Rico,2026,26,"Dengue virus infections, Dengue",,-
U.S. Virgin Islands,2026,26,"Dengue virus infections, Dengue",,-
Non-U.S. Residents,2026,26,"Dengue virus infections, Dengue",,-
Total,2026,26,"Dengue virus infections, Dengue",,-
U.S. Residents,2026,27,"Dengue virus infections, Dengue",2,
New England,2026,27,"Dengue virus infections, Dengue",,-
Connecticut,2026,27,"Dengue virus infections, Dengue",,-
Maine,2026,27,"Dengue virus infections, Dengue",,-
Massachusetts,2026,27,"Dengue virus infections, Dengue",,-
New Hampshire,2026,27,"Dengue virus infections, Dengue",,-
Rhode Island,2026,27,"Dengue virus infections, Dengue",,-
Vermont,2026,27,"Dengue virus infections, Dengue",,-
Middle Atlantic,2026,27,"Dengue virus infections, Dengue",,-
New Jersey,2026,27,"Dengue virus infections, Dengue",,-
New York,2026,27,"Dengue virus infections, Dengue",,-
New York City,2026,27,"Dengue virus infections, Dengue",,-
Pennsylvania,2026,27,"Dengue virus infections, Dengue",,-
East North Central,2026,27,"Dengue virus infections, Dengue",,-
Illinois,2026,27,"Dengue virus infections, Dengue",,-
Indiana,2026,27,"Dengue virus infections, Dengue",,-
Michigan,2026,27,"Dengue virus infections, Dengue",,-
Ohio,2026,27,"Dengue virus infections, Dengue",,-
Wisconsin,2026,27,"Dengue virus infections, Dengue",,-
West North Central,2026,27,"Dengue virus infections, Dengue",,-
Iowa,2026,27,"Dengue virus infections, Dengue",,-
Kansas,2026,27,"Dengue virus infections, Dengue",,-
Minnesota,2026,27,"Dengue virus infections, Dengue",,-
Missouri,2026,27,"Dengue virus infections, Dengue",,-
Nebraska,2026,27,"Dengue virus infections, Dengue",,-
North Dakota,2026,27,"Dengue virus infections, Dengue",,-
South Dakota,2026,27,"Dengue virus infections, Dengue",,-
South Atlantic,2026,27,"Dengue virus infections, Dengue",1,
Delaware,2026,27,"Dengue virus infections, Dengue",,-
District of Columbia,2026,27,"Dengue virus infections, Dengue",,-
Florida,2026,27,"Dengue virus infections, Dengue",1,
Georgia,2026,27,"Dengue virus infections, Dengue",,-
Maryland,2026,27,"Dengue virus infections, Dengue",,-
North Carolina,2026,27,"Dengue virus infections, Dengue",,-
South Carolina,2026,27,"Dengue virus infections, Dengue",,-
Virginia,2026,27,"Dengue virus infections, Dengue",,-
West Virginia,2026,27,"Dengue virus infections, Dengue",,-
East South Central,2026,27,"Dengue virus infections, Dengue",,-
Alabama,2026,27,"Dengue virus infections, Dengue",,-
Kentucky,2026,27,"Dengue virus infections, Dengue",,-
Mississippi,2026,27,"Dengue virus infections, Dengue",,-
Tennessee,2026,27,"Dengue virus infections, Dengue",,-
West South Central,2026,27,"Dengue virus infections, Dengue",1,
Arkansas,2026,27,"Dengue virus infections, Dengue",,-
Louisiana,2026,27,"Dengue virus infections, Dengue",,-
Oklahoma,2026,27,"Dengue virus infections, Dengue",,-
Texas,2026,27,"Dengue virus infections, Dengue",1,
Mountain,2026,27,"Dengue virus infections, Dengue",,-
Arizona,2026,27,"Dengue virus infections, Dengue",,-
Colorado,2026,27,"Dengue virus infections, Dengue",,-
Idaho,2026,27,"Dengue virus infections, Dengue",,-
Montana,2026,27,"Dengue virus infections, Dengue",,-
Nevada,2026,27,"Dengue virus infections, Dengue",,-
New Mexico,2026,27,"Dengue virus infections, Dengue",,-
Utah,2026,27,"Dengue virus infections, Dengue",,-
Wyoming,2026,27,"Dengue virus infections, Dengue",,-
Pacific,2026,27,"Dengue virus infections, Dengue",,-
Alaska,2026,27,"Dengue virus infections, Dengue",,-
California,2026,27,"Dengue virus infections, Dengue",,-
Hawaii,2026,27,"Dengue virus infections, Dengue",,-
Oregon,2026,27,"Dengue virus infections, Dengue",,-
Washington,2026,27,"Dengue virus infections, Dengue",,-
U.S. Territories,2026,27,"Dengue virus infections, Dengue",,-
American Samoa,2026,27,"Dengue virus infections, Dengue",,-
Commonwealth of Northern Mariana Islands,2026,27,"Dengue virus infections, Dengue",,-
Guam,2026,27,"Dengue virus infections, Dengue",,-
Puerto Rico,2026,27,"Dengue virus infections, Dengue",,-
U.S. Virgin Islands,2026,27,"Dengue virus infections, Dengue",,-
Non-U.S. Residents,2026,27,"Dengue virus infections, Dengue",,-
Total,2026,27,"Dengue virus infections, Dengue",2,
U.S. Residents,2026,28,"Dengue virus infections, Dengue",2,
New England,2026,28,"Dengue virus infections, Dengue",,-
Connecticut,2026,28,"Dengue virus infections, Dengue",,-
Maine,2026,28,"Dengue virus infections, Dengue",,-
Massachusetts,2026,28,"Dengue virus infections, Dengue",,-
New Hampshire,2026,28,"Dengue virus infections, Dengue",,-
Rhode Island,2026,28,"Dengue virus infections, Dengue",,-
Vermont,2026,28,"Dengue virus infections, Dengue",,-
Middle Atlantic,2026,28,"Dengue virus infections, Dengue",,-
New Jersey,2026,28,"Dengue virus infections, Dengue",,-
New York,2026,28,"Dengue virus infections, Dengue",,-
New York City,2026,28,"Dengue virus infections, Dengue",,-
Pennsylvania,2026,28,"Dengue virus infections, Dengue",,-
East North Central,2026,28,"Dengue virus infections, Dengue",,-
Illinois,2026,28,"Dengue virus infections, Dengue",,-
Indiana,2026,28,"Dengue virus infections, Dengue",,-
Michigan,2026,28,"Dengue virus infections, Dengue",,-
Ohio,2026,28,"Dengue virus infections, Dengue",,-
Wisconsin,2026,28,"Dengue virus infections, Dengue",,-
West North Central,2026,28,"Dengue virus infections, Dengue",,-
Iowa,2026,28,"Dengue virus infections, Dengue",,-
Kansas,2026,28,"Dengue virus infections, Dengue",,-
Minnesota,2026,28,"Dengue virus infections, Dengue",,-
Missouri,2026,28,"Dengue virus infections, Dengue",,-
Nebraska,2026,28,"Dengue virus infections, Dengue",,-
North Dakota,2026,28,"Dengue virus infections, Dengue",,-
South Dakota,2026,28,"Dengue virus infections, Dengue",,-
South Atlantic,2026,28,"Dengue virus infections, Dengue",1,
Delaware,2026,28,"Dengue virus infections, Dengue",,-
District of Columbia,2026,28,"Dengue virus infections, Dengue",,-
Florida,2026,28,"Dengue virus infections, Dengue",1,
Georgia,2026,28,"Dengue virus infections, Dengue",,-
Maryland,2026,28,"Dengue virus infections, Dengue",,-
North Carolina,2026,28,"Dengue virus infections, Dengue",,-
South Carolina,2026,28,"Dengue virus infections, Dengue",,-
Virginia,2026,28,"Dengue virus infections, Dengue",,-
West Virginia,2026,28,"Dengue virus infections, Dengue",,-
East South Central,2026,28,"Dengue virus infections, Dengue",,-
Alabama,2026,28,"Dengue virus infections, Dengue",,-
Kentucky,2026,28,"Dengue virus infections, Dengue",,-
Mississippi,2026,28,"Dengue virus infections, Dengue",,-
Tennessee,2026,28,"Dengue virus infections, Dengue",,-
West South Central,2026,28,"Dengue virus infections, Dengue",1,
Arkansas,2026,28,"Dengue virus infections, Dengue",,-
Louisiana,2026,28,"Dengue virus infections, Dengue",,-
Oklahoma,2026,28,"Dengue virus infections, Dengue",,-
Texas,2026,28,"Dengue virus infections, Dengue",1,
Mountain,2026,28,"Dengue virus infections, Dengue",,-
Arizona,2026,28,"Dengue virus infections, Dengue",,-
Colorado,2026,28,"Dengue virus infections, Dengue",,-
Idaho,2026,28,"Dengue virus infections, Dengue",,-
Montana,2026,28,"Dengue virus infections, Dengue",,-
Nevada,2026,28,"Dengue virus infections, Dengue",,-
New Mexico,2026,28,"Dengue virus infections, Dengue",,-
Utah,2026,28,"Dengue virus infections, Dengue",,-
Wyoming,2026,28,"Dengue virus infections, Dengue",,-
Pacific,2026,28,"Dengue virus infections, Dengue",,-
Alaska,2026,28,"Dengue virus infections, Dengue",,-
California,2026,28,"Dengue virus infections, Dengue",,-
Hawaii,2026,28,"Dengue virus infections, Dengue",,-
Oregon,2026,28,"Dengue virus infections, Dengue",,-
Washington,2026,28,"Dengue virus infections, Dengue",,-
U.S. Territories,2026,28,"Dengue virus infections, Dengue",,-
American Samoa,2026,28,"Dengue virus infections, Dengue",,-
Commonwealth of Northern Mariana Islands,2026,28,"Dengue virus infections, Dengue",,-
Guam,2026,28,"Dengue virus infections, Dengue",,-
Puerto Rico,2026,28,"Dengue virus infections, Dengue",,-
U.S. Virgin Islands,2026,28,"Dengue virus infections, Dengue",,-
Non-U.S. Residents,2026,28,"Dengue virus infections, Dengue",,-
Total,2026,28,"Dengue virus infections, Dengue",2,
U.S. Residents,2026,29,"Dengue virus infections, Dengue",3,
New England,2026,29,"Dengue virus infections, Dengue",,-
Connecticut,2026,29,"Dengue virus infections, Dengue",,-
Maine,2026,29,"Dengue virus infections, Dengue",,-
Massachusetts,2026,29,"Dengue virus infections, Dengue",,-
New Hampshire,2026,29,"Dengue virus infections, Dengue",,-
Rhode Island,2026,29,"Dengue virus infections, Dengue",,-
Vermont,2026,29,"Dengue virus infections, Dengue",,-
Middle Atlantic,2026,29,"Dengue virus infections, Dengue",1,
New Jersey,2026,29,"Dengue virus infections, Dengue",,-
New York,2026,29,"Dengue virus infections, Dengue",1,
New York City,2026,29,"Dengue virus infections, Dengue",,-
Pennsylvania,2026,29,"Dengue virus infections, Dengue",,-
East North Central,2026,29,"Dengue virus infections, Dengue",,-
Illinois,2026,29,"Dengue virus infections, Dengue",,-
Indiana,2026,29,"Dengue virus infections, Dengue",,-
Michigan,2026,29,"Dengue virus infections, Dengue",,-
Ohio,2026,29,"Dengue virus infections, Dengue",,-
Wisconsin,2026,29,"Dengue virus infections, Dengue",,-
West North Central,2026,29,"Dengue virus infections, Dengue",,-
Iowa,2026,29,"Dengue virus infections, Dengue",,-
Kansas,2026,29,"Dengue virus infections, Dengue",,-
Minnesota,2026,29,"Dengue virus infections, Dengue",,-
Missouri,2026,29,"Dengue virus infections, Dengue",,-
Nebraska,2026,29,"Dengue virus infections, Dengue",,-
North Dakota,2026,29,"Dengue virus infections, Dengue",,-
South Dakota,2026,29,"Dengue virus infections, Dengue",,-
South Atlantic,2026,29,"Dengue virus infections, Dengue",2,
Delaware,2026,29,"Dengue virus infections, Dengue",,-
District of Columbia,2026,29,"Dengue virus infections, Dengue",,-
Florida,2026,29,"Dengue virus infections, Dengue",1,
Georgia,2026,29,"Dengue virus infections, Dengue",,-
Maryland,2026,29,"Dengue virus infections, Dengue",,-
North Carolina,2026,29,"Dengue virus infections, Dengue",,-
South Carolina,2026,29,"Dengue virus infections, Dengue",,-
Virginia,2026,29,"Dengue virus infections, Dengue",1,
West Virginia,2026,29,"Dengue virus infections, Dengue",,-
East South Central,2026,29,"Dengue virus infections, Dengue",,-
Alabama,2026,29,"Dengue virus infections, Dengue",,-
Kentucky,2026,29,"Dengue virus infections, Dengue",,-
Mississippi,2026,29,"Dengue virus infections, Dengue",,-
Tennessee,2026,29,"Dengue virus infections, Dengue",,-
West South Central,2026,29,"Dengue virus infections, Dengue",,-
Arkansas,2026,29,"Dengue virus infections, Dengue",,-
Louisiana,2026,29,"Dengue virus infections, Dengue",,-
Oklahoma,2026,29,"Dengue virus infections, Dengue",,-
Texas,2026,29,"Dengue virus infections, Dengue",,-
Mountain,2026,29,"Dengue virus infections, Dengue",,-
Arizona,2026,29,"Dengue virus infections, Dengue",,-
Colorado,2026,29,"Dengue virus infections, Dengue",,-
Idaho,2026,29,"Dengue virus infections, Dengue",,-
Montana,2026,29,"Dengue virus infections, Dengue",,-
Nevada,2026,29,"Dengue virus infections, Dengue",,-
New Mexico,2026,29,"Dengue virus infections, Dengue",,-
Utah,2026,29,"Dengue virus infections, Dengue",,-
Wyoming,2026,29,"Dengue virus infections, Dengue",,-
Pacific,2026,29,"Dengue virus infections, Dengue",,-
Alaska,2026,29,"Dengue virus infections, Dengue",,-
California,2026,29,"Dengue virus infections, Dengue",,-
Hawaii,2026,29,"Dengue virus infections, Dengue",,-
Oregon,2026,29,"Dengue virus infections, Dengue",,-
Washington,2026,29,"Dengue virus infections, Dengue",,-
U.S. Territories,2026,29,"Dengue virus infections, Dengue",,-
American Samoa,2026,29,"Dengue virus infections, Dengue",,-
Commonwealth of Northern Mariana Islands,2026,29,"Dengue virus infections, Dengue",,-
Guam,2026,29,"Dengue virus infections, Dengue",,-
Puerto Rico,2026,29,"Dengue virus infections, Dengue",,-
U.S. Virgin Islands,2026,29,"Dengue virus infections, Dengue",,-
Non-U.S. Residents,2026,29,"Dengue virus infections, Dengue",,-
Total,2026,29,"Dengue virus infections, Dengue",3,
U.S. Residents,2026,30,"Dengue virus infections, Dengue",3,
New England,2026,30,"Dengue virus infections, Dengue",,-
Connecticut,2026,30,"Dengue virus infections, Dengue",,-
Maine,2026,30,"Dengue virus infections, Dengue",,-
Massachusetts,2026,30,"Dengue virus infections, Dengue",,-
New Hampshire,2026,30,"Dengue virus infections, Dengue",,-
Rhode Island,2026,30,"Dengue virus infections, Dengue",,-
Vermont,2026,30,"Dengue virus infections, Dengue",,-
Middle Atlantic,2026,30,"Dengue virus infections, Dengue",,-
New Jersey,2026,30,"Dengue virus infections, Dengue",,-
New York,2026,30,"Dengue virus infections, Dengue",,-
New York City,2026,30,"Dengue virus infections, Dengue",,-
Pennsylvania,2026,30,"Dengue virus infections, Dengue",,-
East North Central,2026,30,"Dengue virus infections, Dengue",,-
Illinois,2026,30,"Dengue virus infections, Dengue",,-
Indiana,2026,30,"Dengue virus infections, Dengue",,-
Michigan,2026,30,"Dengue virus infections, Dengue",,-
Ohio,2026,30,"Dengue virus infections, Dengue",,-
Wisconsin,2026,30,"Dengue virus infections, Dengue",,-
West North Central,2026,30,"Dengue virus infections, Dengue",,-
Iowa,2026,30,"Dengue virus infections, Dengue",,-
Kansas,2026,30,"Dengue virus infections, Dengue",,-
Minnesota,2026,30,"Dengue virus infections, Dengue",,-
Missouri,2026,30,"Dengue virus infections, Dengue",,-
Nebraska,2026,30,"Dengue virus infections, Dengue",,-
North Dakota,2026,30,"Dengue virus infections, Dengue",,-
South Dakota,2026,30,"Dengue virus infections, Dengue",,-
South Atlantic,2026,30,"Dengue virus infections, Dengue",3,
Delaware,2026,30,"Dengue virus infections, Dengue",,-
District of Columbia,2026,30,"Dengue virus infections, Dengue",,-
Florida,2026,30,"Dengue virus infections, Dengue",2,
Georgia,2026,30,"Dengue virus infections, Dengue",,-
Maryland,2026,30,"Dengue virus infections, Dengue",1,
North Carolina,2026,30,"Dengue virus infections, Dengue",,-
South Carolina,2026,30,"Dengue virus infections, Dengue",,-
Virginia,2026,30,"Dengue virus infections, Dengue",,-
West Virginia,2026,30,"Dengue virus infections, Dengue",,-
East South Central,2026,30,"Dengue virus infections, Dengue",,-
Alabama,2026,30,"Dengue virus infections, Dengue",,-
Kentucky,2026,30,"Dengue virus infections, Dengue",,-
Mississippi,2026,30,"Dengue virus infections, Dengue",,-
Tennessee,2026,30,"Dengue virus infections, Dengue",,-
West South Central,2026,30,"Dengue virus infections, Dengue",,-
Arkansas,2026,30,"Dengue virus infections, Dengue",,-
Louisiana,2026,30,"Dengue virus infections, Dengue",,-
Oklahoma,2026,30,"Dengue virus infections, Dengue",,-
Texas,2026,30,"Dengue virus infections, Dengue",,-
Mountain,2026,30,"Dengue virus infections, Dengue",,-
Arizona,2026,30,"Dengue virus infections, Dengue",,-
Colorado,2026,30,"Dengue virus infections, Dengue",,-
Idaho,2026,30,"Dengue virus infections, Dengue",,-
Montana,2026,30,"Dengue virus infections, Dengue",,-
Nevada,2026,30,"Dengue virus infections, Dengue",,-
New Mexico,2026,30,"Dengue virus infections, Dengue",,-
Utah,2026,30,"Dengue virus infections, Dengue",,-
Wyoming,2026,30,"Dengue virus infections, Dengue",,-
Pacific,2026,30,"Dengue virus infections, Dengue",,-
Alaska,2026,30,"Dengue virus infections, Dengue",,-
California,2026,30,"Dengue virus infections, Dengue",,-
Hawaii,2026,30,"Dengue virus infections, Dengue",,-
Oregon,2026,30,"Dengue virus infections, Dengue",,-
Washington,2026,30,"Dengue virus infections, Dengue",,-
U.S. Territories,2026,30,"Dengue virus infections, Dengue",,-
American Samoa,2026,30,"Dengue virus infections, Dengue",,-
Commonwealth of Northern Mariana Islands,2026,30,"Dengue virus infections, Dengue",,-
Guam,2026,30,"Dengue virus infections, Dengue",,-
Puerto Rico,2026,30,"Dengue virus infections, Dengue",,-
U.S. Virgin Islands,2026,30,"Dengue virus infections, Dengue",,-
Non-U.S. Residents,2026,30,"Dengue virus infections, Dengue",,-
Total,2026,30,"Dengue virus infections, Dengue",3,
U.S. Residents,2026,31,"Dengue virus infections, Dengue",2,
New England,2026,31,"Dengue virus infections, Dengue",,-
Connecticut,2026,31,"Dengue virus infections, Dengue",,-
Maine,2026,31,"Dengue virus infections, Dengue",,-
Massachusetts,2026,31,"Dengue virus infections, Dengue",,-
New Hampshire,2026,31,"Dengue virus infections, Dengue",,-
Rhode Island,2026,31,"Dengue virus infections, Dengue",,-
Vermont,2026,31,"Dengue virus infections, Dengue",,-
Middle Atlantic,2026,31,"Dengue virus infections, Dengue",1,
New Jersey,2026,31,"Dengue virus infections, Dengue",,-
New York,2026,31,"Dengue virus infections, Dengue",1,
New York City,2026,31,"Dengue virus infections, Dengue",,-
Pennsylvania,2026,31,"Dengue virus infections, Dengue",,-
East North Central,2026,31,"Dengue virus infections, Dengue",,-
Illinois,2026,31,"Dengue virus infections, Dengue",,-
Indiana,2026,31,"Dengue virus infections, Dengue",,-
Michigan,2026,31,"Dengue virus infections, Dengue",,-
Ohio,2026,31,"Dengue virus infections, Dengue",,-
Wisconsin,2026,31,"Dengue virus infections, Dengue",,-
West North Central,2026,31,"Dengue virus infections, Dengue",1,
Iowa,2026,31,"Dengue virus infections, Dengue",,-
Kansas,2026,31,"Dengue virus infections, Dengue",,-
Minnesota,2026,31,"Dengue virus infections, Dengue",,-
Missouri,2026,31,"Dengue virus infections, Dengue",,-
Nebraska,2026,31,"Dengue virus infections, Dengue",1,
North Dakota,2026,31,"Dengue virus infections, Dengue",,-
South Dakota,2026,31,"Dengue virus infections, Dengue",,-
South Atlantic,2026,31,"Dengue virus infections, Dengue",,-
Delaware,2026,31,"Dengue virus infections, Dengue",,-
District of Columbia,2026,31,"Dengue virus infections, Dengue",,-
Florida,2026,31,"Dengue virus infections, Dengue",,-
Georgia,2026,31,"Dengue virus infections, Dengue",,-
Maryland,2026,31,"Dengue virus infections, Dengue",,-
North Carolina,2026,31,"Dengue virus infections, Dengue",,-
South Carolina,2026,31,"Dengue virus infections, Dengue",,-
Virginia,2026,31,"Dengue virus infections, Dengue",,-
West Virginia,2026,31,"Dengue virus infections, Dengue",,-
East South Central,2026,31,"Dengue virus infections, Dengue",,-
Alabama,2026,31,"Dengue virus infections, Dengue",,-
Kentucky,2026,31,"Dengue virus infections, Dengue",,-
Mississippi,2026,31,"Dengue virus infections, Dengue",,-
Tennessee,2026,31,"Dengue virus infections, Dengue",,-
West South Central,2026,31,"Dengue virus infections, Dengue",,-
Arkansas,2026,31,"Dengue virus infections, Dengue",,-
Louisiana,2026,31,"Dengue virus infections, Dengue",,-
Oklahoma,2026,31,"Dengue virus infections, Dengue",,-
Texas,2026,31,"Dengue virus infections, Dengue",,-
Mountain,2026,31,"Dengue virus infections, Dengue",,-
Arizona,2026,31,"Dengue virus infections, Dengue",,-
Colorado,2026,31,"Dengue virus infections, Dengue",,-
Idaho,2026,31,"Dengue virus infections, Dengue",,-
Montana,2026,31,"Dengue virus infections, Dengue",,-
Nevada,2026,31,"Dengue virus infections, Dengue",,-
New Mexico,2026,31,"Dengue virus infections, Dengue",,-
Utah,2026,31,"Dengue virus infections, Dengue",,-
Wyoming,2026,31,"Dengue virus infections, Dengue",,-
Pacific,2026,31,"Dengue virus infections, Dengue",,-
Alaska,2026,31,"Dengue virus infections, Dengue",,-
California,2026,31,"Dengue virus infections, Dengue",,-
Hawaii,2026,31,"Dengue virus infections, Dengue",,-
Oregon,2026,31,"Dengue virus infections, Dengue",,-
Washington,2026,31,"Dengue virus infections, Dengue",,-
U.S. Territories,2026,31,"Dengue virus infections, Dengue",,-
American Samoa,2026,31,"Dengue virus infections, Dengue",,-
Commonwealth of Northern Mariana Islands,2026,31,"Dengue virus infections, Dengue",,-
Guam,2026,31,"Dengue virus infections, Dengue",,-
Puerto Rico,2026,31,"Dengue virus infections, Dengue",,-
U.S. Virgin Islands,2026,31,"Dengue virus infections, Dengue",,-
Non-U.S. Residents,2026,31,"Dengue virus infections, Dengue",,-
Total,2026,31,"Dengue virus infections, Dengue",2,
U.S. Residents,2026,32,"Dengue virus infections, Dengue",15,
New England,2026,32,"Dengue virus infections, Dengue",,-
Connecticut,2026,32,"Dengue virus infections, Dengue",,-
Maine,2026,32,"Dengue virus infections, Dengue",,-
Massachusetts,2026,32,"Dengue virus infections, Dengue",,-
New Hampshire,2026,32,"Dengue virus infections, Dengue",,-
Rhode Island,2026,32,"Dengue virus infections, Dengue",,-
Vermont,2026,32,"Dengue virus infections, Dengue",,-
Middle Atlantic,2026,32,"Dengue virus infections, Dengue",,-
New Jersey,2026,32,"Dengue virus infections, Dengue",,-
New York,2026,32,"Dengue virus infections, Dengue",,-
New York City,2026,32,"Dengue virus infections, Dengue",,-
Pennsylvania,2026,32,"Dengue virus infections, Dengue",,-
East North Central,2026,32,"Dengue virus infections, Dengue",,-
Illinois,2026,32,"Dengue virus infections, Dengue",,-
Indiana,2026,32,"Dengue virus infections, Dengue",,-
Michigan,2026,32,"Dengue virus infections, Dengue",,-
Ohio,2026,32,"Dengue virus infections, Dengue",,-
Wisconsin,2026,32,"Dengue virus infections, Dengue",,-
West North Central,2026,32,"Dengue virus infections, Dengue",1,
Iowa,2026,32,"Dengue virus infections, Dengue",,-
Kansas,2026,32,"Dengue virus infections, Dengue",,-
Minnesota,2026,32,"Dengue virus infections, Dengue",,-
Missouri,2026,32,"Dengue virus infections, Dengue",,-
Nebraska,2026,32,"Dengue virus infections, Dengue",1,
North Dakota,2026,32,"Dengue virus infections, Dengue",,-
South Dakota,2026,32,"Dengue virus infections, Dengue",,-
South Atlantic,2026,32,"Dengue virus infections, Dengue",13,
Delaware,2026,32,"Dengue virus infections, Dengue",,-
District of Columbia,2026,32,"Dengue virus infections, Dengue",,-
Florida,2026,32,"Dengue virus infections, Dengue",12,
Georgia,2026,32,"Dengue virus infections, Dengue",,-
Maryland,2026,32,"Dengue virus infections, Dengue",,-
North Carolina,2026,32,"Dengue virus infections, Dengue",,-
South Carolina,2026,32,"Dengue virus infections, Dengue",,-
Virginia,2026,32,"Dengue virus infections, Dengue",1,
West Virginia,2026,32,"Dengue virus infections, Dengue",,-
East South Central,2026,32,"Dengue virus infections, Dengue",,-
Alabama,2026,32,"Dengue virus infections, Dengue",,-
Kentucky,2026,32,"Dengue virus infections, Dengue",,-
Mississippi,2026,32,"Dengue virus infections, Dengue",,-
Tennessee,2026,32,"Dengue virus infections, Dengue",,-
West South Central,2026,32,"Dengue virus infections, Dengue",1,
Arkansas,2026,32,"Dengue virus infections, Dengue",,-
Louisiana,2026,32,"Dengue virus infections, Dengue",,-
Oklahoma,2026,32,"Dengue virus infections, Dengue",,-
Texas,2026,32,"Dengue virus infections, Dengue",1,
Mountain,2026,32,"Dengue virus infections, Dengue",,-
Arizona,2026,32,"Dengue virus infections, Dengue",,-
Colorado,2026,32,"Dengue virus infections, Dengue",,-
Idaho,2026,32,"Dengue virus infections, Dengue",,-
Montana,2026,32,"Dengue virus infections, Dengue",,-
Nevada,2026,32,"Dengue virus infections, Dengue",,-
New Mexico,2026,32,"Dengue virus infections, Dengue",,-
Utah,2026,32,"Dengue virus infections, Dengue",,-
Wyoming,2026,32,"Dengue virus infections, Dengue",,-
Pacific,2026,32,"Dengue virus infections, Dengue",,-
Alaska,2026,32,"Dengue virus infections, Dengue",,-
California,2026,32,"Dengue virus infections, Dengue",,-
Hawaii,2026,32,"Dengue virus infections, Dengue",,-
Oregon,2026,32,"Dengue virus infections, Dengue",,-
Washington,2026,32,"Dengue virus infections, Dengue",,-
U.S. Territories,2026,32,"Dengue virus infections, Dengue",,-
American Samoa,2026,32,"Dengue virus infections, Dengue",,-
Commonwealth of Northern Mariana Islands,2026,32,"Dengue virus infections, Dengue",,-
Guam,2026,32,"Dengue virus infections, Dengue",,-
Puerto Rico,2026,32,"Dengue virus infections, Dengue",,-
U.S. Virgin Islands,2026,32,"Dengue virus infections, Dengue",,-
Non-U.S. Residents,2026,32,"Dengue virus infections, Dengue",,-
Total,2026,32,"Dengue virus infections, Dengue",15,
U.S. Residents,2026,33,"Dengue virus infections, Dengue",23,
New England,2026,33,"Dengue virus infections, Dengue",,-
Connecticut,2026,33,"Dengue virus infections, Dengue",,-
Maine,2026,33,"Dengue virus infections, Dengue",,-
Massachusetts,2026,33,"Dengue virus infections, Dengue",,-
New Hampshire,2026,33,"Dengue virus infections, Dengue",,-
Rhode Island,2026,33,"Dengue virus infections, Dengue",,-
Vermont,2026,33,"Dengue virus infections, Dengue",,-
Middle Atlantic,2026,33,"Dengue virus infections, Dengue",1,
New Jersey,2026,33,"Dengue virus infections, Dengue",,-
New York,2026,33,"Dengue virus infections, Dengue",1,
New York City,2026,33,"Dengue virus infections, Dengue",,-
Pennsylvania,2026,33,"Dengue virus infections, Dengue",,-
East North Central,2026,33,"Dengue virus infections, Dengue",,-
Illinois,2026,33,"Dengue virus infections, Dengue",,-
Indiana,2026,33,"Dengue virus infections, Dengue",,-
Michigan,2026,33,"Dengue virus infections, Dengue",,-
Ohio,2026,33,"Dengue virus infections, Dengue",,-
Wisconsin,2026,33,"Dengue virus infections, Dengue",,-
West North Central,2026,33,"Dengue virus infections, Dengue",,-
Iowa,2026,33,"Dengue virus infections, Dengue",,-
Kansas,2026,33,"Dengue virus infections, Dengue",,-
Minnesota,2026,33,"Dengue virus infections, Dengue",,-
Missouri,2026,33,"Dengue virus infections, Dengue",,-
Nebraska,2026,33,"Dengue virus infections, Dengue",,-
North Dakota,2026,33,"Dengue virus infections, Dengue",,-
South Dakota,2026,33,"Dengue virus infections, Dengue",,-
South Atlantic,2026,33,"Dengue virus infections, Dengue",22,
Delaware,2026,33,"Dengue virus infections, Dengue",,-
District of Columbia,2026,33,"Dengue virus infections, Dengue",,-
Florida,2026,33,"Dengue virus infections, Dengue",21,
Georgia,2026,33,"Dengue virus infections, Dengue",,-
Maryland,2026,33,"Dengue virus infections, Dengue",1,
North Carolina,2026,33,"Dengue virus infections, Dengue",,-
South Carolina,2026,33,"Dengue virus infections, Dengue",,-
Virginia,2026,33,"Dengue virus infections, Dengue",,-
West Virginia,2026,33,"Dengue virus infections, Dengue",,-
East South Central,2026,33,"Dengue virus infections, Dengue",,-
Alabama,2026,33,"Dengue virus infections, Dengue",,-
Kentucky,2026,33,"Dengue virus infections, Dengue",,-
Mississippi,2026,33,"Dengue virus infections, Dengue",,-
Tennessee,2026,33,"Dengue virus infections, Dengue",,-
West South Central,2026,33,"Dengue virus infections, Dengue",,-
Arkansas,2026,33,"Dengue virus infections, Dengue",,-
Louisiana,2026,33,"Dengue virus infections, Dengue",,-
Oklahoma,2026,33,"Dengue virus infections, Dengue",,-
Texas,2026,33,"Dengue virus infections, Dengue",,-
Mountain,2026,33,"Dengue virus infections, Dengue",,-
Arizona,2026,33,"Dengue virus infections, Dengue",,-
Colorado,2026,33,"Dengue virus infections, Dengue",,-
Idaho,2026,33,"Dengue virus infections, Dengue",,-
Montana,2026,33,"Dengue virus infections, Dengue",,-
Nevada,2026,33,"Dengue virus infections, Dengue",,-
New Mexico,2026,33,"Dengue virus infections, Dengue",,-
Utah,2026,33,"Dengue virus infections, Dengue",,-
Wyoming,2026,33,"Dengue virus infections, Dengue",,-
Pacific,2026,33,"Dengue virus infections, Dengue",,-
Alaska,2026,33,"Dengue virus infections, Dengue",,-
California,2026,33,"Dengue virus infections, Dengue",,-
Hawaii,2026,33,"Dengue virus infections, Dengue",,-
Oregon,2026,33,"Dengue virus infections, Dengue",,-
Washington,2026,33,"Dengue virus infections, Dengue",,-
U.S. Territories,2026,33,"Dengue virus infections, Dengue",,-
American Samoa,2026,33,"Dengue virus infections, Dengue",,-
Commonwealth of Northern Mariana Islands,2026,33,"Dengue virus infections, Dengue",,-
Guam,2026,33,"Dengue virus infections, Dengue",,-
Puerto Rico,2026,33,"Dengue virus infections, Dengue",,-
U.S. Virgin Islands,2026,33,"Dengue virus infections, Dengue",,-
Non-U.S. Residents,2026,33,"Dengue virus infections, Dengue",,-
Total,2026,33,"Dengue virus infections, Dengue",23,
U.S. Residents,2026,34,"Dengue virus infections, Dengue",1,
New England,2026,34,"Dengue virus infections, Dengue",,-
Connecticut,2026,34,"Dengue virus infections, Dengue",,-
Maine,2026,34,"Dengue virus infections, Dengue",,-
Massachusetts,2026,34,"Dengue virus infections, Dengue",,-
New Hampshire,2026,34,"Dengue virus infections, Dengue",,-
Rhode Island,2026,34,"Dengue virus infections, Dengue",,-
Vermont,2026,34,"Dengue virus infections, Dengue",,-
Middle Atlantic,2026,34,"Dengue virus infections, Dengue",,-
New Jersey,2026,34,"Dengue virus infections, Dengue",,-
New York,2026,34,"Dengue virus infections, Dengue",,-
New York City,2026,34,"Dengue virus infections, Dengue",,-
Pennsylvania,2026,34,"Dengue virus infections, Dengue",,-
East North Central,2026,34,"Dengue virus infections, Dengue",,-
Illinois,2026,34,"Dengue virus infections, Dengue",,-
Indiana,2026,34,"Dengue virus infections, Dengue",,-
Michigan,2026,34,"Dengue virus infections, Dengue",,-
Ohio,2026,34,"Dengue virus infections, Dengue",,-
Wisconsin,2026,34,"Dengue virus infections, Dengue",,-
West North Central,2026,34,"Dengue virus infections, Dengue",,-
Iowa,2026,34,"Dengue virus infections, Dengue",,-
Kansas,2026,34,"Dengue virus infections, Dengue",,-
Minnesota,2026,34,"Dengue virus infections, Dengue",,-
Missouri,2026,34,"Dengue virus infections, Dengue",,-
Nebraska,2026,34,"Dengue virus infections, Dengue",,-
North Dakota,2026,34,"Dengue virus infections, Dengue",,-
South Dakota,2026,34,"Dengue virus infections, Dengue",,-
South Atlantic,2026,34,"Dengue virus infections, Dengue",1,
Delaware,2026,34,"Dengue virus infections, Dengue",,-
District of Columbia,2026,34,"Dengue virus infections, Dengue",,-
Florida,2026,34,"Dengue virus infections, Dengue",,-
Georgia,2026,34,"Dengue virus infections, Dengue",,-
Maryland,2026,34,"Dengue virus infections, Dengue",,-
North Carolina,2026,34,"Dengue virus infections, Dengue",,-
South Carolina,2026,34,"Dengue virus infections, Dengue",,-
Virginia,2026,34,"Dengue virus infections, Dengue",1,
West Virginia,2026,34,"Dengue virus infections, Dengue",,-
East South Central,2026,34,"Dengue virus infections, Dengue",,-
Alabama,2026,34,"Dengue virus infections, Dengue",,-
Kentucky,2026,34,"Dengue virus infections, Dengue",,-
Mississippi,2026,34,"Dengue virus infections, Dengue",,-
Tennessee,2026,34,"Dengue virus infections, Dengue",,-
West South Central,2026,34,"Dengue virus infections, Dengue",,-
Arkansas,2026,34,"Dengue virus infections, Dengue",,-
Louisiana,2026,34,"Dengue virus infections, Dengue",,-
Oklahoma,2026,34,"Dengue virus infections, Dengue",,-
Texas,2026,34,"Dengue virus infections, Dengue",,-
Mountain,2026,34,"Dengue virus infections, Dengue",,-
Arizona,2026,34,"Dengue virus infections, Dengue",,-
Colorado,2026,34,"Dengue virus infections, Dengue",,-
Idaho,2026,34,"Dengue virus infections, Dengue",,-
Montana,2026,34,"Dengue virus infections, Dengue",,-
Nevada,2026,34,"Dengue virus infections, Dengue",,-
New Mexico,2026,34,"Dengue virus infections, Dengue",,-
Utah,2026,34,"Dengue virus infections, Dengue",,-
Wyoming,2026,34,"Dengue virus infections, Dengue",,-
Pacific,2026,34,"Dengue virus infections, Dengue",,-
Alaska,2026,34,"Dengue virus infections, Dengue",,-
California,2026,34,"Dengue virus infections, Dengue",,-
Hawaii,2026,34,"Dengue virus infections, Dengue",,-
Oregon,2026,34,"Dengue virus infections, Dengue",,-
Washington,2026,34,"Dengue virus infections, Dengue",,-
U.S. Territories,2026,34,"Dengue virus infections, Dengue",,-
American Samoa,2026,34,"Dengue virus infections, Dengue",,-
Commonwealth of Northern Mariana Islands,2026,34,"Dengue virus infections, Dengue",,-
Guam,2026,34,"Dengue virus infections, Dengue",,-
Puerto Rico,2026,34,"Dengue virus infections, Dengue",,-
U.S. Virgin Islands,2026,34,"Dengue virus infections, Dengue",,-
Non-U.S. Residents,2026,34,"Dengue virus infections, Dengue",,-
Total,2026,34,"Dengue virus infections, Dengue",1,
U.S. Residents,2026,35,"Dengue virus infections, Dengue",,-
New England,2026,35,"Dengue virus infections, Dengue",,-
Connecticut,2026,35,"Dengue virus infections, Dengue",,-
Maine,2026,35,"Dengue virus infections, Dengue",,-
Massachusetts,2026,35,"Dengue virus infections, Dengue",,-
New Hampshire,2026,35,"Dengue virus infections, Dengue",,-
Rhode Island,2026,35,"Dengue virus infections, Dengue",,-
Vermont,2026,35,"Dengue virus infections, Dengue",,-
Middle Atlantic,2026,35,"Dengue virus infections, Dengue",,-
New Jersey,2026,35,"Dengue virus infections, Dengue",,-
New York,2026,35,"Dengue virus infections, Dengue",,-
New York City,2026,35,"Dengue virus infections, Dengue",,-
Pennsylvania,2026,35,"Dengue virus infections, Dengue",,-
East North Central,2026,35,"Dengue virus infections, Dengue",,-
Illinois,2026,35,"Dengue virus infections, Dengue",,-
Indiana,2026,35,"Dengue virus infections, Dengue",,-
Michigan,2026,35,"Dengue virus infections, Dengue",,-
Ohio,2026,35,"Dengue virus infections, Dengue",,-
Wisconsin,2026,35,"Dengue virus infections, Dengue",,-
West North Central,2026,35,"Dengue virus infections, Dengue",,-
Iowa,2026,35,"Dengue virus infections, Dengue",,-
Kansas,2026,35,"Dengue virus infections, Dengue",,-
Minnesota,2026,35,"Dengue virus infections, Dengue",,-
Missouri,2026,35,"Dengue virus infections, Dengue",,-
Nebraska,2026,35,"Dengue virus infections, Dengue",,-
North Dakota,2026,35,"Dengue virus infections, Dengue",,-
South Dakota,2026,35,"Dengue virus infections, Dengue",,-
South Atlantic,2026,35,"Dengue virus infections, Dengue",,-
Delaware,2026,35,"Dengue virus infections, Dengue",,-
District of Columbia,2026,35,"Dengue virus infections, Dengue",,-
Florida,2026,35,"Dengue virus infections, Dengue",,-
Georgia,2026,35,"Dengue virus infections, Dengue",,-
Maryland,2026,35,"Dengue virus infections, Dengue",,-
North Carolina,2026,35,"Dengue virus infections, Dengue",,-
South Carolina,2026,35,"Dengue virus infections, Dengue",,-
Virginia,2026,35,"Dengue virus infections, Dengue",,-
West Virginia,2026,35,"Dengue virus infections, Dengue",,-
East South Central,2026,35,"Dengue virus infections, Dengue",,-
Alabama,2026,35,"Dengue virus infections, Dengue",,-
Kentucky,2026,35,"Dengue virus infections, Dengue",,-
Mississippi,2026,35,"Dengue virus infections, Dengue",,-
Tennessee,2026,35,"Dengue virus infections, Dengue",,-
West South Central,2026,35,"Dengue virus infections, Dengue",,-
Arkansas,2026,35,"Dengue virus infections, Dengue",,-
Louisiana,2026,35,"Dengue virus infections, Dengue",,-
Oklahoma,2026,35,"Dengue virus infections, Dengue",,-
Texas,2026,35,"Dengue virus infections, Dengue",,-
Mountain,2026,35,"Dengue virus infections, Dengue",,-
Arizona,2026,35,"Dengue virus infections, Dengue",,-
Colorado,2026,35,"Dengue virus infections, Dengue",,-
Idaho,2026,35,"Dengue virus infections, Dengue",,-
Montana,2026,35,"Dengue virus infections, Dengue",,-
Nevada,2026,35,"Dengue virus infections, Dengue",,-
New Mexico,2026,35,"Dengue virus infections, Dengue",,-
Utah,2026,35,"Dengue virus infections, Dengue",,-
Wyoming,2026,35,"Dengue virus infections, Dengue",,-
Pacific,2026,35,"Dengue virus infections, Dengue",,-
Alaska,2026,35,"Dengue virus infections, Dengue",,-
California,2026,35,"Dengue virus infections, Dengue",,-
Hawaii,2026,35,"Dengue virus infections, Dengue",,-
Oregon,2026,35,"Dengue virus infections, Dengue",,-
Washington,2026,35,"Dengue virus infections, Dengue",,-
U.S. Territories,2026,35,"Dengue virus infections, Dengue",,-
American Samoa,2026,35,"Dengue virus infections, Dengue",,-
Commonwealth of Northern Mariana Islands,2026,35,"Dengue virus infections, Dengue",,-
Guam,2026,35,"Dengue virus infections, Dengue",,-
Puerto Rico,2026,35,"Dengue virus infections, Dengue",,-
U.S. Virgin Islands,2026,35,"Dengue virus infections, Dengue",,-
Non-U.S. Residents,2026,35,"Dengue virus infections, Dengue",,-
Total,2026,35,"Dengue virus infections, Dengue",,-
U.S. Residents,2026,36,"Dengue virus infections, Dengue",,-
New England,2026,36,"Dengue virus infections, Dengue",,-
Connecticut,2026,36,"Dengue virus infections, Dengue",,-
Maine,2026,36,"Dengue virus infections, Dengue",,-
Massachusetts,2026,36,"Dengue virus infections, Dengue",,-
New Hampshire,2026,36,"Dengue virus infections, Dengue",,-
Rhode Island,2026,36,"Dengue virus infections, Dengue",,-
Vermont,2026,36,"Dengue virus infections, Dengue",,-
Middle Atlantic,2026,36,"Dengue virus infections, Dengue",,-
New Jersey,2026,36,"Dengue virus infections, Dengue",,-
New York,2026,36,"Dengue virus infections, Dengue",,-
New York City,2026,36,"Dengue virus infections, Dengue",,-
Pennsylvania,2026,36,"Dengue virus infections, Dengue",,-
East North Central,2026,36,"Dengue virus infections, Dengue",,-
Illinois,2026,36,"Dengue virus infections, Dengue",,-
Indiana,2026,36,"Dengue virus infections, Dengue",,-
Michigan,2026,36,"Dengue virus infections, Dengue",,-
Ohio,2026,36,"Dengue virus infections, Dengue",,-
Wisconsin,2026,36,"Dengue virus infections, Dengue",,-
West North Central,2026,36,"Dengue virus infections, Dengue",,-
Iowa,2026,36,"Dengue virus infections, Dengue",,-
Kansas,2026,36,"Dengue virus infections, Dengue",,-
Minnesota,2026,36,"Dengue virus infections, Dengue",,-
Missouri,2026,36,"Dengue virus infections, Dengue",,-
Nebraska,2026,36,"Dengue virus infections, Dengue",,-
North Dakota,2026,36,"Dengue virus infections, Dengue",,-
South Dakota,2026,36,"Dengue virus infections, Dengue",,-
South Atlantic,2026,36,"Dengue virus infections, Dengue",,-
Delaware,2026,36,"Dengue virus infections, Dengue",,-
District of Columbia,2026,36,"Dengue virus infections, Dengue",,-
Florida,2026,36,"Dengue virus infections, Dengue",,-
Georgia,2026,36,"Dengue virus infections, Dengue",,-
Maryland,2026,36,"Dengue virus infections, Dengue",,-
North Carolina,2026,36,"Dengue virus infections, Dengue",,-
South Carolina,2026,36,"Dengue virus infections, Dengue",,-
Virginia,2026,36,"Dengue virus infections, Dengue",,-
West Virginia,2026,36,"Dengue virus infections, Dengue",,-
East South Central,2026,36,"Dengue virus infections, Dengue",,-
Alabama,2026,36,"Dengue virus infections, Dengue",,-
Kentucky,2026,36,"Dengue virus infections, Dengue",,-
Mississippi,2026,36,"Dengue virus infections, Dengue",,-
Tennessee,2026,36,"Dengue virus infections, Dengue",,-
West South Central,2026,36,"Dengue virus infections, Dengue",,-
Arkansas,2026,36,"Dengue virus infections, Dengue",,-
Louisiana,2026,36,"Dengue virus infections, Dengue",,-
Oklahoma,2026,36,"Dengue virus infections, Dengue",,-
Texas,2026,36,"Dengue virus infections, Dengue",,-
Mountain,2026,36,"Dengue virus infections, Dengue",,-
Arizona,2026,36,"Dengue virus infections, Dengue",,-
Colorado,2026,36,"Dengue virus infections, Dengue",,-
Idaho,2026,36,"Dengue virus infections, Dengue",,-
Montana,2026,36,"Dengue virus infections, Dengue",,-
Nevada,2026,36,"Dengue virus infections, Dengue",,-
New Mexico,2026,36,"Dengue virus infections, Dengue",,-
Utah,2026,36,"Dengue virus infections, Dengue",,-
Wyoming,2026,36,"Dengue virus infections, Dengue",,-
Pacific,2026,36,"Dengue virus infections, Dengue",,-
Alaska,2026,36,"Dengue virus infections, Dengue",,-
California,2026,36,"Dengue virus infections, Dengue",,-
Hawaii,2026,36,"Dengue virus infections, Dengue",,-
Oregon,2026,36,"Dengue virus infections, Dengue",,-
Washington,2026,36,"Dengue virus infections, Dengue",,-
U.S. Territories,2026,36,"Dengue virus infections, Dengue",,-
American Samoa,2026,36,"Dengue virus infections, Dengue",,-
Commonwealth of Northern Mariana Islands,2026,36,"Dengue virus infections, Dengue",,-
Guam,2026,36,"Dengue virus infections, Dengue",,-
Puerto Rico,2026,36,"Dengue virus infections, Dengue",,-
U.S. Virgin Islands,2026,36,"Dengue virus infections, Dengue",,-
Non-U.S. Residents,2026,36,"Dengue virus infections, Dengue",,-
Total,2026,36,"Dengue virus infections, Dengue",,-
U.S. Residents,2026,37,"Dengue virus infections, Dengue",3,
New England,2026,37,"Dengue virus infections, Dengue",,-
Connecticut,2026,37,"Dengue virus infections, Dengue",,-
Maine,2026,37,"Dengue virus infections, Dengue",,-
Massachusetts,2026,37,"Dengue virus infections, Dengue",,-
New Hampshire,2026,37,"Dengue virus infections, Dengue",,-
Rhode Island,2026,37,"Dengue virus infections, Dengue",,-
Vermont,2026,37,"Dengue virus infections, Dengue",,-
Middle Atlantic,2026,37,"Dengue virus infections, Dengue",,-
New Jersey,2026,37,"Dengue virus infections, Dengue",,-
New York,2026,37,"Dengue virus infections, Dengue",,-
New York City,2026,37,"Dengue virus infections, Dengue",,-
Pennsylvania,2026,37,"Dengue virus infections, Dengue",,-
East North Central,2026,37,"Dengue virus infections, Dengue",,-
Illinois,2026,37,"Dengue virus infections, Dengue",,-
Indiana,2026,37,"Dengue virus infections, Dengue",,-
Michigan,2026,37,"Dengue virus infections, Dengue",,-
Ohio,2026,37,"Dengue virus infections, Dengue",,-
Wisconsin,2026,37,"Dengue virus infections, Dengue",,-
West North Central,2026,37,"Dengue virus infections, Dengue",,-
Iowa,2026,37,"Dengue virus infections, Dengue",,-
Kansas,2026,37,"Dengue virus infections, Dengue",,-
Minnesota,2026,37,"Dengue virus infections, Dengue",,-
Missouri,2026,37,"Dengue virus infections, Dengue",,-
Nebraska,2026,37,"Dengue virus infections, Dengue",,-
North Dakota,2026,37,"Dengue virus infections, Dengue",,-
South Dakota,2026,37,"Dengue virus infections, Dengue",,-
South Atlantic,2026,37,"Dengue virus infections, Dengue",1,
Delaware,2026,37,"Dengue virus infections, Dengue",,-
District of Columbia,2026,37,"Dengue virus infections, Dengue",,-
Florida,2026,37,"Dengue virus infections, Dengue",1,
Georgia,2026,37,"Dengue virus infections, Dengue",,-
Maryland,2026,37,"Dengue virus infections, Dengue",,-
North Carolina,2026,37,"Dengue virus infections, Dengue",,-
South Carolina,2026,37,"Dengue virus infections, Dengue",,-
Virginia,2026,37,"Dengue virus infections, Dengue",,-
West Virginia,2026,37,"Dengue virus infections, Dengue",,-
East South Central,2026,37,"Dengue virus infections, Dengue",,-
Alabama,2026,37,"Dengue virus infections, Dengue",,-
Kentucky,2026,37,"Dengue virus infections, Dengue",,-
Mississippi,2026,37,"Dengue virus infections, Dengue",,-
Tennessee,2026,37,"Dengue virus infections, Dengue",,-
West South Central,2026,37,"Dengue virus infections, Dengue",,-
Arkansas,2026,37,"Dengue virus infections, Dengue",,-
Louisiana,2026,37,"Dengue virus infections, Dengue",,-
Oklahoma,2026,37,"Dengue virus infections, Dengue",,-
Texas,2026,37,"Dengue virus infections, Dengue",,-
Mountain,2026,37,"Dengue virus infections, Dengue",2,
Arizona,2026,37,"Dengue virus infections, Dengue",2,
Colorado,2026,37,"Dengue virus infections, Dengue",,-
Idaho,2026,37,"Dengue virus infections, Dengue",,-
Montana,2026,37,"Dengue virus infections, Dengue",,-
Nevada,2026,37,"Dengue virus infections, Dengue",,-
New Mexico,2026,37,"Dengue virus infections, Dengue",,-
Utah,2026,37,"Dengue virus infections, Dengue",,-
Wyoming,2026,37,"Dengue virus infections, Dengue",,-
Pacific,2026,37,"Dengue virus infections, Dengue",,-
Alaska,2026,37,"Dengue virus infections, Dengue",,-
California,2026,37,"Dengue virus infections, Dengue",,-
Hawaii,2026,37,"Dengue virus infections, Dengue",,-
Oregon,2026,37,"Dengue virus infections, Dengue",,-
Washington,2026,37,"Dengue virus infections, Dengue",,-
U.S. Territories,2026,37,"Dengue virus infections, Dengue",,-
American Samoa,2026,37,"Dengue virus infections, Dengue",,-
Commonwealth of Northern Mariana Islands,2026,37,"Dengue virus infections, Dengue",,-
Guam,2026,37,"Dengue virus infections, Dengue",,-
Puerto Rico,2026,37,"Dengue virus infections, Dengue",,-
U.S. Virgin Islands,2026,37,"Dengue virus infections, Dengue",,-
Non-U.S. Residents,2026,37,"Dengue virus infections, Dengue",,-
Total,2026,37,"Dengue virus infections, Dengue",3,
